Match,Batting_Team,Bowling_Team,Venue,Innings,Date,Over 1,Over 2,Over 3,Over 4,Over 5,Over 6,Over 7,Over 8,Over 9,Over 10,Over 11,Over 12,Over 13,Over 14,Over 15,Over 16,Over 17,Over 18,Over 19,Over 20,Over 21,Over 22,Over 23,Over 24,Over 25,Over 26,Over 27,Over 28,Over 29,Over 30,Over 31,Over 32,Over 33,Over 34,Over 35,Over 36,Over 37,Over 38,Over 39,Over 40,Over 41,Over 42,Over 43,Over 44,Over 45,Over 46,Over 47,Over 48,Over 49,Over 50
Match 1,Australia,New Zealand,Sydney Cricket Ground,1,2020-03-13,"=""3/0""","=""9/0""","=""14/0""","=""23/0""","=""25/0""","=""26/0""","=""29/0""","=""34/0""","=""36/0""","=""51/0""","=""52/0""","=""57/0""","=""61/0""","=""64/0""","=""73/0""","=""79/0""","=""87/0""","=""91/0""","=""100/0""","=""107/0""","=""111/0""","=""114/0""","=""119/0""","=""124/0""","=""127/1""","=""132/1""","=""141/1""","=""143/1""","=""145/2""","=""146/2""","=""148/3""","=""152/3""","=""153/3""","=""160/3""","=""167/4""","=""178/4""","=""181/4""","=""184/4""","=""191/4""","=""194/4""","=""199/4""","=""203/4""","=""209/4""","=""214/4""","=""221/4""","=""226/6""","=""230/6""","=""239/6""","=""248/6""","=""258/7"""
Match 2,New Zealand,Australia,Sydney Cricket Ground,2,2020-03-13,"=""1/0""","=""4/0""","=""9/0""","=""14/0""","=""17/0""","=""18/0""","=""21/0""","=""25/0""","=""27/0""","=""28/1""","=""28/1""","=""34/1""","=""35/1""","=""36/1""","=""43/1""","=""46/1""","=""50/1""","=""57/1""","=""62/1""","=""67/2""","=""70/3""","=""78/3""","=""83/4""","=""91/4""","=""96/5""","=""100/5""","=""100/5""","=""108/5""","=""115/5""","=""125/5""","=""133/5""","=""147/5""","=""148/6""","=""151/6""","=""158/6""","=""162/7""","=""167/7""","=""171/8""","=""173/8""","=""180/9""","=""187/10""",N/A,N/A,N/A,N/A,N/A,N/A,N/A,N/A,N/A
Match 3,England,South Africa,"Newlands, Cape Town",1,2020-02-04,"=""1/0""","=""6/0""","=""19/0""","=""25/0""","=""27/0""","=""34/0""","=""41/0""","=""42/0""","=""51/0""","=""52/1""","=""56/2""","=""61/2""","=""66/2""","=""74/2""","=""82/2""","=""83/4""","=""84/4""","=""89/4""","=""94/4""","=""100/4""","=""106/4""","=""108/5""","=""111/5""","=""115/5""","=""118/5""","=""121/5""","=""127/5""","=""131/6""","=""135/6""","=""137/6""","=""138/6""","=""140/6""","=""149/6""","=""151/6""","=""154/6""","=""162/6""","=""173/6""","=""176/6""","=""186/6""","=""191/6""","=""197/6""","=""205/6""","=""214/6""","=""221/6""","=""226/7""","=""231/7""","=""239/7""","=""243/7""","=""253/7""","=""258/8"""
Match 4,South Africa,England,"Newlands, Cape Town",2,2020-02-04,"=""1/0""","=""8/0""","=""11/0""","=""16/0""","=""19/0""","=""24/0""","=""25/1""","=""30/1""","=""35/1""","=""41/1""","=""46/1""","=""52/1""","=""56/1""","=""64/1""","=""69/1""","=""76/1""","=""86/1""","=""88/1""","=""96/1""","=""100/1""","=""104/1""","=""114/1""","=""121/1""","=""125/1""","=""133/1""","=""143/1""","=""147/1""","=""155/1""","=""162/1""","=""165/1""","=""172/1""","=""177/1""","=""185/1""","=""194/1""","=""198/1""","=""202/2""","=""206/2""","=""208/2""","=""214/2""","=""218/2""","=""225/2""","=""233/2""","=""234/3""","=""237/3""","=""240/3""","=""245/3""","=""254/3""","=""259/3""",N/A,N/A
Match 5,South Africa,England,Kingsmead,1,2020-02-07,"=""6/0""","=""11/0""","=""14/0""","=""25/0""","=""29/0""","=""33/1""","=""42/1""","=""48/1""","=""54/1""","=""61/1""","=""70/1""","=""71/2""",N/A,N/A,N/A,N/A,N/A,N/A,N/A,N/A,N/A,N/A,N/A,N/A,N/A,N/A,N/A,N/A,N/A,N/A,N/A,N/A,N/A,N/A,N/A,N/A,N/A,N/A,N/A,N/A,N/A,N/A,N/A,N/A,N/A,N/A,N/A,N/A,N/A,N/A
Match 6,South Africa,England,The Wanderers Stadium,1,2020-02-09,"=""0/0""","=""4/0""","=""8/0""","=""10/0""","=""16/0""","=""16/0""","=""18/0""","=""23/1""","=""30/1""","=""36/1""","=""39/1""","=""48/1""","=""51/1""","=""59/1""","=""60/1""","=""68/1""","=""76/1""","=""80/1""","=""85/1""","=""88/1""","=""90/2""","=""94/3""","=""99/3""","=""103/3""","=""107/3""","=""115/3""","=""119/3""","=""123/3""","=""134/3""","=""139/3""","=""141/4""","=""143/4""","=""151/4""","=""153/4""","=""155/5""","=""161/5""","=""167/5""","=""170/5""","=""175/5""","=""178/5""","=""185/5""","=""187/5""","=""190/6""","=""199/6""","=""208/7""","=""220/7""","=""224/7""","=""238/7""","=""242/7""","=""256/7"""
Match 7,England,South Africa,The Wanderers Stadium,2,2020-02-09,"=""8/0""","=""16/0""","=""37/0""","=""42/0""","=""43/0""","=""61/0""","=""63/1""","=""69/2""","=""76/2""","=""77/2""","=""86/2""","=""88/3""","=""91/3""","=""98/3""","=""103/3""","=""110/3""","=""113/3""","=""122/3""","=""127/3""","=""128/3""","=""137/3""","=""140/3""","=""154/3""","=""162/3""","=""162/3""","=""167/4""","=""173/4""","=""182/4""","=""187/4""","=""189/4""","=""195/4""","=""201/4""","=""205/4""","=""206/4""","=""209/4""","=""228/4""","=""232/5""","=""241/6""","=""241/7""","=""244/7""","=""251/7""","=""252/7""","=""252/8""","=""257/8""",N/A,N/A,N/A,N/A,N/A,N/A
Match 8,South Africa,Australia,Boland Park,1,2020-02-29,"=""3/1""","=""12/1""","=""20/1""","=""23/1""","=""30/1""","=""33/1""","=""36/2""","=""44/2""","=""48/2""","=""50/3""","=""55/3""","=""56/3""","=""60/3""","=""65/3""","=""69/3""","=""72/3""","=""73/3""","=""86/3""","=""90/3""","=""97/3""","=""101/3""","=""105/3""","=""107/3""","=""119/3""","=""120/3""","=""124/3""","=""126/4""","=""129/4""","=""139/4""","=""145/4""","=""150/4""","=""154/4""","=""159/4""","=""165/4""","=""169/4""","=""175/4""","=""185/4""","=""194/4""","=""199/4""","=""209/4""","=""216/4""","=""223/4""","=""230/4""","=""239/4""","=""246/4""","=""253/4""","=""262/4""","=""271/4""","=""281/6""","=""291/7"""
Match 9,Australia,South Africa,Boland Park,2,2020-02-29,"=""1/0""","=""6/0""","=""15/0""","=""21/0""","=""28/1""","=""34/1""","=""38/1""","=""46/1""","=""49/2""","=""58/2""","=""61/2""","=""66/2""","=""71/2""","=""75/2""","=""79/2""","=""83/2""","=""87/2""","=""92/2""","=""96/2""","=""102/2""","=""107/2""","=""111/2""","=""115/2""","=""117/2""","=""125/2""","=""129/2""","=""134/3""","=""142/3""","=""146/3""","=""150/3""","=""155/3""","=""162/3""","=""169/3""","=""174/4""","=""177/5""","=""179/5""","=""187/5""","=""190/5""","=""194/5""","=""197/6""","=""200/6""","=""203/6""","=""207/7""","=""211/8""","=""217/9""","=""217/10""",N/A,N/A,N/A,N/A
Match 10,Australia,South Africa,"Mangaung Oval, Bloemfontein",1,2020-03-04,"=""5/0""","=""12/0""","=""19/0""","=""27/0""","=""37/0""","=""49/0""","=""55/1""","=""59/1""","=""64/1""","=""73/1""","=""76/1""","=""79/1""","=""83/3""","=""86/3""","=""89/3""","=""95/3""","=""98/3""","=""103/3""","=""114/3""","=""116/3""","=""119/3""","=""124/3""","=""136/3""","=""140/3""","=""142/3""","=""149/3""","=""152/3""","=""157/3""","=""160/4""","=""164/4""","=""166/4""","=""169/4""","=""176/4""","=""181/4""","=""187/4""","=""195/4""","=""202/4""","=""210/4""","=""217/4""","=""222/4""","=""224/4""","=""227/5""","=""229/5""","=""238/5""","=""242/6""","=""249/6""","=""257/7""","=""262/7""","=""266/9""","=""271/10"""
Match 11,South Africa,Australia,"Mangaung Oval, Bloemfontein",2,2020-03-04,"=""2/1""","=""8/1""","=""10/1""","=""10/1""","=""11/1""","=""15/1""","=""24/1""","=""32/1""","=""37/1""","=""42/1""","=""45/1""","=""50/1""","=""52/1""","=""57/1""","=""59/1""","=""65/1""","=""70/1""","=""72/1""","=""83/1""","=""90/1""","=""92/2""","=""95/2""","=""99/2""","=""103/3""","=""109/3""","=""113/3""","=""120/3""","=""127/3""","=""129/3""","=""139/3""","=""143/3""","=""146/3""","=""154/3""","=""157/3""","=""164/3""","=""168/3""","=""174/3""","=""182/3""","=""186/4""","=""196/4""","=""205/4""","=""211/4""","=""216/4""","=""227/4""","=""236/4""","=""243/4""","=""256/4""","=""269/4""","=""274/4""",N/A
Match 12,Australia,South Africa,"Senwes Park, Potchefstroom",1,2020-03-07,"=""1/0""","=""2/0""","=""7/0""","=""11/0""","=""13/1""","=""14/1""","=""21/1""","=""26/1""","=""28/1""","=""38/1""","=""43/1""","=""44/2""","=""46/2""","=""53/2""","=""55/3""","=""59/3""","=""60/3""","=""68/3""","=""71/3""","=""77/3""","=""80/3""","=""88/3""","=""91/3""","=""96/3""","=""98/3""","=""104/3""","=""111/3""","=""115/3""","=""125/3""","=""128/3""","=""136/3""","=""141/4""","=""143/4""","=""148/4""","=""151/4""","=""155/4""","=""159/4""","=""167/4""","=""175/4""","=""180/4""","=""185/4""","=""189/4""","=""189/6""","=""193/6""","=""201/6""","=""212/6""","=""227/6""","=""239/6""","=""247/6""","=""254/7"""
Match 13,South Africa,Australia,"Senwes Park, Potchefstroom",2,2020-03-07,"=""6/0""","=""9/0""","=""17/0""","=""25/0""","=""25/0""","=""25/0""","=""31/0""","=""47/0""","=""51/1""","=""54/1""","=""56/2""","=""61/2""","=""65/2""","=""70/2""","=""72/2""","=""79/2""","=""93/2""","=""97/2""","=""98/2""","=""105/2""","=""109/2""","=""116/2""","=""118/2""","=""121/2""","=""134/2""","=""145/2""","=""149/2""","=""150/3""","=""155/3""","=""160/3""","=""161/3""","=""172/3""","=""173/3""","=""179/3""","=""188/3""","=""197/3""","=""208/3""","=""213/3""","=""216/3""","=""222/3""","=""224/3""","=""229/3""","=""232/4""","=""237/4""","=""244/4""","=""258/4""",N/A,N/A,N/A,N/A
Match 14,India,Australia,Wankhede Stadium,1,2020-01-14,"=""8/0""","=""11/0""","=""13/0""","=""13/0""","=""17/1""","=""19/1""","=""21/1""","=""30/1""","=""38/1""","=""45/1""","=""47/1""","=""55/1""","=""59/1""","=""66/1""","=""72/1""","=""80/1""","=""86/1""","=""90/1""","=""93/1""","=""100/1""","=""105/1""","=""109/1""","=""111/1""","=""117/1""","=""126/1""","=""129/1""","=""134/1""","=""137/2""","=""141/3""","=""147/3""","=""150/3""","=""161/4""","=""164/5""","=""166/5""","=""169/5""","=""177/5""","=""183/5""","=""183/5""","=""186/5""","=""195/5""","=""200/5""","=""213/5""","=""216/6""","=""227/7""","=""230/8""","=""233/8""","=""240/8""","=""243/8""","=""255/9""","=""255/10"""
Match 15,Australia,India,Wankhede Stadium,2,2020-01-14,"=""5/0""","=""8/0""","=""14/0""","=""25/0""","=""33/0""","=""37/0""","=""46/0""","=""61/0""","=""71/0""","=""84/0""","=""87/0""","=""94/0""","=""100/0""","=""109/0""","=""110/0""","=""115/0""","=""118/0""","=""125/0""","=""133/0""","=""140/0""","=""143/0""","=""146/0""","=""156/0""","=""166/0""","=""172/0""","=""176/0""","=""179/0""","=""187/0""","=""189/0""","=""197/0""","=""205/0""","=""215/0""","=""226/0""","=""229/0""","=""236/0""","=""244/0""","=""249/0""","=""258/0""",N/A,N/A,N/A,N/A,N/A,N/A,N/A,N/A,N/A,N/A,N/A,N/A
Match 16,India,Australia,Saurashtra Cricket Association Stadium,1,2020-01-17,"=""0/0""","=""5/0""","=""14/0""","=""20/0""","=""23/0""","=""32/0""","=""39/0""","=""45/0""","=""52/0""","=""55/0""","=""64/0""","=""68/0""","=""76/0""","=""82/1""","=""87/1""","=""93/1""","=""99/1""","=""107/1""","=""116/1""","=""120/1""","=""123/1""","=""131/1""","=""136/1""","=""141/1""","=""151/1""","=""159/1""","=""171/1""","=""177/1""","=""184/2""","=""187/2""","=""194/2""","=""197/2""","=""199/3""","=""211/3""","=""216/3""","=""225/3""","=""231/3""","=""234/3""","=""241/3""","=""249/3""","=""257/3""","=""270/3""","=""276/3""","=""280/4""","=""287/5""","=""302/5""","=""310/5""","=""321/5""","=""335/5""","=""340/6"""
Match 17,Australia,India,Saurashtra Cricket Association Stadium,2,2020-01-17,"=""1/0""","=""10/0""","=""16/0""","=""23/1""","=""23/1""","=""30/1""","=""30/1""","=""33/1""","=""43/1""","=""55/1""","=""60/1""","=""63/1""","=""66/1""","=""74/1""","=""82/1""","=""86/2""","=""95/2""","=""104/2""","=""112/2""","=""121/2""","=""127/2""","=""132/2""","=""138/2""","=""144/2""","=""150/2""","=""151/2""","=""156/2""","=""163/2""","=""168/2""","=""171/2""","=""178/3""","=""182/3""","=""186/3""","=""199/3""","=""209/3""","=""212/3""","=""219/3""","=""221/5""","=""228/5""","=""235/5""","=""241/5""","=""247/5""","=""259/5""","=""263/7""","=""268/7""","=""274/7""","=""279/9""","=""285/9""","=""304/9""","=""304/10"""
Match 18,Australia,India,"M Chinnaswamy Stadium, Bengaluru",1,2020-01-19,"=""3/0""","=""10/0""","=""18/0""","=""26/1""","=""27/1""","=""28/1""","=""39/1""","=""41/1""","=""50/2""","=""56/2""","=""61/2""","=""69/2""","=""78/2""","=""80/2""","=""83/2""","=""85/2""","=""96/2""","=""100/2""","=""104/2""","=""111/2""","=""114/2""","=""117/2""","=""126/2""","=""134/2""","=""140/2""","=""144/2""","=""151/2""","=""155/2""","=""158/2""","=""165/2""","=""173/2""","=""173/4""","=""176/4""","=""181/4""","=""183/4""","=""190/4""","=""200/4""","=""210/4""","=""217/4""","=""223/4""","=""228/4""","=""233/5""","=""234/5""","=""238/6""","=""245/6""","=""261/6""","=""273/6""","=""276/8""","=""281/8""","=""286/9"""
Match 19,India,Australia,"M Chinnaswamy Stadium, Bengaluru",2,2020-01-19,"=""5/0""","=""10/0""","=""20/0""","=""31/0""","=""38/0""","=""39/0""","=""47/0""","=""48/0""","=""61/0""","=""61/0""","=""64/0""","=""67/0""","=""71/1""","=""77/1""","=""80/1""","=""84/1""","=""88/1""","=""90/1""","=""92/1""","=""96/1""","=""107/1""","=""112/1""","=""118/1""","=""122/1""","=""128/1""","=""135/1""","=""138/1""","=""147/1""","=""151/1""","=""156/1""","=""161/1""","=""175/1""","=""179/1""","=""188/1""","=""192/1""","=""205/1""","=""207/2""","=""212/2""","=""219/2""","=""224/2""","=""227/2""","=""235/2""","=""246/2""","=""254/2""","=""268/2""","=""274/3""","=""280/3""","=""289/3""",N/A,N/A
Match 20,India,New Zealand,"Seddon Park, Hamilton",1,2020-02-05,"=""0/0""","=""6/0""","=""11/0""","=""21/0""","=""26/0""","=""37/0""","=""47/0""","=""50/1""","=""54/2""","=""55/2""","=""60/2""","=""61/2""","=""62/2""","=""70/2""","=""79/2""","=""83/2""","=""90/2""","=""93/2""","=""99/2""","=""107/2""","=""113/2""","=""115/2""","=""123/2""","=""130/2""","=""134/2""","=""139/2""","=""149/2""","=""153/2""","=""156/3""","=""162/3""","=""167/3""","=""172/3""","=""177/3""","=""185/3""","=""199/3""","=""207/3""","=""220/3""","=""234/3""","=""236/3""","=""251/3""","=""261/3""","=""271/3""","=""277/3""","=""285/3""","=""291/3""","=""298/4""","=""306/4""","=""326/4""","=""340/4""","=""347/4"""
Match 21,New Zealand,India,"Seddon Park, Hamilton",2,2020-02-05,"=""7/0""","=""11/0""","=""12/0""","=""23/0""","=""27/0""","=""33/0""","=""43/0""","=""44/0""","=""45/0""","=""54/0""","=""59/0""","=""63/0""","=""66/0""","=""71/0""","=""83/0""","=""86/1""","=""91/1""","=""104/1""","=""109/1""","=""110/2""","=""115/2""","=""122/2""","=""125/2""","=""140/2""","=""147/2""","=""156/2""","=""161/2""","=""164/2""","=""171/3""","=""175/3""","=""178/3""","=""189/3""","=""196/3""","=""210/3""","=""222/3""","=""235/3""","=""250/3""","=""261/3""","=""270/3""","=""292/3""","=""307/3""","=""311/4""","=""319/4""","=""323/4""","=""327/4""","=""331/6""","=""334/6""","=""347/6""","=""348/6""",N/A
Match 22,New Zealand,India,"Eden Park, Auckland",1,2020-02-08,"=""1/0""","=""3/0""","=""4/0""","=""7/0""","=""17/0""","=""26/0""","=""28/0""","=""43/0""","=""47/0""","=""52/0""","=""56/0""","=""64/0""","=""70/0""","=""74/0""","=""83/0""","=""85/0""","=""94/1""","=""96/1""","=""104/1""","=""108/1""","=""118/1""","=""123/1""","=""125/1""","=""128/1""","=""133/1""","=""137/1""","=""143/2""","=""150/2""","=""157/2""","=""159/3""","=""163/3""","=""167/3""","=""171/3""","=""174/4""","=""176/5""","=""180/5""","=""185/6""","=""187/7""","=""191/7""","=""195/7""","=""196/7""","=""202/8""","=""206/8""","=""213/8""","=""220/8""","=""225/8""","=""242/8""","=""250/8""","=""259/8""","=""273/8"""
Match 23,India,New Zealand,"Eden Park, Auckland",2,2020-02-08,"=""12/0""","=""17/0""","=""28/1""","=""33/1""","=""34/2""","=""43/2""","=""43/2""","=""47/2""","=""55/2""","=""59/3""","=""63/3""","=""69/3""","=""71/3""","=""71/4""","=""75/4""","=""76/4""","=""78/4""","=""83/4""","=""86/4""","=""96/4""","=""96/5""","=""101/5""","=""102/5""","=""104/5""","=""108/5""","=""111/5""","=""125/5""","=""131/6""","=""136/6""","=""143/6""","=""153/6""","=""157/7""","=""159/7""","=""162/7""","=""167/7""","=""171/7""","=""172/7""","=""179/7""","=""182/7""","=""189/7""","=""197/7""","=""204/7""","=""206/7""","=""222/7""","=""229/8""","=""234/8""","=""246/8""","=""251/9""","=""251/10""",N/A
Match 24,India,New Zealand,"Bay Oval, Mount Maunganui",1,2020-02-11,"=""5/0""","=""8/1""","=""9/1""","=""15/1""","=""25/1""","=""29/1""","=""32/2""","=""35/2""","=""51/2""","=""56/2""","=""56/2""","=""61/2""","=""68/3""","=""74/3""","=""77/3""","=""83/3""","=""85/3""","=""93/3""","=""95/3""","=""100/3""","=""104/3""","=""112/3""","=""119/3""","=""123/3""","=""127/3""","=""138/3""","=""146/3""","=""148/3""","=""150/3""","=""161/3""","=""165/4""","=""171/4""","=""175/4""","=""180/4""","=""188/4""","=""192/4""","=""203/4""","=""210/4""","=""213/4""","=""217/4""","=""222/4""","=""233/4""","=""242/4""","=""247/4""","=""254/4""","=""261/4""","=""269/6""","=""280/6""","=""284/7""","=""296/7"""
Match 25,New Zealand,India,"Bay Oval, Mount Maunganui",2,2020-02-11,"=""7/0""","=""17/0""","=""20/0""","=""23/0""","=""25/0""","=""40/0""","=""50/0""","=""57/0""","=""63/0""","=""65/0""","=""78/0""","=""83/0""","=""91/0""","=""96/0""","=""103/0""","=""105/0""","=""109/1""","=""114/1""","=""117/1""","=""120/1""","=""124/1""","=""127/1""","=""135/1""","=""141/1""","=""144/1""","=""149/1""","=""159/1""","=""159/2""","=""170/2""","=""175/2""","=""180/2""","=""188/3""","=""190/4""","=""192/4""","=""199/4""","=""207/4""","=""215/4""","=""216/4""","=""218/4""","=""223/5""","=""228/5""","=""240/5""","=""255/5""","=""265/5""","=""273/5""","=""293/5""","=""296/5""","=""300/5""",N/A,N/A
Match 26,Australia,England,Old Trafford,1,2020-09-11,"=""4/0""","=""12/0""","=""13/0""","=""16/1""","=""25/1""","=""29/1""","=""31/1""","=""33/1""","=""43/1""","=""46/2""","=""50/2""","=""63/2""","=""68/2""","=""71/2""","=""79/2""","=""82/3""","=""91/3""","=""98/3""","=""102/3""","=""109/4""","=""114/4""","=""118/4""","=""121/4""","=""123/5""","=""129/5""","=""132/5""","=""133/5""","=""136/5""","=""143/5""","=""152/5""","=""160/5""","=""162/5""","=""164/5""","=""171/5""","=""182/5""","=""184/5""","=""188/5""","=""197/5""","=""204/5""","=""218/5""","=""225/5""","=""230/5""","=""237/5""","=""250/6""","=""259/6""","=""264/7""","=""273/8""","=""282/8""","=""286/8""","=""294/9"""
Match 27,England,Australia,Old Trafford,2,2020-09-11,"=""1/0""","=""3/0""","=""7/0""","=""7/1""","=""11/1""","=""11/1""","=""13/1""","=""14/2""","=""20/2""","=""22/2""","=""28/2""","=""28/2""","=""34/2""","=""48/2""","=""55/3""","=""57/3""","=""58/4""","=""61/4""","=""63/4""","=""68/4""","=""69/4""","=""70/4""","=""75/4""","=""81/4""","=""96/4""","=""99/4""","=""114/4""","=""122/4""","=""131/4""","=""140/4""","=""145/4""","=""151/4""","=""152/4""","=""158/4""","=""169/4""","=""174/5""","=""177/5""","=""180/5""","=""182/6""","=""190/6""","=""203/6""","=""213/6""","=""221/6""","=""229/7""","=""237/8""","=""243/8""","=""246/8""","=""252/8""","=""267/8""","=""275/9"""
Match 28,England,Australia,Old Trafford,1,2020-09-13,"=""2/0""","=""2/0""","=""8/0""","=""20/0""","=""24/1""","=""28/1""","=""29/2""","=""29/2""","=""30/2""","=""32/2""","=""41/2""","=""42/2""","=""42/2""","=""42/2""","=""44/2""","=""51/2""","=""55/2""","=""57/2""","=""64/2""","=""69/2""","=""82/2""","=""87/2""","=""91/3""","=""99/3""","=""107/3""","=""107/4""","=""110/4""","=""116/4""","=""117/5""","=""117/5""","=""118/5""","=""122/5""","=""127/5""","=""129/5""","=""135/5""","=""140/5""","=""142/6""","=""143/7""","=""144/7""","=""149/7""","=""150/8""","=""152/8""","=""160/8""","=""164/8""","=""172/8""","=""178/8""","=""187/8""","=""198/8""","=""216/8""","=""231/9"""
Match 29,Australia,England,Old Trafford,2,2020-09-13,"=""3/0""","=""6/0""","=""8/0""","=""10/1""","=""16/1""","=""25/1""","=""31/1""","=""37/2""","=""37/2""","=""44/2""","=""45/2""","=""54/2""","=""57/2""","=""66/2""","=""66/2""","=""75/2""","=""82/2""","=""87/2""","=""92/2""","=""95/2""","=""101/2""","=""104/2""","=""109/2""","=""114/2""","=""121/2""","=""124/2""","=""127/2""","=""131/2""","=""137/2""","=""143/2""","=""145/3""","=""145/4""","=""146/5""","=""147/5""","=""150/6""","=""155/6""","=""156/6""","=""162/6""","=""165/6""","=""166/8""","=""169/8""","=""172/8""","=""175/8""","=""177/9""","=""181/9""","=""185/9""","=""195/9""","=""205/9""","=""207/10""",N/A
Match 30,England,Australia,Old Trafford,1,2020-09-16,"=""4/2""","=""8/2""","=""9/2""","=""13/2""","=""25/2""","=""37/2""","=""47/2""","=""54/2""","=""59/2""","=""67/2""","=""69/3""","=""70/3""","=""71/3""","=""75/3""","=""79/3""","=""85/3""","=""90/3""","=""96/3""","=""97/4""","=""103/4""","=""112/4""","=""116/4""","=""123/4""","=""126/4""","=""130/4""","=""136/4""","=""138/4""","=""148/4""","=""151/4""","=""154/4""","=""155/4""","=""159/4""","=""168/4""","=""175/4""","=""184/4""","=""196/4""","=""208/4""","=""215/5""","=""216/5""","=""220/5""","=""221/6""","=""227/6""","=""236/6""","=""246/6""","=""249/6""","=""260/6""","=""272/7""","=""277/7""","=""288/7""","=""302/7"""
Match 31,Australia,England,Old Trafford,2,2020-09-16,"=""4/0""","=""18/0""","=""21/1""","=""27/1""","=""31/2""","=""33/2""","=""35/2""","=""36/2""","=""40/2""","=""47/2""","=""51/3""","=""52/3""","=""56/4""","=""56/4""","=""63/4""","=""67/4""","=""74/5""","=""83/5""","=""86/5""","=""95/5""","=""100/5""","=""100/5""","=""108/5""","=""114/5""","=""122/5""","=""131/5""","=""139/5""","=""146/5""","=""151/5""","=""158/5""","=""163/5""","=""168/5""","=""172/5""","=""184/5""","=""186/5""","=""196/5""","=""201/5""","=""210/5""","=""216/5""","=""222/5""","=""227/5""","=""236/5""","=""245/5""","=""252/5""","=""260/5""","=""271/5""","=""282/5""","=""289/6""","=""293/7""","=""305/7"""
Match 32,Ireland,England,The Rose Bowl,1,2020-07-30,"=""4/1""","=""7/1""","=""7/2""","=""20/2""","=""28/2""","=""28/3""","=""28/5""","=""29/5""","=""33/5""","=""37/5""","=""41/5""","=""41/5""","=""48/5""","=""56/5""","=""60/5""","=""69/5""","=""70/5""","=""72/5""","=""76/5""","=""76/5""","=""79/5""","=""79/7""","=""81/7""","=""83/7""","=""86/7""","=""87/7""","=""89/7""","=""96/7""","=""98/7""","=""99/7""","=""103/7""","=""106/7""","=""110/7""","=""114/7""","=""124/7""","=""131/7""","=""135/7""","=""145/8""","=""148/8""","=""152/8""","=""156/8""","=""157/9""","=""160/9""","=""168/9""","=""172/10""",N/A,N/A,N/A,N/A,N/A
Match 33,England,Ireland,The Rose Bowl,2,2020-07-30,"=""4/0""","=""11/0""","=""12/1""","=""14/1""","=""26/1""","=""36/2""","=""37/2""","=""49/2""","=""54/2""","=""59/3""","=""62/3""","=""71/3""","=""77/3""","=""82/4""","=""83/4""","=""84/4""","=""88/4""","=""90/4""","=""100/4""","=""109/4""","=""119/4""","=""128/4""","=""137/4""","=""141/4""","=""145/4""","=""157/4""","=""165/4""","=""174/4""",N/A,N/A,N/A,N/A,N/A,N/A,N/A,N/A,N/A,N/A,N/A,N/A,N/A,N/A,N/A,N/A,N/A,N/A,N/A,N/A,N/A,N/A
Match 34,Ireland,England,The Rose Bowl,1,2020-08-01,"=""2/0""","=""11/0""","=""11/0""","=""11/0""","=""13/1""","=""15/1""","=""17/2""","=""18/2""","=""19/2""","=""20/2""","=""27/2""","=""32/2""","=""35/2""","=""38/2""","=""41/3""","=""44/4""","=""45/4""","=""52/4""","=""63/4""","=""67/4""","=""70/4""","=""71/4""","=""77/4""","=""80/5""","=""86/5""","=""87/5""","=""91/5""","=""92/6""","=""93/6""","=""102/6""","=""104/6""","=""109/6""","=""114/6""","=""119/6""","=""125/6""","=""129/6""","=""132/6""","=""136/6""","=""138/6""","=""145/6""","=""147/6""","=""157/7""","=""167/7""","=""171/7""","=""179/7""","=""185/7""","=""200/7""","=""205/7""","=""209/8""","=""212/9"""
Match 35,England,Ireland,The Rose Bowl,2,2020-08-01,"=""1/1""","=""13/1""","=""25/1""","=""30/1""","=""40/1""","=""48/1""","=""59/1""","=""71/1""","=""71/2""","=""77/2""","=""88/2""","=""94/2""","=""104/3""","=""114/3""","=""120/3""","=""131/4""","=""137/4""","=""137/6""","=""143/6""","=""143/6""","=""146/6""","=""154/6""","=""167/6""","=""169/6""","=""171/6""","=""178/6""","=""179/6""","=""186/6""","=""192/6""","=""196/6""","=""196/6""","=""210/6""","=""216/6""",N/A,N/A,N/A,N/A,N/A,N/A,N/A,N/A,N/A,N/A,N/A,N/A,N/A,N/A,N/A,N/A,N/A
Match 36,England,Ireland,The Rose Bowl,1,2020-08-04,"=""2/1""","=""7/1""","=""14/1""","=""18/2""","=""24/2""","=""28/2""","=""39/2""","=""44/2""","=""50/3""","=""59/3""","=""68/3""","=""78/3""","=""80/3""","=""84/3""","=""96/3""","=""102/3""","=""114/3""","=""119/3""","=""123/3""","=""129/3""","=""139/3""","=""147/3""","=""160/3""","=""171/3""","=""182/3""","=""189/3""","=""193/4""","=""201/4""","=""203/5""","=""203/6""","=""206/6""","=""214/6""","=""216/6""","=""216/7""","=""224/7""","=""225/7""","=""232/7""","=""239/7""","=""246/7""","=""259/7""","=""269/7""","=""277/7""","=""288/7""","=""292/8""","=""298/8""","=""306/9""","=""314/9""","=""318/9""","=""325/9""","=""328/10"""
Match 37,Ireland,England,The Rose Bowl,2,2020-08-04,"=""5/0""","=""7/0""","=""7/0""","=""9/0""","=""20/0""","=""25/0""","=""29/0""","=""44/0""","=""50/1""","=""55/1""","=""59/1""","=""68/1""","=""72/1""","=""80/1""","=""88/1""","=""98/1""","=""104/1""","=""113/1""","=""126/1""","=""126/1""","=""134/1""","=""137/1""","=""141/1""","=""152/1""","=""160/1""","=""164/1""","=""171/1""","=""179/1""","=""182/1""","=""185/1""","=""192/1""","=""198/1""","=""203/1""","=""213/1""","=""217/1""","=""229/1""","=""236/1""","=""239/1""","=""248/1""","=""253/1""","=""258/1""","=""266/2""","=""270/2""","=""275/2""","=""285/3""","=""298/3""","=""305/3""","=""312/3""","=""321/3""","=""329/3"""
Match 38,Ireland,West Indies,"Kensington Oval, Barbados",1,2020-01-07,"=""4/0""","=""10/0""","=""14/0""","=""22/0""","=""26/0""","=""30/0""","=""35/1""","=""43/1""","=""51/1""","=""52/2""","=""55/2""","=""58/2""","=""60/2""","=""62/2""","=""64/3""","=""68/3""","=""69/4""","=""75/4""","=""78/4""","=""79/4""","=""81/5""","=""86/5""","=""92/6""","=""97/6""","=""103/6""","=""109/6""","=""111/6""","=""114/6""","=""116/6""","=""118/6""","=""122/6""","=""130/6""","=""132/6""","=""135/6""","=""142/6""","=""144/7""","=""146/7""","=""150/7""","=""150/8""","=""152/9""","=""162/9""","=""168/9""","=""168/9""","=""171/9""","=""175/9""","=""180/9""","=""180/10""",N/A,N/A,N/A
Match 39,West Indies,Ireland,"Kensington Oval, Barbados",2,2020-01-07,"=""5/0""","=""11/0""","=""13/0""","=""23/0""","=""26/0""","=""29/1""","=""37/1""","=""37/1""","=""53/1""","=""62/1""","=""65/1""","=""69/1""","=""75/1""","=""79/1""","=""84/1""","=""89/1""","=""92/1""","=""97/1""","=""102/2""","=""111/2""","=""112/3""","=""128/3""","=""130/3""","=""134/4""","=""139/4""","=""144/4""","=""151/4""","=""156/4""","=""163/4""","=""168/4""","=""170/4""","=""178/4""","=""178/5""","=""184/5""",N/A,N/A,N/A,N/A,N/A,N/A,N/A,N/A,N/A,N/A,N/A,N/A,N/A,N/A,N/A,N/A
Match 40,Ireland,West Indies,"Kensington Oval, Barbados",1,2020-01-09,"=""7/0""","=""9/0""","=""21/0""","=""25/0""","=""30/1""","=""38/1""","=""44/1""","=""51/1""","=""52/2""","=""52/2""","=""55/2""","=""56/2""","=""58/2""","=""65/2""","=""66/2""","=""74/2""","=""78/2""","=""91/2""","=""97/2""","=""99/2""","=""103/2""","=""105/2""","=""110/3""","=""113/3""","=""121/3""","=""128/3""","=""129/4""","=""135/4""","=""135/5""","=""151/5""","=""154/6""","=""155/6""","=""161/6""","=""167/6""","=""170/6""","=""171/6""","=""177/6""","=""185/6""","=""190/6""","=""192/6""","=""196/7""","=""200/7""","=""203/7""","=""210/7""","=""213/8""","=""216/8""","=""223/8""","=""225/9""","=""228/9""","=""237/9"""
Match 41,West Indies,Ireland,"Kensington Oval, Barbados",2,2020-01-09,"=""1/0""","=""4/0""","=""7/0""","=""13/0""","=""17/0""","=""17/0""","=""21/1""","=""24/2""","=""26/3""","=""33/3""","=""36/3""","=""40/3""","=""44/3""","=""48/3""","=""52/3""","=""59/3""","=""60/3""","=""75/3""","=""84/4""","=""103/4""","=""104/4""","=""108/4""","=""119/4""","=""127/4""","=""137/4""","=""140/4""","=""141/5""","=""142/6""","=""153/7""","=""157/7""","=""157/7""","=""163/7""","=""165/7""","=""173/7""","=""175/7""","=""185/7""","=""195/7""","=""198/7""","=""200/8""","=""201/8""","=""206/8""","=""212/8""","=""218/8""","=""220/8""","=""221/8""","=""222/8""","=""223/8""","=""232/9""","=""233/9""","=""242/9"""
Match 42,Ireland,West Indies,"National Cricket Stadium, Grenada",1,2020-01-12,"=""5/0""","=""8/0""","=""12/0""","=""17/0""","=""17/0""","=""18/0""","=""22/0""","=""24/1""","=""28/1""","=""35/2""","=""39/2""","=""39/2""","=""40/2""","=""42/2""","=""44/2""","=""48/2""","=""50/2""","=""59/3""","=""60/3""","=""61/3""","=""67/3""","=""70/3""","=""77/3""","=""79/3""","=""88/3""","=""89/4""","=""91/4""","=""98/4""","=""100/4""","=""107/4""","=""112/5""","=""123/5""","=""130/5""","=""138/5""","=""141/5""","=""144/5""","=""150/5""","=""153/6""","=""155/6""","=""158/7""","=""162/7""","=""163/8""","=""166/8""","=""168/8""","=""179/8""","=""180/8""","=""188/9""","=""197/9""","=""203/9""","=""203/10"""
Match 43,West Indies,Ireland,"National Cricket Stadium, Grenada",2,2020-01-12,"=""2/0""","=""5/0""","=""8/0""","=""19/0""","=""29/0""","=""34/1""","=""46/1""","=""53/1""","=""54/2""","=""58/2""","=""65/2""","=""74/2""","=""76/2""","=""79/2""","=""82/2""","=""86/2""","=""88/2""","=""98/2""","=""102/2""","=""106/2""","=""109/2""","=""128/2""","=""130/3""","=""132/3""","=""145/3""","=""149/3""","=""153/3""","=""156/3""","=""161/3""","=""162/3""","=""166/3""","=""176/3""","=""185/3""","=""186/3""","=""193/4""","=""195/5""","=""199/5""",N/A,N/A,N/A,N/A,N/A,N/A,N/A,N/A,N/A,N/A,N/A,N/A,N/A
Match 44,West Indies,Sri Lanka,Sinhalese Sports Club Ground,1,2020-02-22,"=""1/0""","=""7/0""","=""10/0""","=""10/1""","=""11/1""","=""13/1""","=""18/1""","=""23/1""","=""27/1""","=""31/1""","=""43/1""","=""54/1""","=""59/1""","=""63/1""","=""70/1""","=""72/1""","=""77/1""","=""80/1""","=""87/1""","=""87/2""","=""89/2""","=""93/2""","=""95/2""","=""95/2""","=""101/2""","=""110/2""","=""114/2""","=""121/2""","=""125/2""","=""136/2""","=""145/2""","=""146/2""","=""154/2""","=""162/2""","=""169/2""","=""172/3""","=""176/3""","=""186/3""","=""190/3""","=""195/4""","=""204/4""","=""207/5""","=""212/5""","=""223/5""","=""230/5""","=""235/6""","=""243/7""","=""260/7""","=""273/7""","=""289/7"""
Match 45,Sri Lanka,West Indies,Sinhalese Sports Club Ground,2,2020-02-22,"=""5/0""","=""15/0""","=""24/0""","=""25/0""","=""33/0""","=""39/0""","=""49/0""","=""53/0""","=""66/0""","=""78/0""","=""79/0""","=""83/0""","=""89/0""","=""94/0""","=""99/0""","=""105/0""","=""110/0""","=""111/1""","=""115/1""","=""121/1""","=""126/2""","=""130/2""","=""132/2""","=""134/2""","=""135/2""","=""146/2""","=""153/3""","=""164/3""","=""170/4""","=""174/4""","=""175/4""","=""180/4""","=""185/4""","=""188/4""","=""195/4""","=""201/4""","=""207/5""","=""215/6""","=""220/6""","=""231/6""","=""244/6""","=""250/6""","=""253/7""","=""256/7""","=""261/7""","=""265/8""","=""277/8""","=""280/8""","=""289/8""","=""290/9"""
Match 46,Sri Lanka,West Indies,"Mahinda Rajapaksa International Cricket Stadium, Sooriyawewa",1,2020-02-26,"=""1/0""","=""6/0""","=""11/2""","=""13/2""","=""17/2""","=""22/2""","=""33/2""","=""41/2""","=""43/2""","=""49/2""","=""55/2""","=""61/2""","=""69/2""","=""73/2""","=""76/2""","=""80/2""","=""87/2""","=""95/2""","=""100/2""","=""107/2""","=""117/2""","=""120/2""","=""124/2""","=""128/2""","=""139/2""","=""148/2""","=""154/2""","=""160/2""","=""170/2""","=""174/2""","=""177/2""","=""183/2""","=""190/2""","=""197/2""","=""201/2""","=""205/2""","=""209/2""","=""214/2""","=""227/2""","=""246/2""","=""251/3""","=""269/3""","=""274/5""","=""289/5""","=""296/5""","=""307/6""","=""314/6""","=""316/7""","=""332/7""","=""345/8"""
Match 47,West Indies,Sri Lanka,"Mahinda Rajapaksa International Cricket Stadium, Sooriyawewa",2,2020-02-26,"=""4/0""","=""6/0""","=""10/0""","=""15/0""","=""24/0""","=""29/0""","=""40/0""","=""44/0""","=""52/0""","=""54/0""","=""58/0""","=""62/0""","=""65/1""","=""71/1""","=""77/1""","=""79/1""","=""83/1""","=""85/2""","=""87/2""","=""93/2""","=""95/3""","=""97/3""","=""102/3""","=""109/3""","=""112/3""","=""117/3""","=""121/3""","=""130/4""","=""132/5""","=""135/5""","=""137/6""","=""142/6""","=""148/6""","=""156/6""","=""157/6""","=""162/7""","=""167/7""","=""180/7""","=""184/9""","=""184/10""",N/A,N/A,N/A,N/A,N/A,N/A,N/A,N/A,N/A,N/A
Match 48,Sri Lanka,West Indies,Pallekele International Cricket Stadium,1,2020-03-01,"=""0/0""","=""3/0""","=""14/0""","=""24/0""","=""32/0""","=""35/0""","=""44/0""","=""49/0""","=""57/0""","=""60/0""","=""61/1""","=""63/1""","=""65/1""","=""69/1""","=""70/1""","=""74/1""","=""78/1""","=""81/1""","=""88/1""","=""92/2""","=""97/2""","=""102/2""","=""110/2""","=""119/2""","=""123/2""","=""130/2""","=""136/2""","=""146/2""","=""160/2""","=""165/2""","=""176/2""","=""181/3""","=""186/4""","=""193/4""","=""201/4""","=""207/4""","=""212/4""","=""214/4""","=""216/5""","=""219/5""","=""229/5""","=""238/5""","=""248/5""","=""257/5""","=""268/5""","=""277/5""","=""284/6""","=""291/6""","=""295/7""","=""307/10"""
Match 49,West Indies,Sri Lanka,Pallekele International Cricket Stadium,2,2020-03-01,"=""0/0""","=""2/0""","=""7/0""","=""16/0""","=""25/0""","=""35/0""","=""42/0""","=""45/0""","=""55/0""","=""64/0""","=""68/0""","=""71/0""","=""80/0""","=""81/0""","=""92/0""","=""98/0""","=""105/0""","=""110/0""","=""112/1""","=""119/1""","=""126/1""","=""139/1""","=""142/1""","=""145/1""","=""147/1""","=""148/1""","=""158/1""","=""161/1""","=""166/1""","=""169/1""","=""173/2""","=""176/2""","=""183/2""","=""185/2""","=""187/2""","=""195/2""","=""198/2""","=""206/2""","=""216/2""","=""219/3""","=""220/3""","=""223/3""","=""239/3""","=""241/4""","=""249/4""","=""260/5""","=""275/5""","=""285/6""","=""295/8""","=""301/9"""
Match 50,Bangladesh,Zimbabwe,Sylhet International Cricket Stadium,1,2020-03-01,"=""8/0""","=""11/0""","=""13/0""","=""18/0""","=""23/0""","=""30/0""","=""32/0""","=""34/0""","=""39/0""","=""44/0""","=""51/0""","=""57/0""","=""60/1""","=""61/1""","=""65/1""","=""76/1""","=""87/1""","=""92/1""","=""97/1""","=""105/1""","=""112/1""","=""120/1""","=""125/1""","=""130/1""","=""134/1""","=""141/2""","=""144/2""","=""149/2""","=""153/2""","=""159/2""","=""165/2""","=""168/2""","=""173/2""","=""182/3""","=""185/3""","=""199/3""","=""207/4""","=""214/4""","=""221/4""","=""227/4""","=""230/4""","=""235/4""","=""241/4""","=""253/4""","=""266/4""","=""275/5""","=""283/5""","=""289/6""","=""299/7""","=""321/7"""
Match 51,Zimbabwe,Bangladesh,Sylhet International Cricket Stadium,2,2020-03-01,"=""1/0""","=""2/1""","=""4/1""","=""6/1""","=""10/1""","=""12/1""","=""22/1""","=""23/2""","=""27/3""","=""28/3""","=""34/3""","=""35/3""","=""43/3""","=""45/4""","=""49/4""","=""54/4""","=""57/4""","=""60/4""","=""65/4""","=""71/4""","=""76/4""","=""79/4""","=""84/5""","=""84/6""","=""86/6""","=""94/6""","=""101/6""","=""103/6""","=""106/6""","=""106/7""","=""108/7""","=""109/7""","=""110/8""","=""110/8""","=""123/8""","=""130/9""","=""134/9""","=""143/9""","=""152/9""","=""152/10""",N/A,N/A,N/A,N/A,N/A,N/A,N/A,N/A,N/A,N/A
Match 52,Bangladesh,Zimbabwe,Sylhet International Cricket Stadium,1,2020-03-03,"=""5/0""","=""6/0""","=""11/0""","=""19/0""","=""21/0""","=""34/0""","=""39/1""","=""50/1""","=""59/1""","=""65/1""","=""66/2""","=""69/2""","=""75/2""","=""78/2""","=""83/2""","=""89/2""","=""95/2""","=""96/2""","=""102/2""","=""110/2""","=""120/2""","=""130/2""","=""134/2""","=""139/2""","=""146/2""","=""153/3""","=""160/3""","=""168/3""","=""176/3""","=""179/3""","=""180/3""","=""183/3""","=""184/3""","=""187/3""","=""190/3""","=""195/3""","=""200/3""","=""205/3""","=""215/3""","=""239/3""","=""248/3""","=""255/3""","=""263/4""","=""278/4""","=""283/4""","=""297/5""","=""306/5""","=""309/6""","=""313/8""","=""322/8"""
Match 53,Zimbabwe,Bangladesh,Sylhet International Cricket Stadium,2,2020-03-03,"=""2/0""","=""8/0""","=""15/0""","=""21/1""","=""23/1""","=""24/1""","=""26/1""","=""30/1""","=""40/1""","=""49/2""","=""50/2""","=""55/2""","=""58/2""","=""59/2""","=""62/2""","=""67/3""","=""77/3""","=""78/3""","=""87/3""","=""90/3""","=""93/3""","=""99/3""","=""101/3""","=""103/4""","=""106/4""","=""109/4""","=""117/4""","=""125/4""","=""129/4""","=""138/4""","=""143/4""","=""151/4""","=""156/4""","=""164/4""","=""172/4""","=""182/4""","=""184/5""","=""194/5""","=""199/5""","=""208/5""","=""213/6""","=""225/7""","=""227/7""","=""237/7""","=""246/7""","=""262/7""","=""282/7""","=""289/7""","=""303/7""","=""318/8"""
Match 54,Bangladesh,Zimbabwe,Sylhet International Cricket Stadium,1,2020-03-06,"=""2/0""","=""2/0""","=""8/0""","=""12/0""","=""20/0""","=""31/0""","=""38/0""","=""45/0""","=""50/0""","=""53/0""","=""57/0""","=""62/0""","=""70/0""","=""73/0""","=""76/0""","=""86/0""","=""91/0""","=""98/0""","=""100/0""","=""107/0""","=""115/0""","=""121/0""","=""121/0""","=""123/0""","=""125/0""","=""133/0""","=""136/0""","=""142/0""","=""146/0""","=""152/0""","=""158/0""","=""163/0""","=""180/0""","=""188/0""","=""205/0""","=""217/0""","=""224/0""","=""245/0""","=""256/0""","=""279/0""","=""293/1""","=""312/1""","=""322/3""",N/A,N/A,N/A,N/A,N/A,N/A,N/A
Match 55,Zimbabwe,Bangladesh,Sylhet International Cricket Stadium,2,2020-03-06,"=""5/1""","=""15/1""","=""24/1""","=""32/2""","=""39/2""","=""47/2""","=""50/2""","=""52/2""","=""60/2""","=""63/2""","=""69/2""","=""70/2""","=""73/2""","=""74/3""","=""77/3""","=""88/3""","=""92/3""","=""96/3""","=""102/3""","=""109/3""","=""113/3""","=""116/4""","=""132/4""","=""134/4""","=""142/4""","=""148/4""","=""150/5""","=""164/6""","=""169/6""","=""173/7""","=""174/7""","=""191/7""","=""196/7""","=""202/7""","=""204/8""","=""209/8""","=""218/8""","=""218/10""",N/A,N/A,N/A,N/A,N/A,N/A,N/A,N/A,N/A,N/A,N/A,N/A
Match 56,Australia,India,Sydney Cricket Ground,1,2020-11-27,"=""1/0""","=""7/0""","=""8/0""","=""17/0""","=""27/0""","=""32/0""","=""37/0""","=""40/0""","=""49/0""","=""51/0""","=""54/0""","=""56/0""","=""64/0""","=""72/0""","=""76/0""","=""81/0""","=""84/0""","=""97/0""","=""100/0""","=""103/0""","=""107/0""","=""118/0""","=""126/0""","=""127/0""","=""134/0""","=""138/0""","=""149/0""","=""156/1""","=""163/1""","=""169/1""","=""179/1""","=""188/1""","=""194/1""","=""203/1""","=""208/1""","=""214/1""","=""226/1""","=""238/1""","=""252/1""","=""264/2""","=""272/3""","=""281/3""","=""302/3""","=""317/3""","=""330/4""","=""336/5""","=""342/5""","=""355/5""","=""368/5""","=""374/6"""
Match 57,India,Australia,Sydney Cricket Ground,2,2020-11-27,"=""20/0""","=""32/0""","=""39/0""","=""46/0""","=""53/0""","=""54/1""","=""64/1""","=""67/1""","=""76/1""","=""80/3""","=""93/3""","=""98/3""","=""99/3""","=""103/4""","=""106/4""","=""110/4""","=""117/4""","=""128/4""","=""135/4""","=""144/4""","=""149/4""","=""151/4""","=""169/4""","=""173/4""","=""180/4""","=""182/4""","=""185/4""","=""190/4""","=""201/4""","=""208/4""","=""213/4""","=""218/4""","=""221/4""","=""227/4""","=""231/5""","=""232/5""","=""237/5""","=""246/5""","=""247/6""","=""250/6""","=""253/6""","=""256/6""","=""259/6""","=""264/6""","=""273/6""","=""282/7""","=""297/7""","=""299/7""","=""307/7""","=""308/8"""
Match 58,Australia,India,Sydney Cricket Ground,1,2020-11-29,"=""4/0""","=""4/0""","=""10/0""","=""18/0""","=""27/0""","=""29/0""","=""41/0""","=""50/0""","=""52/0""","=""59/0""","=""71/0""","=""77/0""","=""81/0""","=""93/0""","=""95/0""","=""101/0""","=""109/0""","=""113/0""","=""115/0""","=""117/0""","=""130/0""","=""136/0""","=""142/1""","=""145/1""","=""153/1""","=""157/2""","=""164/2""","=""168/2""","=""173/2""","=""187/2""","=""197/2""","=""203/2""","=""209/2""","=""220/2""","=""230/2""","=""235/2""","=""246/2""","=""250/2""","=""262/2""","=""275/2""","=""288/2""","=""296/3""","=""307/3""","=""314/3""","=""326/3""","=""339/3""","=""351/3""","=""364/3""","=""374/4""","=""389/4"""
Match 59,India,Australia,Sydney Cricket Ground,2,2020-11-29,"=""8/0""","=""12/0""","=""17/0""","=""21/0""","=""37/0""","=""47/0""","=""56/0""","=""58/1""","=""61/2""","=""67/2""","=""70/2""","=""77/2""","=""84/2""","=""89/2""","=""98/2""","=""101/2""","=""108/2""","=""112/2""","=""116/2""","=""126/2""","=""131/2""","=""140/2""","=""153/2""","=""156/3""","=""160/3""","=""163/3""","=""176/3""","=""182/3""","=""185/3""","=""186/3""","=""193/3""","=""203/3""","=""214/3""","=""221/3""","=""225/4""","=""229/4""","=""237/4""","=""244/4""","=""254/4""","=""259/4""","=""260/4""","=""270/4""","=""279/4""","=""291/5""","=""303/5""","=""321/5""","=""325/7""","=""327/8""","=""329/9""","=""338/9"""
Match 60,India,Australia,"Manuka Oval, Canberra",1,2020-12-02,"=""0/0""","=""4/0""","=""9/0""","=""18/0""","=""24/0""","=""26/1""","=""35/1""","=""40/1""","=""48/1""","=""49/1""","=""59/1""","=""68/1""","=""76/1""","=""77/1""","=""81/1""","=""84/2""","=""87/2""","=""88/2""","=""96/2""","=""104/2""","=""107/2""","=""111/2""","=""114/3""","=""118/3""","=""122/3""","=""125/4""","=""128/4""","=""133/4""","=""139/4""","=""144/4""","=""149/4""","=""152/5""","=""155/5""","=""156/5""","=""164/5""","=""167/5""","=""173/5""","=""176/5""","=""184/5""","=""192/5""","=""198/5""","=""204/5""","=""209/5""","=""216/5""","=""226/5""","=""243/5""","=""260/5""","=""279/5""","=""289/5""","=""302/5"""
Match 61,Australia,India,"Manuka Oval, Canberra",2,2020-12-02,"=""2/0""","=""9/0""","=""14/0""","=""18/0""","=""25/0""","=""25/1""","=""33/1""","=""44/1""","=""45/1""","=""51/1""","=""56/1""","=""64/2""","=""66/2""","=""66/2""","=""72/2""","=""74/2""","=""83/2""","=""93/2""","=""95/2""","=""98/2""","=""111/2""","=""116/2""","=""118/3""","=""119/3""","=""122/3""","=""133/4""","=""137/4""","=""139/4""","=""145/4""","=""151/4""","=""159/5""","=""162/5""","=""168/5""","=""176/5""","=""183/5""","=""197/5""","=""205/5""","=""211/6""","=""213/6""","=""227/6""","=""230/6""","=""234/6""","=""246/6""","=""264/6""","=""270/7""","=""274/7""","=""278/8""","=""282/9""","=""288/9""","=""289/10"""
Match 62,Pakistan,Zimbabwe,Rawalpindi Cricket Stadium,1,2020-10-30,"=""2/0""","=""7/0""","=""8/0""","=""17/0""","=""22/0""","=""28/0""","=""29/0""","=""34/0""","=""35/0""","=""41/0""","=""47/1""","=""52/1""","=""61/1""","=""66/1""","=""76/1""","=""82/1""","=""88/1""","=""91/2""","=""93/2""","=""99/2""","=""101/2""","=""104/2""","=""109/2""","=""112/2""","=""118/2""","=""121/3""","=""124/3""","=""126/3""","=""134/3""","=""139/3""","=""140/3""","=""144/3""","=""151/3""","=""153/3""","=""157/3""","=""161/3""","=""169/4""","=""173/4""","=""175/4""","=""191/4""","=""201/5""","=""207/6""","=""211/6""","=""224/6""","=""233/6""","=""247/6""","=""250/7""","=""261/8""","=""276/8""","=""281/8"""
Match 63,Zimbabwe,Pakistan,Rawalpindi Cricket Stadium,2,2020-10-30,"=""2/1""","=""14/1""","=""20/1""","=""28/1""","=""29/2""","=""39/2""","=""43/2""","=""46/2""","=""55/2""","=""58/2""","=""60/2""","=""62/2""","=""66/2""","=""66/2""","=""72/2""","=""81/2""","=""88/2""","=""91/2""","=""92/2""","=""98/2""","=""98/2""","=""99/3""","=""106/3""","=""107/3""","=""109/3""","=""112/3""","=""115/4""","=""119/4""","=""128/4""","=""131/4""","=""140/4""","=""151/4""","=""159/4""","=""161/4""","=""163/4""","=""166/4""","=""172/4""","=""180/4""","=""187/4""","=""194/4""","=""204/4""","=""212/4""","=""219/4""","=""223/4""","=""234/4""","=""237/5""","=""244/6""","=""246/7""","=""251/9""","=""255/10"""
Match 64,Zimbabwe,Pakistan,Rawalpindi Cricket Stadium,1,2020-11-01,"=""4/0""","=""11/0""","=""11/0""","=""14/0""","=""18/0""","=""19/1""","=""24/1""","=""27/1""","=""27/2""","=""39/2""","=""43/2""","=""43/2""","=""49/2""","=""56/2""","=""58/2""","=""59/3""","=""76/3""","=""85/3""","=""95/3""","=""100/3""","=""101/3""","=""106/3""","=""110/3""","=""117/3""","=""120/3""","=""120/4""","=""125/4""","=""131/4""","=""137/4""","=""139/5""","=""141/5""","=""145/6""","=""150/6""","=""150/7""","=""157/7""","=""164/7""","=""167/7""","=""171/8""","=""173/8""","=""175/8""","=""181/8""","=""187/8""","=""197/8""","=""205/9""","=""206/9""","=""206/10""",N/A,N/A,N/A,N/A
Match 65,Pakistan,Zimbabwe,Rawalpindi Cricket Stadium,2,2020-11-01,"=""9/0""","=""11/0""","=""14/0""","=""19/0""","=""27/0""","=""30/0""","=""35/0""","=""41/0""","=""53/0""","=""68/0""","=""72/1""","=""82/1""","=""86/1""","=""93/1""","=""99/1""","=""100/1""","=""102/2""","=""106/2""","=""112/2""","=""121/2""","=""132/2""","=""137/3""","=""140/3""","=""143/3""","=""152/3""","=""162/3""","=""162/4""","=""164/4""","=""175/4""","=""177/4""","=""181/4""","=""184/4""","=""190/4""","=""200/4""","=""202/4""","=""208/4""",N/A,N/A,N/A,N/A,N/A,N/A,N/A,N/A,N/A,N/A,N/A,N/A,N/A,N/A
Match 66,Zimbabwe,Pakistan,Rawalpindi Cricket Stadium,1,2020-11-03,"=""0/0""","=""1/1""","=""4/1""","=""4/2""","=""10/2""","=""15/2""","=""21/2""","=""22/3""","=""23/3""","=""23/3""","=""31/3""","=""34/3""","=""43/3""","=""49/3""","=""62/3""","=""66/3""","=""75/3""","=""77/3""","=""83/3""","=""85/3""","=""87/3""","=""90/3""","=""92/3""","=""102/3""","=""106/3""","=""108/4""","=""109/4""","=""114/4""","=""117/4""","=""123/4""","=""135/4""","=""140/4""","=""148/4""","=""151/4""","=""164/4""","=""171/4""","=""179/4""","=""181/5""","=""184/5""","=""189/5""","=""195/5""","=""202/5""","=""207/5""","=""218/5""","=""232/5""","=""237/5""","=""250/5""","=""264/5""","=""270/5""","=""278/6"""
Match 67,Pakistan,Zimbabwe,Rawalpindi Cricket Stadium,2,2020-11-03,"=""4/1""","=""18/2""","=""20/2""","=""25/3""","=""26/3""","=""27/3""","=""30/3""","=""35/3""","=""38/3""","=""46/3""","=""51/3""","=""53/4""","=""58/4""","=""65/4""","=""72/4""","=""82/4""","=""87/4""","=""88/5""","=""92/5""","=""98/5""","=""100/5""","=""103/5""","=""106/5""","=""108/5""","=""115/5""","=""123/5""","=""127/5""","=""135/5""","=""142/5""","=""149/5""","=""151/6""","=""156/6""","=""164/6""","=""169/6""","=""174/6""","=""182/6""","=""184/6""","=""194/6""","=""200/6""","=""208/6""","=""210/6""","=""212/6""","=""225/6""","=""230/6""","=""242/6""","=""247/6""","=""255/7""","=""259/7""","=""266/9""","=""278/9"""
Match 68,Bangladesh,New Zealand,"University Oval, Dunedin",1,2021-03-20,"=""7/0""","=""12/0""","=""16/0""","=""19/0""","=""20/2""","=""25/2""","=""27/2""","=""30/2""","=""31/2""","=""33/2""","=""38/2""","=""40/2""","=""41/2""","=""42/3""","=""46/3""","=""50/3""","=""53/3""","=""58/3""","=""58/3""","=""66/3""","=""69/3""","=""69/4""","=""72/4""","=""73/5""","=""73/5""","=""76/5""","=""78/5""","=""85/6""","=""90/6""","=""93/6""","=""97/6""","=""99/7""","=""102/7""","=""103/7""","=""105/7""","=""107/7""","=""108/7""","=""110/7""","=""119/7""","=""125/7""","=""130/8""","=""131/10""",N/A,N/A,N/A,N/A,N/A,N/A,N/A,N/A
Match 69,New Zealand,Bangladesh,"University Oval, Dunedin",2,2021-03-20,"=""10/0""","=""20/0""","=""26/0""","=""45/0""","=""52/0""","=""55/1""","=""58/1""","=""71/1""","=""74/1""","=""80/1""","=""81/1""","=""84/1""","=""86/1""","=""91/1""","=""95/1""","=""99/1""","=""105/1""","=""113/1""","=""114/1""","=""119/2""","=""124/2""","=""132/2""",N/A,N/A,N/A,N/A,N/A,N/A,N/A,N/A,N/A,N/A,N/A,N/A,N/A,N/A,N/A,N/A,N/A,N/A,N/A,N/A,N/A,N/A,N/A,N/A,N/A,N/A,N/A,N/A
Match 70,Bangladesh,New Zealand,"Hagley Oval, Christchurch",1,2021-03-23,"=""4/0""","=""4/1""","=""6/1""","=""8/1""","=""11/1""","=""11/1""","=""14/1""","=""26/1""","=""26/1""","=""26/1""","=""34/1""","=""38/1""","=""40/1""","=""49/1""","=""54/1""","=""59/1""","=""61/1""","=""67/1""","=""76/1""","=""84/1""","=""88/2""","=""89/2""","=""90/2""","=""96/2""","=""107/2""","=""108/2""","=""115/2""","=""121/2""","=""127/2""","=""133/2""","=""135/3""","=""141/3""","=""151/3""","=""151/3""","=""156/3""","=""157/3""","=""165/3""","=""175/3""","=""177/3""","=""183/3""","=""184/4""","=""192/4""","=""196/4""","=""209/4""","=""228/4""","=""236/4""","=""246/4""","=""250/5""","=""259/6""","=""271/6"""
Match 71,New Zealand,Bangladesh,"Hagley Oval, Christchurch",2,2021-03-23,"=""1/0""","=""6/0""","=""10/0""","=""17/0""","=""28/1""","=""30/1""","=""36/1""","=""43/1""","=""43/2""","=""51/2""","=""53/3""","=""55/3""","=""59/3""","=""61/3""","=""66/3""","=""74/3""","=""75/3""","=""79/3""","=""81/3""","=""87/3""","=""94/3""","=""99/3""","=""103/3""","=""103/3""","=""107/3""","=""120/3""","=""124/3""","=""132/3""","=""135/3""","=""144/3""","=""149/3""","=""158/3""","=""165/3""","=""167/4""","=""171/4""","=""180/4""","=""182/4""","=""200/4""","=""204/4""","=""211/4""","=""216/4""","=""220/4""","=""222/4""","=""227/4""","=""236/4""","=""249/5""","=""259/5""","=""271/5""","=""275/5""",N/A
Match 72,New Zealand,Bangladesh,"Basin Reserve, Wellington",1,2021-03-26,"=""4/0""","=""6/0""","=""13/0""","=""20/0""","=""25/0""","=""33/0""","=""40/0""","=""49/1""","=""49/2""","=""51/2""","=""57/3""","=""59/3""","=""66/3""","=""66/3""","=""72/3""","=""75/3""","=""79/3""","=""84/3""","=""98/3""","=""103/3""","=""107/3""","=""114/3""","=""120/3""","=""122/4""","=""124/4""","=""128/4""","=""131/4""","=""138/4""","=""146/4""","=""149/4""","=""159/4""","=""162/4""","=""164/4""","=""167/4""","=""172/4""","=""179/4""","=""188/4""","=""195/4""","=""204/4""","=""211/4""","=""221/4""","=""233/4""","=""241/4""","=""248/4""","=""253/4""","=""265/4""","=""278/4""","=""281/5""","=""297/6""","=""318/6"""
Match 73,Bangladesh,New Zealand,"Basin Reserve, Wellington",2,2021-03-26,"=""0/0""","=""10/0""","=""12/1""","=""13/1""","=""21/2""","=""22/2""","=""26/3""","=""26/3""","=""26/3""","=""32/3""","=""35/3""","=""37/3""","=""39/3""","=""40/3""","=""43/3""","=""45/3""","=""47/3""","=""48/4""","=""55/4""","=""60/4""","=""72/4""","=""73/4""","=""77/4""","=""78/6""","=""82/6""","=""82/7""","=""87/7""","=""88/7""","=""92/7""","=""93/7""","=""96/7""","=""101/7""","=""103/8""","=""104/8""","=""105/8""","=""106/8""","=""109/8""","=""120/8""","=""123/8""","=""129/8""","=""142/8""","=""154/8""","=""154/10""",N/A,N/A,N/A,N/A,N/A,N/A,N/A
Match 74,Sri Lanka,England,"Riverside Ground, Chester-le-Street",1,2021-06-29,"=""0/0""","=""11/0""","=""17/0""","=""23/0""","=""23/1""","=""25/2""","=""29/2""","=""46/2""","=""46/3""","=""47/3""","=""52/3""","=""60/3""","=""62/3""","=""69/3""","=""72/3""","=""74/3""","=""75/3""","=""82/3""","=""85/3""","=""98/3""","=""99/3""","=""104/3""","=""109/3""","=""115/3""","=""123/3""","=""136/3""","=""138/3""","=""143/3""","=""147/4""","=""149/4""","=""149/5""","=""152/6""","=""153/7""","=""157/7""","=""158/7""","=""160/7""","=""161/8""","=""164/8""","=""164/8""","=""166/8""","=""171/9""","=""176/9""","=""185/10""",N/A,N/A,N/A,N/A,N/A,N/A,N/A
Match 75,England,Sri Lanka,"Riverside Ground, Chester-le-Street",2,2021-06-29,"=""11/0""","=""18/0""","=""31/0""","=""41/0""","=""54/1""","=""59/2""","=""63/2""","=""64/2""","=""69/2""","=""74/3""","=""77/3""","=""80/4""","=""85/4""","=""89/4""","=""91/4""","=""96/4""","=""101/4""","=""104/4""","=""107/4""","=""109/4""","=""110/4""","=""117/4""","=""124/4""","=""130/4""","=""135/4""","=""142/4""","=""149/4""","=""155/4""","=""159/4""","=""162/4""","=""170/4""","=""173/5""","=""176/5""","=""182/5""","=""189/5""",N/A,N/A,N/A,N/A,N/A,N/A,N/A,N/A,N/A,N/A,N/A,N/A,N/A,N/A,N/A
Match 76,Sri Lanka,England,"Kennington Oval, London",1,2021-07-01,"=""4/0""","=""6/2""","=""11/2""","=""12/3""","=""17/3""","=""21/3""","=""21/4""","=""33/4""","=""43/4""","=""47/4""","=""52/4""","=""54/4""","=""62/4""","=""63/4""","=""65/4""","=""67/4""","=""70/4""","=""74/4""","=""83/4""","=""86/4""","=""86/5""","=""88/5""","=""90/5""","=""93/5""","=""104/5""","=""107/5""","=""114/5""","=""124/5""","=""125/5""","=""131/5""","=""141/5""","=""145/5""","=""152/5""","=""159/5""","=""164/6""","=""165/6""","=""166/6""","=""172/6""","=""175/6""","=""178/6""","=""183/6""","=""189/6""","=""189/6""","=""199/6""","=""206/7""","=""216/7""","=""219/8""","=""225/8""","=""229/8""","=""241/9"""
Match 77,England,Sri Lanka,"Kennington Oval, London",2,2021-07-01,"=""3/0""","=""4/0""","=""16/0""","=""21/0""","=""32/0""","=""36/0""","=""41/0""","=""50/0""","=""64/0""","=""65/0""","=""69/0""","=""71/0""","=""78/1""","=""82/1""","=""87/1""","=""91/1""","=""104/1""","=""107/2""","=""110/2""","=""116/2""","=""126/2""","=""141/2""","=""145/2""","=""149/2""","=""152/2""","=""158/2""","=""160/2""","=""168/2""","=""176/2""","=""179/2""","=""185/2""","=""189/2""","=""196/2""","=""202/2""","=""206/2""","=""207/2""","=""213/2""","=""215/2""","=""220/2""","=""224/2""","=""231/2""","=""235/2""","=""244/2""",N/A,N/A,N/A,N/A,N/A,N/A,N/A
Match 78,Sri Lanka,England,"County Ground, Bristol",1,2021-07-04,"=""8/0""","=""19/0""","=""23/1""","=""29/1""","=""29/1""","=""30/2""","=""31/2""","=""41/3""","=""42/4""","=""45/4""","=""50/4""","=""50/4""","=""54/4""","=""63/4""","=""65/5""","=""68/5""","=""71/5""","=""78/5""","=""81/5""","=""85/5""","=""89/6""","=""89/6""","=""91/6""","=""92/6""","=""95/6""","=""102/6""","=""110/6""","=""112/6""","=""115/6""","=""121/7""","=""122/7""","=""124/8""","=""126/8""","=""131/8""","=""140/8""","=""143/8""","=""147/8""","=""151/8""","=""152/9""","=""158/9""","=""165/9""","=""166/10""",N/A,N/A,N/A,N/A,N/A,N/A,N/A,N/A
Match 79,Pakistan,England,"Sophia Gardens, Cardiff",1,2021-07-08,"=""4/2""","=""4/2""","=""14/2""","=""17/3""","=""22/3""","=""24/3""","=""26/4""","=""32/4""","=""38/4""","=""46/4""","=""51/4""","=""57/4""","=""64/4""","=""65/4""","=""67/4""","=""70/4""","=""72/4""","=""75/4""","=""82/5""","=""83/5""","=""89/5""","=""90/6""","=""90/6""","=""92/6""","=""97/6""","=""100/6""","=""101/7""","=""115/7""","=""120/7""","=""124/8""","=""128/8""","=""129/8""","=""132/8""","=""134/9""","=""139/9""","=""141/10""",N/A,N/A,N/A,N/A,N/A,N/A,N/A,N/A,N/A,N/A,N/A,N/A,N/A,N/A
Match 80,England,Pakistan,"Sophia Gardens, Cardiff",2,2021-07-08,"=""2/0""","=""8/0""","=""12/0""","=""22/0""","=""23/1""","=""30/1""","=""39/1""","=""49/1""","=""56/1""","=""61/1""","=""67/1""","=""76/1""","=""83/1""","=""90/1""","=""93/1""","=""100/1""","=""107/1""","=""115/1""","=""124/1""","=""133/1""","=""139/1""","=""142/1""",N/A,N/A,N/A,N/A,N/A,N/A,N/A,N/A,N/A,N/A,N/A,N/A,N/A,N/A,N/A,N/A,N/A,N/A,N/A,N/A,N/A,N/A,N/A,N/A,N/A,N/A,N/A,N/A
Match 81,England,Pakistan,"Lord's, London",1,2021-07-10,"=""8/0""","=""9/1""","=""12/1""","=""21/1""","=""22/2""","=""29/2""","=""36/2""","=""47/2""","=""63/2""","=""72/2""","=""75/2""","=""84/2""","=""96/2""","=""105/2""","=""107/2""","=""110/2""","=""116/2""","=""119/3""","=""126/3""","=""134/3""","=""134/4""","=""137/4""","=""143/4""","=""148/4""","=""155/4""","=""156/5""","=""159/5""","=""161/7""","=""164/7""","=""175/7""","=""182/7""","=""188/7""","=""189/7""","=""192/7""","=""196/7""","=""203/7""","=""210/7""","=""219/7""","=""224/7""","=""229/7""","=""230/8""","=""233/8""","=""235/9""","=""240/9""","=""246/9""","=""247/10""",N/A,N/A,N/A,N/A
Match 82,Pakistan,England,"Lord's, London",2,2021-07-10,"=""1/0""","=""5/1""","=""10/1""","=""24/1""","=""25/2""","=""30/2""","=""31/2""","=""35/2""","=""38/3""","=""38/3""","=""48/3""","=""49/3""","=""51/3""","=""54/4""","=""56/4""","=""56/4""","=""61/4""","=""76/4""","=""86/4""","=""87/5""","=""97/5""","=""101/5""","=""106/5""","=""108/5""","=""115/6""","=""116/6""","=""118/6""","=""119/7""","=""126/7""","=""148/7""","=""153/8""","=""155/8""","=""158/8""","=""160/8""","=""166/8""","=""171/8""","=""177/8""","=""179/8""","=""187/8""","=""192/9""","=""195/10""",N/A,N/A,N/A,N/A,N/A,N/A,N/A,N/A,N/A
Match 83,Pakistan,England,"Edgbaston, Birmingham",1,2021-07-13,"=""8/0""","=""9/0""","=""13/0""","=""19/0""","=""21/1""","=""26/1""","=""26/1""","=""30/1""","=""30/1""","=""35/1""","=""39/1""","=""45/1""","=""48/1""","=""51/1""","=""54/1""","=""56/1""","=""59/1""","=""65/1""","=""72/1""","=""76/1""","=""85/1""","=""88/1""","=""93/1""","=""103/1""","=""111/1""","=""113/2""","=""122/2""","=""131/2""","=""140/2""","=""147/2""","=""154/2""","=""159/2""","=""169/2""","=""179/2""","=""183/2""","=""190/2""","=""200/2""","=""208/2""","=""216/2""","=""227/2""","=""237/2""","=""248/2""","=""259/2""","=""272/2""","=""284/2""","=""296/3""","=""304/3""","=""312/5""","=""324/7""","=""331/9"""
Match 84,England,Pakistan,"Edgbaston, Birmingham",2,2021-07-13,"=""16/0""","=""24/1""","=""32/1""","=""42/1""","=""49/1""","=""53/1""","=""62/2""","=""72/2""","=""79/2""","=""84/2""","=""90/2""","=""97/2""","=""104/3""","=""113/3""","=""118/3""","=""126/3""","=""132/3""","=""138/3""","=""143/3""","=""151/4""","=""156/4""","=""160/4""","=""162/4""","=""165/5""","=""171/5""","=""178/5""","=""182/5""","=""188/5""","=""192/5""","=""204/5""","=""210/5""","=""213/5""","=""218/5""","=""224/5""","=""235/5""","=""242/5""","=""249/5""","=""256/5""","=""262/5""","=""270/5""","=""276/5""","=""281/5""","=""294/6""","=""303/6""","=""308/7""","=""312/7""","=""323/7""","=""332/7""",N/A,N/A
Match 85,India,England,Maharashtra Cricket Association Stadium,1,2021-03-23,"=""1/0""","=""4/0""","=""10/0""","=""10/0""","=""10/0""","=""15/0""","=""24/0""","=""26/0""","=""34/0""","=""39/0""","=""42/0""","=""49/0""","=""51/0""","=""58/0""","=""64/0""","=""71/1""","=""75/1""","=""77/1""","=""80/1""","=""83/1""","=""89/1""","=""93/1""","=""97/1""","=""109/1""","=""117/1""","=""125/1""","=""130/1""","=""135/1""","=""150/1""","=""159/1""","=""164/1""","=""169/1""","=""178/2""","=""183/2""","=""187/3""","=""193/3""","=""196/3""","=""197/3""","=""197/4""","=""205/4""","=""206/5""","=""218/5""","=""225/5""","=""238/5""","=""250/5""","=""260/5""","=""271/5""","=""292/5""","=""304/5""","=""317/5"""
Match 86,England,India,Maharashtra Cricket Association Stadium,2,2021-03-23,"=""2/0""","=""9/0""","=""13/0""","=""21/0""","=""24/0""","=""46/0""","=""51/0""","=""61/0""","=""77/0""","=""89/0""","=""94/0""","=""107/0""","=""122/0""","=""131/0""","=""135/1""","=""137/1""","=""137/2""","=""140/2""","=""145/2""","=""157/2""","=""165/2""","=""169/2""","=""171/3""","=""175/3""","=""176/5""","=""181/5""","=""185/5""","=""187/5""","=""195/5""","=""199/5""","=""212/5""","=""216/5""","=""221/6""","=""223/6""","=""226/6""","=""231/6""","=""237/6""","=""239/7""","=""240/8""","=""243/9""","=""248/9""","=""251/9""","=""251/10""",N/A,N/A,N/A,N/A,N/A,N/A,N/A
Match 87,India,England,Maharashtra Cricket Association Stadium,1,2021-03-26,"=""4/0""","=""6/0""","=""7/0""","=""9/1""","=""13/1""","=""18/1""","=""24/1""","=""36/1""","=""37/2""","=""41/2""","=""45/2""","=""47/2""","=""50/2""","=""56/2""","=""66/2""","=""72/2""","=""75/2""","=""77/2""","=""83/2""","=""90/2""","=""94/2""","=""99/2""","=""103/2""","=""108/2""","=""112/2""","=""121/2""","=""126/2""","=""135/2""","=""139/2""","=""142/2""","=""149/2""","=""158/3""","=""164/3""","=""169/3""","=""173/3""","=""176/3""","=""184/3""","=""194/3""","=""203/3""","=""210/3""","=""225/3""","=""247/3""","=""257/3""","=""267/3""","=""273/4""","=""294/4""","=""309/5""","=""313/5""","=""327/5""","=""336/6"""
Match 88,England,India,Maharashtra Cricket Association Stadium,2,2021-03-26,"=""3/0""","=""4/0""","=""5/0""","=""10/0""","=""17/0""","=""30/0""","=""40/0""","=""46/0""","=""51/0""","=""59/0""","=""61/0""","=""64/0""","=""68/0""","=""77/0""","=""87/0""","=""102/0""","=""111/1""","=""116/1""","=""118/1""","=""128/1""","=""130/1""","=""142/1""","=""154/1""","=""164/1""","=""167/1""","=""170/1""","=""175/1""","=""180/1""","=""188/1""","=""194/1""","=""211/1""","=""218/1""","=""238/1""","=""266/1""","=""281/1""","=""287/2""","=""288/4""","=""295/4""","=""302/4""","=""318/4""","=""320/4""","=""328/4""","=""330/4""","=""337/4""",N/A,N/A,N/A,N/A,N/A,N/A
Match 89,India,England,Maharashtra Cricket Association Stadium,1,2021-03-28,"=""5/0""","=""10/0""","=""11/0""","=""16/0""","=""31/0""","=""36/0""","=""36/0""","=""53/0""","=""61/0""","=""65/0""","=""76/0""","=""84/0""","=""92/0""","=""100/0""","=""110/1""","=""113/1""","=""118/2""","=""121/3""","=""126/3""","=""128/3""","=""137/3""","=""141/3""","=""151/3""","=""156/3""","=""158/4""","=""160/4""","=""170/4""","=""190/4""","=""198/4""","=""206/4""","=""216/4""","=""219/4""","=""221/4""","=""230/4""","=""243/4""","=""256/5""","=""265/5""","=""267/5""","=""276/6""","=""283/6""","=""286/6""","=""294/6""","=""297/6""","=""308/6""","=""318/6""","=""321/7""","=""326/7""","=""329/9""","=""329/10""",N/A
Match 90,England,India,Maharashtra Cricket Association Stadium,2,2021-03-28,"=""14/1""","=""22/1""","=""28/2""","=""35/2""","=""37/2""","=""41/2""","=""43/2""","=""50/2""","=""51/2""","=""66/2""","=""68/3""","=""76/3""","=""78/3""","=""86/3""","=""95/3""","=""98/4""","=""101/4""","=""115/4""","=""119/4""","=""132/4""","=""142/4""","=""145/4""","=""152/4""","=""156/5""","=""164/5""","=""168/6""","=""169/6""","=""184/6""","=""192/6""","=""196/6""","=""200/7""","=""209/7""","=""214/7""","=""223/7""","=""235/7""","=""242/7""","=""251/7""","=""253/7""","=""256/7""","=""259/8""","=""261/8""","=""269/8""","=""270/8""","=""279/8""","=""282/8""","=""289/8""","=""307/8""","=""311/8""","=""316/8""","=""322/9"""
Match 91,West Indies,Bangladesh,"Shere Bangla National Stadium, Mirpur",1,2021-01-20,"=""8/0""","=""10/1""","=""13/1""","=""19/1""","=""24/1""","=""25/2""","=""26/2""","=""31/2""","=""34/2""","=""38/2""","=""40/2""","=""44/2""","=""45/3""","=""51/3""","=""52/3""","=""55/3""","=""56/4""","=""56/4""","=""56/5""","=""59/5""","=""59/5""","=""71/5""","=""76/5""","=""77/5""","=""91/5""","=""97/5""","=""104/5""","=""114/5""","=""115/5""","=""119/7""","=""122/8""","=""122/9""","=""122/10""",N/A,N/A,N/A,N/A,N/A,N/A,N/A,N/A,N/A,N/A,N/A,N/A,N/A,N/A,N/A,N/A,N/A
Match 92,Bangladesh,West Indies,"Shere Bangla National Stadium, Mirpur",2,2021-01-20,"=""0/0""","=""5/0""","=""10/0""","=""21/0""","=""23/0""","=""33/0""","=""37/0""","=""38/0""","=""38/0""","=""39/0""","=""41/0""","=""41/0""","=""47/0""","=""48/1""","=""53/1""","=""57/2""","=""58/2""","=""60/2""","=""64/2""","=""73/2""","=""74/2""","=""81/2""","=""84/3""","=""93/3""","=""96/3""","=""98/3""","=""103/3""","=""105/4""","=""106/4""","=""113/4""","=""114/4""","=""116/4""","=""119/4""","=""125/4""",N/A,N/A,N/A,N/A,N/A,N/A,N/A,N/A,N/A,N/A,N/A,N/A,N/A,N/A,N/A,N/A
Match 93,West Indies,Bangladesh,"Shere Bangla National Stadium, Mirpur",1,2021-01-22,"=""1/0""","=""5/0""","=""5/0""","=""10/0""","=""10/1""","=""11/1""","=""12/1""","=""15/1""","=""20/1""","=""22/1""","=""31/1""","=""33/1""","=""36/1""","=""37/3""","=""39/4""","=""40/4""","=""41/4""","=""42/5""","=""45/5""","=""49/5""","=""53/5""","=""56/5""","=""64/5""","=""67/6""","=""72/7""","=""73/7""","=""79/7""","=""82/7""","=""86/7""","=""88/8""","=""91/8""","=""98/8""","=""105/8""","=""106/8""","=""111/8""","=""119/8""","=""120/8""","=""120/9""","=""123/9""","=""127/9""","=""132/9""","=""135/9""","=""146/9""","=""148/10""",N/A,N/A,N/A,N/A,N/A,N/A
Match 94,Bangladesh,West Indies,"Shere Bangla National Stadium, Mirpur",2,2021-01-22,"=""3/0""","=""11/0""","=""19/0""","=""26/0""","=""27/0""","=""30/1""","=""31/1""","=""33/1""","=""39/1""","=""42/1""","=""49/1""","=""56/1""","=""66/1""","=""68/1""","=""71/1""","=""77/1""","=""80/2""","=""81/2""","=""84/2""","=""91/2""","=""94/2""","=""99/2""","=""103/2""","=""106/2""","=""109/2""","=""110/3""","=""112/3""","=""117/3""","=""123/3""","=""127/3""","=""133/3""","=""145/3""","=""147/3""","=""149/3""",N/A,N/A,N/A,N/A,N/A,N/A,N/A,N/A,N/A,N/A,N/A,N/A,N/A,N/A,N/A,N/A
Match 95,Bangladesh,West Indies,Zahur Ahmed Chowdhury Stadium,1,2021-01-25,"=""1/1""","=""7/1""","=""12/1""","=""17/1""","=""21/1""","=""26/1""","=""30/1""","=""34/1""","=""42/2""","=""53/2""","=""58/2""","=""65/2""","=""68/2""","=""69/2""","=""72/2""","=""76/2""","=""78/2""","=""81/2""","=""86/2""","=""91/2""","=""94/2""","=""98/2""","=""102/2""","=""103/2""","=""111/2""","=""120/2""","=""124/2""","=""131/3""","=""133/3""","=""137/3""","=""147/3""","=""153/3""","=""158/3""","=""163/3""","=""167/3""","=""177/3""","=""181/4""","=""186/4""","=""190/4""","=""197/4""","=""204/4""","=""210/4""","=""218/4""","=""226/4""","=""240/4""","=""245/4""","=""262/5""","=""269/5""","=""275/5""","=""297/6"""
Match 96,West Indies,Bangladesh,Zahur Ahmed Chowdhury Stadium,2,2021-01-25,"=""6/0""","=""7/1""","=""12/1""","=""13/1""","=""23/1""","=""30/2""","=""36/2""","=""43/2""","=""43/2""","=""44/2""","=""46/2""","=""47/2""","=""47/3""","=""47/3""","=""49/3""","=""54/3""","=""59/3""","=""61/3""","=""63/3""","=""66/3""","=""70/3""","=""72/3""","=""79/3""","=""89/4""","=""93/4""","=""94/5""","=""102/5""","=""106/5""","=""113/5""","=""116/5""","=""118/6""","=""120/6""","=""122/6""","=""130/6""","=""132/6""","=""137/6""","=""138/6""","=""141/6""","=""147/6""","=""154/6""","=""157/7""","=""161/7""","=""173/7""","=""177/9""","=""177/10""",N/A,N/A,N/A,N/A,N/A
Match 97,South Africa,Pakistan,"SuperSport Park, Centurion",1,2021-04-02,"=""2/0""","=""2/0""","=""12/0""","=""16/0""","=""26/0""","=""34/0""","=""41/2""","=""43/3""","=""43/3""","=""43/3""","=""44/3""","=""50/3""","=""51/3""","=""55/3""","=""59/4""","=""62/4""","=""63/4""","=""72/4""","=""74/4""","=""86/4""","=""91/4""","=""94/4""","=""101/4""","=""103/4""","=""111/4""","=""116/4""","=""123/4""","=""129/4""","=""137/4""","=""143/4""","=""146/4""","=""150/4""","=""158/4""","=""161/4""","=""166/4""","=""171/5""","=""175/5""","=""182/5""","=""184/5""","=""191/5""","=""196/5""","=""199/5""","=""205/5""","=""217/5""","=""230/5""","=""234/5""","=""239/6""","=""248/6""","=""262/6""","=""273/6"""
Match 98,Pakistan,South Africa,"SuperSport Park, Centurion",2,2021-04-02,"=""2/0""","=""9/0""","=""9/1""","=""11/1""","=""12/1""","=""12/1""","=""14/1""","=""19/1""","=""26/1""","=""37/1""","=""44/1""","=""49/1""","=""57/1""","=""60/1""","=""65/1""","=""68/1""","=""76/1""","=""85/1""","=""90/1""","=""93/1""","=""99/1""","=""104/1""","=""108/1""","=""116/1""","=""128/1""","=""131/1""","=""139/1""","=""150/1""","=""161/1""","=""170/1""","=""181/1""","=""186/2""","=""190/2""","=""193/3""","=""197/3""","=""199/4""","=""202/4""","=""203/5""","=""204/5""","=""213/5""","=""218/5""","=""229/5""","=""238/5""","=""241/5""","=""244/5""","=""249/5""","=""255/5""","=""260/6""","=""271/6""","=""274/7"""
Match 99,South Africa,Pakistan,The Wanderers Stadium,1,2021-04-04,"=""5/0""","=""11/0""","=""14/0""","=""21/0""","=""28/0""","=""29/0""","=""29/0""","=""40/0""","=""49/0""","=""56/1""","=""57/1""","=""59/1""","=""70/1""","=""72/1""","=""76/1""","=""78/1""","=""84/1""","=""91/1""","=""97/1""","=""104/1""","=""107/1""","=""113/1""","=""120/1""","=""123/1""","=""132/1""","=""140/1""","=""148/1""","=""151/1""","=""161/1""","=""169/1""","=""172/2""","=""179/2""","=""189/2""","=""190/2""","=""196/2""","=""208/2""","=""213/2""","=""224/2""","=""234/2""","=""247/2""","=""259/2""","=""272/3""","=""279/3""","=""282/3""","=""287/3""","=""305/3""","=""307/4""","=""318/5""","=""322/6""","=""341/6"""
Match 100,Pakistan,South Africa,The Wanderers Stadium,2,2021-04-04,"=""2/0""","=""7/1""","=""7/1""","=""12/1""","=""12/1""","=""22/1""","=""33/1""","=""46/1""","=""53/1""","=""68/1""","=""71/3""","=""74/3""","=""74/3""","=""80/3""","=""85/4""","=""88/4""","=""90/4""","=""92/4""","=""96/4""","=""102/4""","=""108/4""","=""113/4""","=""116/4""","=""120/4""","=""121/5""","=""123/5""","=""126/5""","=""138/5""","=""154/5""","=""156/5""","=""157/5""","=""170/5""","=""177/5""","=""186/6""","=""190/6""","=""197/6""","=""201/6""","=""205/7""","=""218/7""","=""226/7""","=""237/7""","=""249/7""","=""253/7""","=""272/7""","=""273/8""","=""286/8""","=""291/8""","=""304/8""","=""311/8""","=""324/9"""
Match 101,Pakistan,South Africa,"SuperSport Park, Centurion",1,2021-04-07,"=""1/0""","=""2/0""","=""5/0""","=""11/0""","=""18/0""","=""21/0""","=""27/0""","=""32/0""","=""35/0""","=""44/0""","=""53/0""","=""56/0""","=""61/0""","=""70/0""","=""78/0""","=""86/0""","=""93/0""","=""98/0""","=""102/0""","=""109/0""","=""111/0""","=""112/1""","=""119/1""","=""123/1""","=""129/1""","=""136/1""","=""144/1""","=""149/1""","=""158/1""","=""164/1""","=""180/1""","=""189/1""","=""198/1""","=""201/1""","=""206/1""","=""206/2""","=""214/2""","=""216/3""","=""218/3""","=""230/3""","=""233/3""","=""241/3""","=""248/4""","=""250/5""","=""255/5""","=""257/6""","=""264/6""","=""277/6""","=""302/6""","=""320/7"""
Match 102,South Africa,Pakistan,"SuperSport Park, Centurion",2,2021-04-07,"=""2/0""","=""6/0""","=""8/0""","=""18/0""","=""27/0""","=""34/0""","=""37/0""","=""44/0""","=""54/1""","=""54/1""","=""57/1""","=""62/1""","=""67/1""","=""74/1""","=""77/2""","=""85/2""","=""92/2""","=""99/2""","=""106/2""","=""108/2""","=""111/2""","=""118/2""","=""127/2""","=""128/4""","=""129/4""","=""135/4""","=""138/4""","=""141/5""","=""147/5""","=""155/5""","=""166/5""","=""169/5""","=""177/5""","=""181/5""","=""184/5""","=""197/5""","=""205/5""","=""212/5""","=""219/5""","=""222/5""","=""226/5""","=""236/5""","=""245/5""","=""249/6""","=""255/7""","=""257/8""","=""271/8""","=""282/9""","=""291/9""","=""292/10"""
Match 103,Ireland,South Africa,"The Village, Malahide, Dublin",1,2021-07-11,"=""1/0""","=""6/0""","=""11/0""","=""14/0""","=""19/0""","=""20/0""","=""20/0""","=""26/0""","=""26/0""","=""28/0""","=""40/0""","=""41/0""","=""41/1""","=""47/1""","=""51/1""","=""55/1""","=""60/1""","=""62/1""","=""70/1""","=""72/1""","=""80/1""","=""85/1""","=""89/1""","=""97/1""","=""101/1""","=""109/1""","=""113/1""","=""120/1""","=""124/1""","=""127/1""","=""128/2""","=""135/2""","=""137/2""","=""138/2""","=""145/2""","=""148/2""","=""157/2""","=""168/2""","=""179/4""","=""188/4""","=""195/4""",N/A,N/A,N/A,N/A,N/A,N/A,N/A,N/A,N/A
Match 104,Ireland,South Africa,"The Village, Malahide, Dublin",1,2021-07-13,"=""6/0""","=""11/0""","=""13/0""","=""17/0""","=""18/0""","=""30/0""","=""39/0""","=""40/0""","=""43/0""","=""49/0""","=""52/0""","=""56/0""","=""59/0""","=""64/1""","=""67/1""","=""70/1""","=""82/1""","=""84/1""","=""86/1""","=""89/1""","=""89/1""","=""95/1""","=""99/1""","=""103/1""","=""106/1""","=""109/1""","=""115/1""","=""116/1""","=""125/2""","=""127/2""","=""132/2""","=""137/2""","=""142/2""","=""143/2""","=""149/2""","=""159/2""","=""171/2""","=""175/2""","=""178/2""","=""187/2""","=""191/2""","=""195/3""","=""202/3""","=""218/3""","=""225/3""","=""243/3""","=""255/3""","=""270/3""","=""282/3""","=""290/5"""
Match 105,South Africa,Ireland,"The Village, Malahide, Dublin",2,2021-07-13,"=""3/0""","=""12/0""","=""16/0""","=""28/0""","=""32/1""","=""39/1""","=""48/1""","=""49/1""","=""50/1""","=""51/1""","=""58/2""","=""58/2""","=""59/2""","=""68/2""","=""70/2""","=""78/2""","=""80/2""","=""84/2""","=""87/2""","=""92/2""","=""95/2""","=""101/2""","=""108/2""","=""114/2""","=""117/2""","=""119/2""","=""125/2""","=""130/2""","=""139/2""","=""148/2""","=""153/2""","=""155/2""","=""159/3""","=""161/4""","=""166/4""","=""170/4""","=""173/4""","=""181/4""","=""184/5""","=""189/5""","=""194/5""","=""199/6""","=""202/7""","=""212/7""","=""217/7""","=""231/7""","=""240/8""","=""246/8""","=""247/10""",N/A
Match 106,South Africa,Ireland,"The Village, Malahide, Dublin",1,2021-07-16,"=""1/0""","=""9/0""","=""17/0""","=""25/0""","=""27/0""","=""33/0""","=""41/0""","=""46/0""","=""54/0""","=""58/0""","=""61/0""","=""71/0""","=""79/0""","=""84/0""","=""88/0""","=""91/0""","=""94/0""","=""98/0""","=""109/0""","=""111/0""","=""120/0""","=""122/0""","=""129/0""","=""138/0""","=""145/0""","=""148/0""","=""152/0""","=""156/0""","=""162/0""","=""174/0""","=""180/0""","=""187/0""","=""195/0""","=""203/0""","=""204/0""","=""225/0""","=""230/1""","=""236/1""","=""243/1""","=""246/1""","=""260/1""","=""268/1""","=""280/1""","=""287/1""","=""297/1""","=""307/2""","=""311/3""","=""325/3""","=""333/4""","=""346/4"""
Match 107,Ireland,South Africa,"The Village, Malahide, Dublin",2,2021-07-16,"=""1/0""","=""8/0""","=""12/1""","=""13/1""","=""19/2""","=""27/2""","=""27/2""","=""31/3""","=""34/3""","=""41/3""","=""46/3""","=""52/3""","=""61/3""","=""69/3""","=""74/3""","=""81/4""","=""84/5""","=""90/5""","=""92/6""","=""95/6""","=""99/6""","=""102/6""","=""105/6""","=""107/6""","=""114/6""","=""120/6""","=""125/6""","=""133/6""","=""139/6""","=""144/6""","=""154/6""","=""156/6""","=""168/6""","=""177/6""","=""182/6""","=""190/6""","=""197/7""","=""203/7""","=""206/7""","=""217/7""","=""225/7""","=""233/9""","=""237/9""","=""243/9""","=""256/9""","=""263/9""","=""276/9""","=""276/10""",N/A,N/A
Match 108,Sri Lanka,West Indies,Sir Vivian Richards Stadium,1,2021-03-10,"=""3/0""","=""4/0""","=""6/0""","=""11/0""","=""17/0""","=""17/0""","=""32/0""","=""46/0""","=""51/0""","=""57/0""","=""63/0""","=""74/0""","=""78/0""","=""83/0""","=""90/0""","=""91/0""","=""95/0""","=""98/0""","=""105/0""","=""107/1""","=""112/1""","=""113/2""","=""114/2""","=""121/3""","=""126/4""","=""127/4""","=""129/4""","=""134/4""","=""137/4""","=""147/4""","=""150/4""","=""153/5""","=""160/5""","=""163/5""","=""166/5""","=""172/5""","=""179/5""","=""184/6""","=""189/6""","=""189/7""","=""194/7""","=""197/7""","=""204/7""","=""209/8""","=""213/8""","=""215/8""","=""221/8""","=""224/9""","=""232/10""",N/A
Match 109,West Indies,Sri Lanka,Sir Vivian Richards Stadium,2,2021-03-10,"=""0/0""","=""7/0""","=""13/0""","=""18/0""","=""22/0""","=""29/0""","=""35/0""","=""43/0""","=""53/0""","=""56/0""","=""63/0""","=""65/0""","=""71/0""","=""71/0""","=""73/0""","=""75/0""","=""76/0""","=""79/0""","=""89/0""","=""92/0""","=""97/0""","=""99/0""","=""104/0""","=""119/0""","=""127/0""","=""134/0""","=""141/0""","=""143/0""","=""144/1""","=""146/1""","=""150/1""","=""151/1""","=""155/1""","=""157/1""","=""161/1""","=""163/1""","=""172/1""","=""179/1""","=""180/1""","=""191/1""","=""201/1""","=""206/1""","=""215/2""","=""217/2""","=""220/2""","=""229/2""","=""236/2""",N/A,N/A,N/A
Match 110,Sri Lanka,West Indies,Sir Vivian Richards Stadium,1,2021-03-12,"=""1/0""","=""7/0""","=""11/1""","=""22/1""","=""25/1""","=""28/1""","=""34/2""","=""45/2""","=""50/3""","=""51/3""","=""53/3""","=""55/3""","=""59/3""","=""72/3""","=""81/3""","=""90/3""","=""97/3""","=""100/3""","=""108/3""","=""112/3""","=""114/3""","=""118/3""","=""122/3""","=""128/3""","=""130/3""","=""134/3""","=""140/3""","=""143/3""","=""146/3""","=""152/4""","=""156/4""","=""160/4""","=""164/4""","=""168/4""","=""171/4""","=""176/4""","=""182/4""","=""187/5""","=""188/5""","=""193/5""","=""196/5""","=""204/6""","=""211/6""","=""214/6""","=""222/6""","=""227/6""","=""238/6""","=""253/6""","=""268/6""","=""273/8"""
Match 111,West Indies,Sri Lanka,Sir Vivian Richards Stadium,2,2021-03-12,"=""6/0""","=""10/0""","=""15/0""","=""27/0""","=""28/0""","=""33/0""","=""35/0""","=""45/0""","=""54/0""","=""57/0""","=""60/0""","=""70/0""","=""78/0""","=""82/0""","=""86/0""","=""88/0""","=""97/0""","=""100/0""","=""102/0""","=""105/0""","=""108/0""","=""117/0""","=""124/0""","=""125/0""","=""128/0""","=""137/0""","=""150/0""","=""153/0""","=""155/0""","=""157/0""","=""161/0""","=""167/0""","=""171/0""","=""176/0""","=""184/0""","=""187/0""","=""192/0""","=""192/1""","=""195/2""","=""198/2""","=""202/2""","=""212/3""","=""214/3""","=""217/3""","=""228/3""","=""237/4""","=""243/4""","=""261/5""","=""265/5""","=""274/5"""
Match 112,Sri Lanka,West Indies,Sir Vivian Richards Stadium,1,2021-03-14,"=""6/0""","=""8/0""","=""14/0""","=""18/0""","=""26/0""","=""34/0""","=""38/0""","=""45/0""","=""49/0""","=""50/0""","=""52/0""","=""62/0""","=""64/0""","=""68/1""","=""70/2""","=""73/2""","=""80/2""","=""83/2""","=""84/2""","=""93/2""","=""101/3""","=""107/3""","=""110/3""","=""116/3""","=""117/4""","=""123/4""","=""127/4""","=""132/4""","=""135/4""","=""142/4""","=""148/5""","=""151/6""","=""153/6""","=""155/6""","=""157/6""","=""160/6""","=""163/6""","=""173/6""","=""178/6""","=""185/6""","=""191/6""","=""193/6""","=""200/6""","=""201/6""","=""211/6""","=""223/6""","=""234/6""","=""241/6""","=""254/6""","=""274/6"""
Match 113,West Indies,Sri Lanka,Sir Vivian Richards Stadium,2,2021-03-14,"=""2/0""","=""9/0""","=""12/0""","=""18/0""","=""24/1""","=""29/1""","=""29/1""","=""30/1""","=""38/1""","=""40/2""","=""41/2""","=""42/2""","=""53/2""","=""56/2""","=""60/2""","=""64/2""","=""65/2""","=""68/2""","=""71/2""","=""79/2""","=""91/2""","=""91/2""","=""93/2""","=""109/2""","=""112/2""","=""118/2""","=""126/2""","=""126/2""","=""131/2""","=""137/2""","=""148/2""","=""149/3""","=""158/3""","=""168/3""","=""169/4""","=""174/4""","=""189/4""","=""202/4""","=""207/4""","=""210/4""","=""216/4""","=""221/4""","=""229/4""","=""233/4""","=""242/4""","=""249/4""","=""252/5""","=""266/5""","=""276/5""",N/A
Match 114,Bangladesh,Sri Lanka,"Shere Bangla National Stadium, Mirpur",1,2021-05-23,"=""5/0""","=""9/1""","=""12/1""","=""14/1""","=""18/1""","=""26/1""","=""26/1""","=""27/1""","=""37/1""","=""40/1""","=""42/1""","=""43/1""","=""46/2""","=""52/2""","=""54/2""","=""56/2""","=""58/2""","=""66/2""","=""71/2""","=""79/2""","=""88/2""","=""96/2""","=""99/4""","=""100/4""","=""103/4""","=""108/4""","=""117/4""","=""120/4""","=""121/4""","=""124/4""","=""132/4""","=""141/4""","=""145/4""","=""153/4""","=""162/4""","=""174/4""","=""182/4""","=""187/4""","=""190/4""","=""193/4""","=""194/4""","=""199/4""","=""208/4""","=""210/5""","=""215/5""","=""220/5""","=""230/5""","=""233/6""","=""247/6""","=""257/6"""
Match 115,Sri Lanka,Bangladesh,"Shere Bangla National Stadium, Mirpur",2,2021-05-23,"=""3/0""","=""11/0""","=""14/0""","=""27/0""","=""30/1""","=""36/1""","=""40/1""","=""41/2""","=""44/2""","=""49/2""","=""52/2""","=""54/2""","=""63/2""","=""65/2""","=""69/2""","=""72/2""","=""75/2""","=""82/2""","=""85/3""","=""87/3""","=""94/3""","=""94/4""","=""97/4""","=""98/5""","=""100/5""","=""100/5""","=""102/5""","=""110/6""","=""111/6""","=""119/6""","=""131/6""","=""139/6""","=""144/6""","=""149/6""","=""157/7""","=""165/7""","=""170/7""","=""176/7""","=""181/7""","=""191/7""","=""195/7""","=""198/7""","=""205/7""","=""211/8""","=""213/9""","=""217/9""","=""223/9""","=""224/9""","=""224/10""",N/A
Match 116,Bangladesh,Sri Lanka,"Shere Bangla National Stadium, Mirpur",1,2021-05-25,"=""15/0""","=""15/2""","=""16/2""","=""16/2""","=""21/2""","=""26/2""","=""29/2""","=""35/2""","=""38/2""","=""44/2""","=""49/2""","=""52/3""","=""58/3""","=""66/3""","=""69/3""","=""74/4""","=""75/4""","=""81/4""","=""88/4""","=""91/4""","=""93/4""","=""98/4""","=""103/4""","=""103/4""","=""111/4""","=""114/4""","=""119/4""","=""122/4""","=""134/4""","=""141/4""","=""149/4""","=""155/4""","=""158/4""","=""165/5""","=""172/5""","=""175/5""","=""179/6""","=""184/7""","=""185/7""","=""188/7""","=""195/7""","=""203/7""","=""212/7""","=""217/7""","=""228/7""","=""231/7""","=""237/8""","=""246/9""","=""246/10""",N/A
Match 117,Sri Lanka,Bangladesh,"Shere Bangla National Stadium, Mirpur",2,2021-05-25,"=""2/0""","=""6/0""","=""10/0""","=""16/0""","=""23/0""","=""24/1""","=""25/1""","=""27/1""","=""32/1""","=""38/1""","=""45/1""","=""48/1""","=""51/1""","=""53/2""","=""55/2""","=""59/2""","=""67/2""","=""70/2""","=""71/3""","=""73/3""","=""76/3""","=""81/4""","=""86/4""","=""87/4""","=""90/5""","=""91/5""","=""99/5""","=""102/5""","=""104/5""","=""106/6""","=""109/6""","=""111/6""","=""112/6""","=""114/7""","=""118/8""","=""122/8""","=""122/9""","=""126/9""","=""128/9""","=""141/9""",N/A,N/A,N/A,N/A,N/A,N/A,N/A,N/A,N/A,N/A
Match 118,Sri Lanka,Bangladesh,"Shere Bangla National Stadium, Mirpur",1,2021-05-28,"=""9/0""","=""11/0""","=""19/0""","=""27/0""","=""36/0""","=""41/0""","=""50/0""","=""54/0""","=""66/0""","=""77/0""","=""79/0""","=""82/2""","=""85/2""","=""88/2""","=""93/2""","=""101/2""","=""103/2""","=""107/2""","=""116/2""","=""120/2""","=""123/2""","=""126/2""","=""131/2""","=""145/2""","=""150/2""","=""151/3""","=""156/3""","=""161/3""","=""164/3""","=""170/3""","=""172/3""","=""177/3""","=""182/3""","=""187/3""","=""197/3""","=""200/3""","=""203/3""","=""209/3""","=""216/3""","=""217/4""","=""225/4""","=""229/4""","=""234/5""","=""239/5""","=""247/5""","=""252/5""","=""259/5""","=""266/5""","=""268/6""","=""286/6"""
Match 119,Bangladesh,Sri Lanka,"Shere Bangla National Stadium, Mirpur",2,2021-05-28,"=""2/0""","=""3/1""","=""9/1""","=""11/2""","=""13/2""","=""13/2""","=""19/2""","=""21/2""","=""28/2""","=""29/3""","=""33/3""","=""38/3""","=""41/3""","=""48/3""","=""49/3""","=""51/3""","=""53/3""","=""64/3""","=""68/3""","=""70/3""","=""75/3""","=""80/3""","=""84/3""","=""88/4""","=""90/4""","=""99/4""","=""104/4""","=""109/4""","=""113/4""","=""120/4""","=""123/4""","=""126/5""","=""130/5""","=""137/5""","=""146/5""","=""153/5""","=""157/5""","=""161/6""","=""162/8""","=""171/8""","=""172/8""","=""181/9""","=""189/10""",N/A,N/A,N/A,N/A,N/A,N/A,N/A
Match 120,Sri Lanka,India,"R Premadasa Stadium, Colombo",1,2021-07-18,"=""4/0""","=""14/0""","=""20/0""","=""23/0""","=""26/0""","=""26/0""","=""32/0""","=""39/0""","=""49/0""","=""55/1""","=""58/1""","=""61/1""","=""68/1""","=""76/1""","=""82/1""","=""85/1""","=""91/3""","=""91/3""","=""94/3""","=""96/3""","=""106/3""","=""108/3""","=""108/3""","=""115/3""","=""117/4""","=""120/4""","=""123/4""","=""126/4""","=""129/4""","=""132/4""","=""139/4""","=""141/4""","=""146/4""","=""149/4""","=""151/4""","=""156/4""","=""165/4""","=""169/5""","=""182/5""","=""186/6""","=""188/6""","=""197/6""","=""201/6""","=""205/7""","=""210/7""","=""218/7""","=""223/8""","=""230/8""","=""243/8""","=""262/9"""
Match 121,India,Sri Lanka,"R Premadasa Stadium, Colombo",2,2021-07-18,"=""9/0""","=""22/0""","=""31/0""","=""45/0""","=""57/0""","=""68/1""","=""72/1""","=""84/1""","=""89/1""","=""91/1""","=""92/1""","=""96/1""","=""109/1""","=""115/1""","=""127/1""","=""134/1""","=""140/1""","=""143/2""","=""146/2""","=""153/2""","=""158/2""","=""163/2""","=""163/2""","=""174/2""","=""177/2""","=""193/2""","=""195/2""","=""200/2""","=""208/2""","=""210/2""","=""217/3""","=""223/3""","=""231/3""","=""245/3""","=""256/3""","=""260/3""","=""263/3""",N/A,N/A,N/A,N/A,N/A,N/A,N/A,N/A,N/A,N/A,N/A,N/A,N/A
Match 122,Sri Lanka,India,"R Premadasa Stadium, Colombo",1,2021-07-20,"=""2/0""","=""6/0""","=""7/0""","=""19/0""","=""28/0""","=""37/0""","=""44/0""","=""53/0""","=""57/0""","=""59/0""","=""66/0""","=""70/0""","=""75/0""","=""78/2""","=""83/2""","=""85/2""","=""90/2""","=""94/2""","=""96/2""","=""98/2""","=""103/2""","=""107/2""","=""110/2""","=""118/2""","=""124/3""","=""126/3""","=""132/3""","=""137/4""","=""140/4""","=""144/4""","=""155/4""","=""160/4""","=""162/4""","=""170/4""","=""171/4""","=""178/5""","=""185/5""","=""192/5""","=""194/5""","=""195/6""","=""204/6""","=""210/6""","=""213/6""","=""219/6""","=""229/6""","=""238/6""","=""244/6""","=""252/7""","=""264/7""","=""275/9"""
Match 123,India,Sri Lanka,"R Premadasa Stadium, Colombo",2,2021-07-20,"=""14/0""","=""26/0""","=""28/1""","=""36/1""","=""39/2""","=""42/2""","=""43/2""","=""50/2""","=""56/2""","=""60/2""","=""64/2""","=""65/3""","=""78/3""","=""85/3""","=""95/3""","=""107/3""","=""114/3""","=""116/5""","=""123/5""","=""126/5""","=""126/5""","=""131/5""","=""135/5""","=""142/5""","=""147/5""","=""149/5""","=""160/6""","=""164/6""","=""170/6""","=""175/6""","=""181/6""","=""184/6""","=""190/6""","=""191/6""","=""193/6""","=""195/7""","=""196/7""","=""197/7""","=""204/7""","=""209/7""","=""216/7""","=""220/7""","=""229/7""","=""241/7""","=""245/7""","=""247/7""","=""260/7""","=""261/7""","=""273/7""","=""277/7"""
Match 124,India,Sri Lanka,"R Premadasa Stadium, Colombo",1,2021-07-23,"=""11/0""","=""23/0""","=""29/1""","=""35/1""","=""40/1""","=""44/1""","=""52/1""","=""54/1""","=""59/1""","=""66/1""","=""71/1""","=""76/1""","=""83/1""","=""87/1""","=""101/1""","=""102/2""","=""110/2""","=""114/2""","=""120/3""","=""127/3""","=""132/3""","=""142/3""","=""147/3""","=""155/3""","=""158/4""","=""168/4""","=""176/4""","=""179/4""","=""184/5""","=""187/5""","=""190/6""","=""192/6""","=""195/8""","=""198/8""","=""199/8""","=""202/8""","=""206/8""","=""209/8""","=""212/8""","=""218/8""","=""221/8""","=""222/8""","=""225/9""","=""225/10""",N/A,N/A,N/A,N/A,N/A,N/A
Match 125,Sri Lanka,India,"R Premadasa Stadium, Colombo",2,2021-07-23,"=""5/0""","=""10/0""","=""20/0""","=""24/0""","=""25/0""","=""35/1""","=""40/1""","=""43/1""","=""50/1""","=""55/1""","=""68/1""","=""71/1""","=""81/1""","=""91/1""","=""92/1""","=""101/1""","=""104/1""","=""111/1""","=""117/1""","=""127/1""","=""132/1""","=""138/1""","=""144/2""","=""149/2""","=""151/3""","=""154/3""","=""162/3""","=""164/3""","=""171/3""","=""175/3""","=""182/3""","=""194/4""","=""195/5""","=""203/5""","=""211/5""","=""213/5""","=""217/6""","=""219/6""","=""227/7""",N/A,N/A,N/A,N/A,N/A,N/A,N/A,N/A,N/A,N/A,N/A
Match 126,Australia,West Indies,"Kensington Oval, Bridgetown, Barbados",1,2021-07-20,"=""4/0""","=""8/0""","=""10/0""","=""11/0""","=""15/0""","=""17/0""","=""31/0""","=""37/0""","=""38/0""","=""50/0""","=""51/1""","=""52/1""","=""64/1""","=""69/1""","=""76/1""","=""80/2""","=""88/2""","=""89/2""","=""93/2""","=""97/2""","=""97/2""","=""99/2""","=""102/3""","=""104/3""","=""114/3""","=""116/4""","=""124/4""","=""127/4""","=""130/4""","=""140/4""","=""143/4""","=""150/4""","=""153/4""","=""156/4""","=""158/4""","=""160/4""","=""163/4""","=""171/4""","=""174/4""","=""187/4""","=""189/4""","=""206/4""","=""211/4""","=""218/4""","=""220/6""","=""228/6""","=""233/8""","=""241/8""","=""252/9""",N/A
Match 127,West Indies,Australia,"Kensington Oval, Bridgetown, Barbados",2,2021-07-20,"=""3/1""","=""4/1""","=""17/2""","=""18/3""","=""22/4""","=""23/5""","=""27/5""","=""27/6""","=""33/6""","=""35/6""","=""47/6""","=""53/6""","=""71/6""","=""72/6""","=""80/6""","=""82/6""","=""84/6""","=""91/6""","=""95/7""","=""96/7""","=""98/7""","=""98/9""","=""98/9""","=""104/9""","=""109/9""","=""122/9""","=""123/10""",N/A,N/A,N/A,N/A,N/A,N/A,N/A,N/A,N/A,N/A,N/A,N/A,N/A,N/A,N/A,N/A,N/A,N/A,N/A,N/A,N/A,N/A,N/A
Match 128,Australia,West Indies,"Kensington Oval, Bridgetown, Barbados",1,2021-07-22,"=""1/1""","=""4/1""","=""6/1""","=""14/1""","=""19/1""","=""23/1""","=""26/2""","=""30/3""","=""34/3""","=""37/3""","=""41/4""","=""44/4""","=""46/6""","=""47/6""","=""52/6""","=""57/6""","=""62/6""","=""64/6""","=""70/6""","=""78/6""","=""80/6""","=""83/6""","=""84/6""","=""91/6""","=""92/6""","=""95/6""","=""97/7""","=""99/7""","=""101/7""","=""103/7""","=""110/7""","=""114/7""","=""116/7""","=""120/7""","=""122/7""","=""125/7""","=""126/7""","=""128/7""","=""135/8""","=""140/8""","=""149/8""","=""152/8""","=""154/8""","=""160/8""","=""167/8""","=""180/8""","=""187/9""","=""187/10""",N/A,N/A
Match 129,West Indies,Australia,"Kensington Oval, Bridgetown, Barbados",2,2021-07-22,"=""1/0""","=""8/0""","=""11/2""","=""17/2""","=""24/2""","=""34/2""","=""35/2""","=""47/2""","=""47/3""","=""51/3""","=""55/3""","=""62/3""","=""69/3""","=""72/4""","=""74/5""","=""77/5""","=""81/5""","=""86/5""","=""91/5""","=""93/5""","=""97/5""","=""105/5""","=""106/5""","=""112/5""","=""114/5""","=""119/5""","=""129/5""","=""137/5""","=""146/5""","=""151/5""","=""153/5""","=""156/5""","=""158/5""","=""163/5""","=""165/6""","=""172/6""","=""175/6""","=""191/6""",N/A,N/A,N/A,N/A,N/A,N/A,N/A,N/A,N/A,N/A,N/A,N/A
Match 130,West Indies,Australia,"Kensington Oval, Bridgetown, Barbados",1,2021-07-26,"=""7/0""","=""7/0""","=""10/0""","=""14/0""","=""20/0""","=""21/0""","=""23/0""","=""24/1""","=""33/1""","=""37/1""","=""39/1""","=""41/1""","=""43/2""","=""46/3""","=""47/3""","=""47/3""","=""56/3""","=""59/3""","=""60/4""","=""62/4""","=""66/4""","=""71/4""","=""75/5""","=""75/6""","=""79/6""","=""80/6""","=""92/6""","=""93/6""","=""101/6""","=""105/6""","=""111/6""","=""115/6""","=""116/6""","=""119/6""","=""119/6""","=""121/7""","=""127/7""","=""132/7""","=""134/8""","=""135/8""","=""137/9""","=""143/9""","=""143/9""","=""145/9""","=""152/9""","=""152/10""",N/A,N/A,N/A,N/A
Match 131,Australia,West Indies,"Kensington Oval, Bridgetown, Barbados",2,2021-07-26,"=""9/0""","=""10/0""","=""11/1""","=""15/1""","=""15/1""","=""19/1""","=""25/1""","=""28/2""","=""31/2""","=""34/2""","=""43/2""","=""51/2""","=""55/2""","=""71/3""","=""77/3""","=""83/3""","=""85/3""","=""91/3""","=""96/3""","=""99/3""","=""100/4""","=""102/4""","=""111/4""","=""112/4""","=""117/4""","=""122/4""","=""128/4""","=""135/4""","=""137/4""","=""147/4""","=""153/4""",N/A,N/A,N/A,N/A,N/A,N/A,N/A,N/A,N/A,N/A,N/A,N/A,N/A,N/A,N/A,N/A,N/A,N/A,N/A
Match 132,Bangladesh,Zimbabwe,Harare Sports Club,1,2021-07-16,"=""0/0""","=""0/0""","=""5/1""","=""13/1""","=""13/1""","=""21/1""","=""25/1""","=""31/1""","=""36/2""","=""38/2""","=""46/2""","=""47/2""","=""54/2""","=""57/3""","=""62/3""","=""67/3""","=""70/3""","=""74/3""","=""74/4""","=""76/4""","=""79/4""","=""83/4""","=""90/4""","=""91/4""","=""98/4""","=""102/4""","=""106/4""","=""110/4""","=""117/4""","=""124/4""","=""126/4""","=""136/4""","=""144/4""","=""155/4""","=""164/4""","=""168/5""","=""175/5""","=""186/5""","=""193/5""","=""199/5""","=""206/5""","=""209/6""","=""211/6""","=""221/6""","=""228/6""","=""234/6""","=""241/6""","=""257/6""","=""267/9""","=""276/9"""
Match 133,Zimbabwe,Bangladesh,Harare Sports Club,2,2021-07-16,"=""1/0""","=""7/1""","=""10/1""","=""13/1""","=""17/2""","=""23/2""","=""25/2""","=""36/2""","=""45/2""","=""47/2""","=""49/3""","=""62/3""","=""66/3""","=""78/3""","=""79/4""","=""83/4""","=""83/4""","=""86/4""","=""91/4""","=""100/4""","=""105/5""","=""108/6""","=""108/7""","=""111/7""","=""112/7""","=""119/7""","=""119/8""","=""120/8""","=""121/9""",N/A,N/A,N/A,N/A,N/A,N/A,N/A,N/A,N/A,N/A,N/A,N/A,N/A,N/A,N/A,N/A,N/A,N/A,N/A,N/A,N/A
Match 134,Zimbabwe,Bangladesh,Harare Sports Club,1,2021-07-18,"=""3/1""","=""6/1""","=""11/1""","=""21/1""","=""30/1""","=""33/2""","=""34/2""","=""37/2""","=""38/2""","=""46/2""","=""57/2""","=""61/2""","=""63/2""","=""65/2""","=""74/2""","=""81/3""","=""83/3""","=""86/3""","=""88/3""","=""89/3""","=""94/3""","=""97/3""","=""102/3""","=""107/3""","=""113/4""","=""115/4""","=""117/4""","=""125/4""","=""127/4""","=""130/4""","=""139/4""","=""144/4""","=""147/5""","=""152/5""","=""155/5""","=""163/5""","=""166/5""","=""177/5""","=""181/5""","=""185/5""","=""188/5""","=""197/5""","=""202/5""","=""208/5""","=""210/6""","=""220/6""","=""221/8""","=""229/9""","=""232/9""","=""240/9"""
Match 135,Bangladesh,Zimbabwe,Harare Sports Club,2,2021-07-18,"=""1/0""","=""1/0""","=""9/0""","=""14/0""","=""15/0""","=""20/0""","=""20/0""","=""34/0""","=""35/0""","=""40/1""","=""43/1""","=""46/1""","=""46/2""","=""50/3""","=""53/3""","=""61/3""","=""71/3""","=""74/3""","=""77/4""","=""79/4""","=""90/4""","=""92/4""","=""100/4""","=""107/4""","=""109/4""","=""116/4""","=""125/4""","=""130/4""","=""131/5""","=""137/5""","=""141/5""","=""145/6""","=""147/6""","=""149/6""","=""157/6""","=""160/6""","=""165/6""","=""172/6""","=""173/7""","=""179/7""","=""188/7""","=""191/7""","=""194/7""","=""203/7""","=""210/7""","=""215/7""","=""221/7""","=""229/7""","=""238/7""","=""242/7"""
Match 136,Zimbabwe,Bangladesh,Harare Sports Club,1,2021-07-20,"=""1/0""","=""10/0""","=""11/0""","=""13/0""","=""20/0""","=""29/0""","=""33/0""","=""35/0""","=""36/1""","=""38/1""","=""43/1""","=""48/1""","=""58/1""","=""62/1""","=""63/1""","=""72/1""","=""74/1""","=""81/2""","=""87/2""","=""92/2""","=""96/2""","=""100/2""","=""109/2""","=""114/2""","=""130/2""","=""133/2""","=""142/2""","=""146/2""","=""149/2""","=""153/3""","=""156/4""","=""164/4""","=""171/4""","=""172/4""","=""172/5""","=""176/5""","=""178/5""","=""185/5""","=""195/5""","=""204/5""","=""212/5""","=""217/5""","=""224/5""","=""233/5""","=""244/5""","=""257/5""","=""279/5""","=""288/6""","=""296/9""","=""298/10"""
Match 137,Bangladesh,Zimbabwe,Harare Sports Club,2,2021-07-20,"=""1/0""","=""11/0""","=""12/0""","=""14/0""","=""23/0""","=""26/0""","=""33/0""","=""52/0""","=""55/0""","=""57/0""","=""65/0""","=""69/0""","=""84/0""","=""88/1""","=""90/1""","=""97/1""","=""102/1""","=""107/1""","=""116/1""","=""120/1""","=""123/1""","=""127/1""","=""131/1""","=""142/1""","=""145/1""","=""149/2""","=""158/2""","=""167/2""","=""174/2""","=""183/2""","=""192/2""","=""194/2""","=""197/2""","=""204/2""","=""210/4""","=""215/4""","=""224/4""","=""237/4""","=""245/4""","=""248/4""","=""249/4""","=""253/4""","=""267/4""","=""269/5""","=""279/5""","=""280/5""","=""286/5""","=""302/5""",N/A,N/A
Match 138,Sri Lanka,South Africa,"R Premadasa Stadium, Colombo",1,2021-09-02,"=""3/0""","=""7/0""","=""16/0""","=""26/0""","=""36/0""","=""41/0""","=""41/0""","=""43/0""","=""46/0""","=""50/0""","=""54/0""","=""57/1""","=""59/2""","=""64/2""","=""66/2""","=""68/2""","=""76/2""","=""82/2""","=""87/2""","=""92/2""","=""97/2""","=""105/2""","=""108/2""","=""111/2""","=""114/2""","=""116/2""","=""118/2""","=""119/2""","=""126/2""","=""136/2""","=""140/3""","=""146/3""","=""150/3""","=""160/3""","=""169/3""","=""178/3""","=""186/3""","=""194/3""","=""206/3""","=""210/3""","=""217/3""","=""230/3""","=""241/4""","=""244/4""","=""247/4""","=""255/5""","=""264/5""","=""272/6""","=""287/6""","=""300/9"""
Match 139,South Africa,Sri Lanka,"R Premadasa Stadium, Colombo",2,2021-09-02,"=""7/0""","=""9/0""","=""12/0""","=""23/0""","=""29/0""","=""30/0""","=""43/0""","=""45/0""","=""49/0""","=""49/1""","=""58/1""","=""64/1""","=""69/1""","=""72/1""","=""77/1""","=""85/1""","=""94/1""","=""97/1""","=""100/1""","=""109/1""","=""111/1""","=""122/1""","=""128/1""","=""135/1""","=""141/1""","=""144/1""","=""153/1""","=""155/2""","=""157/2""","=""161/2""","=""167/3""","=""169/3""","=""172/3""","=""176/3""","=""180/3""","=""182/3""","=""190/3""","=""201/3""","=""209/3""","=""210/4""","=""223/4""","=""232/4""","=""236/4""","=""242/4""","=""253/4""","=""260/5""","=""263/5""","=""269/5""","=""274/6""","=""286/7"""
Match 140,South Africa,Sri Lanka,"R Premadasa Stadium, Colombo",1,2021-09-04,"=""3/0""","=""5/0""","=""10/0""","=""16/0""","=""21/0""","=""29/0""","=""32/0""","=""40/0""","=""44/1""","=""50/1""","=""55/1""","=""58/1""","=""62/1""","=""65/1""","=""70/1""","=""75/1""","=""79/1""","=""83/1""","=""95/1""","=""100/1""","=""105/1""","=""111/1""","=""123/1""","=""126/1""","=""132/1""","=""133/1""","=""137/1""","=""140/2""","=""142/2""","=""147/2""","=""154/2""","=""159/2""","=""160/2""","=""167/2""","=""171/2""","=""177/3""","=""186/3""","=""197/3""","=""205/3""","=""209/3""","=""219/3""","=""225/3""","=""239/3""","=""255/3""","=""263/5""","=""269/6""","=""283/6""",N/A,N/A,N/A
Match 141,Sri Lanka,South Africa,"R Premadasa Stadium, Colombo",2,2021-09-04,"=""2/0""","=""5/0""","=""11/0""","=""17/0""","=""18/2""","=""23/3""","=""24/3""","=""32/3""","=""35/3""","=""43/3""","=""47/3""","=""51/3""","=""59/3""","=""61/3""","=""62/4""","=""70/4""","=""75/4""","=""78/4""","=""83/4""","=""87/4""","=""91/4""","=""94/4""","=""97/4""","=""104/4""","=""114/4""","=""125/4""","=""131/5""","=""142/6""","=""150/7""","=""153/7""","=""156/7""","=""165/7""","=""180/7""","=""184/7""","=""190/7""","=""194/8""","=""197/10""",N/A,N/A,N/A,N/A,N/A,N/A,N/A,N/A,N/A,N/A,N/A,N/A,N/A
Match 142,Sri Lanka,South Africa,"R Premadasa Stadium, Colombo",1,2021-09-07,"=""5/0""","=""6/0""","=""15/0""","=""22/1""","=""32/1""","=""33/1""","=""33/2""","=""40/2""","=""44/2""","=""53/2""","=""56/2""","=""58/2""","=""59/2""","=""63/2""","=""68/3""","=""73/3""","=""75/3""","=""78/3""","=""90/3""","=""94/4""","=""96/4""","=""99/4""","=""108/4""","=""112/4""","=""114/5""","=""117/5""","=""122/6""","=""123/6""","=""124/6""","=""128/6""","=""130/6""","=""133/6""","=""136/6""","=""138/6""","=""145/6""","=""148/6""","=""153/6""","=""160/7""","=""162/7""","=""165/7""","=""166/7""","=""168/8""","=""177/8""","=""178/8""","=""180/8""","=""182/8""","=""187/8""","=""197/8""","=""200/9""","=""203/9"""
Match 143,South Africa,Sri Lanka,"R Premadasa Stadium, Colombo",2,2021-09-07,"=""6/0""","=""9/1""","=""13/2""","=""19/2""","=""19/3""","=""22/3""","=""28/3""","=""34/3""","=""45/3""","=""46/4""","=""49/5""","=""50/5""","=""50/5""","=""52/5""","=""54/5""","=""57/6""","=""71/6""","=""72/6""","=""76/6""","=""83/6""","=""90/6""","=""93/7""","=""100/7""","=""102/8""","=""102/9""","=""113/9""","=""116/9""","=""121/9""","=""121/9""","=""125/10""",N/A,N/A,N/A,N/A,N/A,N/A,N/A,N/A,N/A,N/A,N/A,N/A,N/A,N/A,N/A,N/A,N/A,N/A,N/A,N/A
Match 144,Zimbabwe,Ireland,"Civil Service Cricket Club, Stormont, Belfast",1,2021-09-08,"=""6/0""","=""9/0""","=""13/0""","=""14/0""","=""16/1""","=""17/1""","=""22/1""","=""31/1""","=""43/1""","=""47/1""","=""57/1""","=""67/1""","=""81/1""","=""85/1""","=""86/2""","=""89/2""","=""90/2""","=""95/2""","=""98/2""","=""101/3""","=""102/3""","=""103/3""","=""105/3""","=""106/3""","=""114/3""","=""118/3""","=""118/3""","=""119/3""","=""123/3""","=""127/3""","=""127/3""","=""129/3""","=""131/3""","=""134/3""","=""142/3""","=""148/3""","=""155/4""","=""156/4""","=""163/4""","=""175/4""","=""182/4""","=""183/5""","=""190/5""","=""200/5""","=""212/5""","=""220/5""","=""230/6""","=""242/6""","=""257/6""","=""266/7"""
Match 145,Ireland,Zimbabwe,"Civil Service Cricket Club, Stormont, Belfast",2,2021-09-08,"=""1/0""","=""12/0""","=""17/0""","=""18/0""","=""21/0""","=""22/0""","=""22/0""","=""23/0""","=""28/0""","=""34/0""","=""38/0""","=""42/0""","=""49/0""","=""56/0""","=""64/0""","=""67/1""","=""71/1""","=""78/1""","=""79/1""","=""86/1""","=""91/1""","=""94/2""","=""103/2""","=""108/2""","=""109/2""","=""114/2""","=""117/2""","=""125/2""","=""129/2""","=""135/2""","=""140/2""","=""145/2""","=""157/2""","=""162/2""","=""165/3""","=""169/3""","=""181/3""","=""186/3""","=""189/4""","=""192/4""","=""195/5""","=""198/5""","=""202/6""","=""206/6""","=""210/7""","=""214/7""","=""219/8""","=""224/9""","=""228/10""",N/A
Match 146,Ireland,Zimbabwe,"Civil Service Cricket Club, Stormont, Belfast",1,2021-09-10,"=""0/0""","=""4/0""","=""9/0""","=""10/0""","=""17/0""","=""26/0""","=""28/0""","=""38/0""","=""39/0""","=""44/0""","=""51/0""","=""54/0""","=""58/0""","=""62/0""","=""64/0""","=""66/0""","=""68/0""","=""72/0""","=""77/0""","=""79/0""","=""80/0""","=""82/0""","=""82/1""","=""88/1""","=""90/1""","=""96/1""","=""97/1""","=""100/1""","=""102/1""","=""105/1""","=""110/1""","=""118/1""","=""137/1""","=""145/1""","=""151/2""","=""153/2""","=""159/3""","=""163/3""","=""167/3""","=""172/3""","=""183/3""","=""194/3""","=""203/4""","=""213/4""","=""225/4""","=""243/4""","=""249/4""","=""261/4""","=""268/5""","=""282/8"""
Match 147,Zimbabwe,Ireland,"Civil Service Cricket Club, Stormont, Belfast",1,2021-09-13,"=""0/0""","=""5/0""","=""7/0""","=""11/1""","=""15/1""","=""16/2""","=""17/2""","=""23/2""","=""27/2""","=""31/2""","=""42/2""","=""48/2""","=""54/2""","=""63/2""","=""69/2""","=""75/3""","=""75/3""","=""79/3""","=""84/4""","=""91/4""","=""94/4""","=""95/4""","=""97/4""","=""99/4""","=""104/5""","=""108/6""","=""117/6""","=""119/7""","=""119/8""","=""123/9""","=""125/9""","=""127/9""","=""128/9""","=""131/10""",N/A,N/A,N/A,N/A,N/A,N/A,N/A,N/A,N/A,N/A,N/A,N/A,N/A,N/A,N/A,N/A
Match 148,Ireland,Zimbabwe,"Civil Service Cricket Club, Stormont, Belfast",2,2021-09-13,"=""5/0""","=""8/0""","=""9/0""","=""10/0""","=""17/0""","=""20/0""","=""36/0""","=""36/0""","=""48/0""","=""48/1""","=""52/1""","=""54/1""","=""62/1""","=""65/1""","=""71/1""","=""79/1""","=""85/1""","=""95/2""","=""104/2""","=""109/2""","=""109/2""","=""113/3""","=""118/3""",N/A,N/A,N/A,N/A,N/A,N/A,N/A,N/A,N/A,N/A,N/A,N/A,N/A,N/A,N/A,N/A,N/A,N/A,N/A,N/A,N/A,N/A,N/A,N/A,N/A,N/A,N/A
Match 149,England,India,"Kennington Oval, London",1,2022-07-12,"=""6/0""","=""6/2""","=""15/3""","=""16/3""","=""17/3""","=""22/4""","=""26/4""","=""26/5""","=""27/5""","=""30/5""","=""42/5""","=""46/5""","=""49/5""","=""53/6""","=""59/7""","=""67/7""","=""68/8""","=""74/8""","=""79/8""","=""84/8""","=""90/8""","=""100/8""","=""103/8""","=""103/9""","=""110/9""","=""110/10""",N/A,N/A,N/A,N/A,N/A,N/A,N/A,N/A,N/A,N/A,N/A,N/A,N/A,N/A,N/A,N/A,N/A,N/A,N/A,N/A,N/A,N/A,N/A,N/A
Match 150,India,England,"Kennington Oval, London",2,2022-07-12,"=""1/0""","=""7/0""","=""8/0""","=""8/0""","=""14/0""","=""21/0""","=""37/0""","=""46/0""","=""46/0""","=""56/0""","=""56/0""","=""64/0""","=""69/0""","=""71/0""","=""74/0""","=""79/0""","=""97/0""","=""101/0""","=""114/0""",N/A,N/A,N/A,N/A,N/A,N/A,N/A,N/A,N/A,N/A,N/A,N/A,N/A,N/A,N/A,N/A,N/A,N/A,N/A,N/A,N/A,N/A,N/A,N/A,N/A,N/A,N/A,N/A,N/A,N/A,N/A
Match 151,England,India,"Lord's, London",1,2022-07-14,"=""2/0""","=""5/0""","=""9/0""","=""17/0""","=""30/0""","=""35/0""","=""40/0""","=""40/0""","=""41/1""","=""46/1""","=""50/1""","=""52/1""","=""59/1""","=""70/1""","=""72/2""","=""78/2""","=""81/2""","=""84/3""","=""87/4""","=""99/4""","=""101/4""","=""103/5""","=""105/5""","=""116/5""","=""121/5""","=""126/5""","=""129/5""","=""133/5""","=""148/6""","=""151/6""","=""153/6""","=""156/6""","=""159/6""","=""161/6""","=""167/6""","=""169/6""","=""184/6""","=""189/6""","=""194/6""","=""201/6""","=""208/6""","=""210/7""","=""213/7""","=""215/7""","=""222/7""","=""227/7""","=""237/8""","=""242/9""","=""246/10""",N/A
Match 152,India,England,"Lord's, London",2,2022-07-14,"=""0/0""","=""0/0""","=""5/1""","=""5/1""","=""10/1""","=""12/1""","=""20/1""","=""23/1""","=""27/2""","=""28/2""","=""31/3""","=""38/4""","=""42/4""","=""46/4""","=""54/4""","=""57/4""","=""59/4""","=""60/4""","=""70/4""","=""73/4""","=""75/5""","=""76/5""","=""77/5""","=""84/5""","=""91/5""","=""99/5""","=""101/5""","=""105/6""","=""112/6""","=""123/6""","=""128/6""","=""131/6""","=""136/6""","=""138/6""","=""140/7""","=""140/8""","=""141/8""","=""145/8""","=""146/10""",N/A,N/A,N/A,N/A,N/A,N/A,N/A,N/A,N/A,N/A,N/A
Match 153,England,India,"Old Trafford, Manchester",1,2022-07-17,"=""12/0""","=""12/2""","=""14/2""","=""24/2""","=""32/2""","=""38/2""","=""49/2""","=""59/2""","=""66/2""","=""66/3""","=""67/3""","=""69/3""","=""74/3""","=""74/4""","=""80/4""","=""80/4""","=""82/4""","=""84/4""","=""86/4""","=""91/4""","=""97/4""","=""107/4""","=""125/4""","=""128/4""","=""131/4""","=""147/4""","=""149/4""","=""156/5""","=""157/5""","=""162/5""","=""163/5""","=""170/5""","=""175/5""","=""181/5""","=""190/5""","=""192/5""","=""199/7""","=""202/7""","=""208/7""","=""214/7""","=""226/7""","=""235/7""","=""244/7""","=""249/8""","=""251/8""","=""259/10""",N/A,N/A,N/A,N/A
Match 154,India,England,"Old Trafford, Manchester",2,2022-07-17,"=""4/0""","=""13/0""","=""13/1""","=""16/1""","=""21/2""","=""31/2""","=""33/2""","=""38/2""","=""42/3""","=""43/3""","=""46/3""","=""52/3""","=""56/3""","=""61/3""","=""68/3""","=""71/3""","=""79/4""","=""82/4""","=""84/4""","=""95/4""","=""101/4""","=""108/4""","=""111/4""","=""116/4""","=""125/4""","=""126/4""","=""137/4""","=""141/4""","=""148/4""","=""152/4""","=""159/4""","=""169/4""","=""179/4""","=""183/4""","=""197/4""","=""206/5""","=""208/5""","=""213/5""","=""221/5""","=""231/5""","=""236/5""","=""257/5""","=""261/5""",N/A,N/A,N/A,N/A,N/A,N/A,N/A
Match 155,South Africa,England,"Riverside Ground, Chester-le-Street",1,2022-07-19,"=""4/0""","=""12/0""","=""16/0""","=""27/0""","=""28/0""","=""35/0""","=""35/1""","=""42/1""","=""51/1""","=""54/1""","=""59/1""","=""69/1""","=""72/1""","=""74/1""","=""81/1""","=""90/1""","=""91/1""","=""102/1""","=""108/1""","=""112/1""","=""122/1""","=""126/1""","=""130/1""","=""135/1""","=""143/1""","=""145/2""","=""149/2""","=""153/2""","=""161/2""","=""167/2""","=""170/2""","=""176/2""","=""190/2""","=""198/2""","=""207/2""","=""215/2""","=""222/2""","=""229/2""","=""238/2""","=""244/2""","=""252/2""","=""265/2""","=""275/2""","=""287/2""","=""292/2""","=""297/4""","=""308/4""","=""314/4""","=""327/4""","=""333/5"""
Match 156,England,South Africa,"Riverside Ground, Chester-le-Street",2,2022-07-19,"=""0/0""","=""3/0""","=""12/0""","=""18/0""","=""21/0""","=""27/0""","=""32/0""","=""37/0""","=""44/0""","=""47/0""","=""56/0""","=""59/0""","=""66/0""","=""68/0""","=""73/0""","=""77/0""","=""86/0""","=""96/0""","=""102/1""","=""106/1""","=""111/1""","=""112/1""","=""120/1""","=""125/2""","=""127/2""","=""131/2""","=""134/2""","=""142/3""","=""145/3""","=""153/3""","=""156/3""","=""164/4""","=""168/4""","=""174/4""","=""183/4""","=""190/4""","=""196/5""","=""200/6""","=""207/6""","=""215/6""","=""219/6""","=""231/6""","=""235/6""","=""248/6""","=""254/9""","=""263/9""","=""271/10""",N/A,N/A,N/A
Match 157,England,South Africa,"Old Trafford, Manchester",1,2022-07-22,"=""8/0""","=""14/0""","=""22/1""","=""30/1""","=""35/1""","=""49/1""","=""54/2""","=""57/2""","=""62/4""","=""66/4""","=""71/4""","=""72/5""","=""77/5""","=""83/5""","=""91/5""","=""95/5""","=""100/5""","=""103/6""","=""112/6""","=""122/6""","=""145/7""","=""147/7""","=""153/7""","=""167/8""","=""178/8""","=""183/8""","=""193/9""","=""200/9""","=""201/10""",N/A,N/A,N/A,N/A,N/A,N/A,N/A,N/A,N/A,N/A,N/A,N/A,N/A,N/A,N/A,N/A,N/A,N/A,N/A,N/A,N/A
Match 158,South Africa,England,"Old Trafford, Manchester",2,2022-07-22,"=""1/0""","=""5/0""","=""6/2""","=""6/4""","=""17/4""","=""19/4""","=""23/4""","=""26/4""","=""29/5""","=""39/5""","=""42/5""","=""49/5""","=""55/5""","=""61/5""","=""67/6""","=""68/7""","=""76/7""","=""76/8""","=""76/8""","=""81/9""","=""83/10""",N/A,N/A,N/A,N/A,N/A,N/A,N/A,N/A,N/A,N/A,N/A,N/A,N/A,N/A,N/A,N/A,N/A,N/A,N/A,N/A,N/A,N/A,N/A,N/A,N/A,N/A,N/A,N/A,N/A
Match 159,South Africa,England,"Headingley, Leeds",1,2022-07-24,"=""5/0""","=""5/0""","=""9/0""","=""14/0""","=""24/0""","=""25/1""","=""31/1""","=""44/1""","=""51/1""","=""60/1""","=""65/1""","=""71/1""","=""78/1""","=""81/1""","=""92/1""","=""97/1""","=""101/2""","=""104/2""","=""108/2""","=""114/2""","=""119/2""","=""121/2""","=""127/2""","=""130/2""","=""138/2""","=""148/2""","=""157/2""","=""159/2""",N/A,N/A,N/A,N/A,N/A,N/A,N/A,N/A,N/A,N/A,N/A,N/A,N/A,N/A,N/A,N/A,N/A,N/A,N/A,N/A,N/A,N/A
Match 160,South Africa,India,"Boland Park, Paarl",1,2022-01-19,"=""6/0""","=""9/0""","=""14/0""","=""19/0""","=""23/1""","=""24/1""","=""26/1""","=""31/1""","=""35/1""","=""39/1""","=""46/1""","=""52/1""","=""52/1""","=""53/1""","=""58/1""","=""65/2""","=""66/2""","=""70/3""","=""76/3""","=""80/3""","=""86/3""","=""92/3""","=""100/3""","=""109/3""","=""118/3""","=""123/3""","=""126/3""","=""133/3""","=""141/3""","=""148/3""","=""151/3""","=""155/3""","=""163/3""","=""169/3""","=""181/3""","=""182/3""","=""190/3""","=""198/3""","=""203/3""","=""210/3""","=""216/3""","=""222/3""","=""234/3""","=""239/3""","=""245/3""","=""255/3""","=""259/3""","=""272/3""","=""279/4""","=""296/4"""
Match 161,India,South Africa,"Boland Park, Paarl",2,2022-01-19,"=""2/0""","=""6/0""","=""10/0""","=""18/0""","=""24/0""","=""28/0""","=""35/0""","=""44/0""","=""50/1""","=""55/1""","=""60/1""","=""67/1""","=""70/1""","=""74/1""","=""80/1""","=""83/1""","=""90/1""","=""94/1""","=""102/1""","=""104/1""","=""113/1""","=""117/1""","=""125/1""","=""129/1""","=""137/1""","=""140/2""","=""146/2""","=""152/2""","=""153/3""","=""156/3""","=""160/3""","=""168/3""","=""177/3""","=""181/4""","=""185/5""","=""188/6""","=""190/6""","=""197/6""","=""200/7""","=""203/7""","=""211/7""","=""214/7""","=""214/8""","=""218/8""","=""224/8""","=""230/8""","=""237/8""","=""254/8""","=""259/8""","=""265/8"""
Match 162,India,South Africa,"Boland Park, Paarl",1,2022-01-21,"=""1/0""","=""16/0""","=""21/0""","=""26/0""","=""33/0""","=""42/0""","=""45/0""","=""49/0""","=""55/0""","=""57/0""","=""58/0""","=""63/1""","=""64/2""","=""65/2""","=""70/2""","=""72/2""","=""83/2""","=""90/2""","=""99/2""","=""108/2""","=""111/2""","=""115/2""","=""119/2""","=""133/2""","=""141/2""","=""148/2""","=""150/2""","=""162/2""","=""167/2""","=""171/2""","=""179/2""","=""183/3""","=""186/4""","=""187/4""","=""191/4""","=""203/4""","=""207/5""","=""213/5""","=""215/5""","=""217/5""","=""220/5""","=""227/5""","=""232/5""","=""239/6""","=""245/6""","=""252/6""","=""263/6""","=""268/6""","=""273/6""","=""287/6"""
Match 163,South Africa,India,"Boland Park, Paarl",2,2022-01-21,"=""7/0""","=""23/0""","=""28/0""","=""34/0""","=""38/0""","=""38/0""","=""41/0""","=""52/0""","=""59/0""","=""66/0""","=""72/0""","=""75/0""","=""81/0""","=""90/0""","=""93/0""","=""105/0""","=""109/0""","=""116/0""","=""121/0""","=""122/0""","=""128/0""","=""132/1""","=""142/1""","=""145/1""","=""153/1""","=""160/1""","=""167/1""","=""173/1""","=""176/1""","=""180/1""","=""187/1""","=""196/1""","=""197/1""","=""211/1""","=""213/2""","=""215/3""","=""217/3""","=""225/3""","=""237/3""","=""245/3""","=""248/3""","=""253/3""","=""258/3""","=""270/3""","=""272/3""","=""276/3""","=""281/3""","=""287/3""","=""288/3""",N/A
Match 164,South Africa,India,"Newlands, Cape Town",1,2022-01-23,"=""2/0""","=""8/0""","=""19/1""","=""25/1""","=""31/1""","=""34/1""","=""36/2""","=""42/2""","=""47/2""","=""53/2""","=""62/2""","=""69/2""","=""72/3""","=""73/3""","=""79/3""","=""86/3""","=""90/3""","=""93/3""","=""94/3""","=""103/3""","=""115/3""","=""120/3""","=""129/3""","=""134/3""","=""139/3""","=""141/3""","=""144/3""","=""154/3""","=""163/3""","=""170/3""","=""174/3""","=""183/3""","=""195/3""","=""197/3""","=""212/3""","=""216/4""","=""219/5""","=""222/5""","=""226/5""","=""228/5""","=""229/6""","=""234/6""","=""246/6""","=""253/6""","=""257/6""","=""264/6""","=""271/6""","=""279/7""","=""283/8""","=""287/10"""
Match 165,India,South Africa,"Newlands, Cape Town",2,2022-01-23,"=""8/0""","=""10/0""","=""12/0""","=""18/0""","=""24/1""","=""26/1""","=""29/1""","=""41/1""","=""43/1""","=""50/1""","=""52/1""","=""55/1""","=""61/1""","=""70/1""","=""75/1""","=""79/1""","=""86/1""","=""89/1""","=""103/1""","=""107/1""","=""113/1""","=""116/1""","=""118/3""","=""121/3""","=""127/3""","=""129/3""","=""136/3""","=""140/3""","=""147/3""","=""152/3""","=""155/3""","=""157/4""","=""168/4""","=""172/4""","=""180/4""","=""186/4""","=""195/4""","=""203/5""","=""208/5""","=""210/6""","=""219/6""","=""223/6""","=""231/7""","=""247/7""","=""253/7""","=""267/7""","=""278/7""","=""280/8""","=""282/9""","=""283/10"""
Match 166,West Indies,Ireland,"Sabina Park, Kingston, Jamaica",1,2022-01-08,"=""5/0""","=""8/0""","=""9/0""","=""15/0""","=""16/0""","=""18/1""","=""27/1""","=""28/1""","=""35/1""","=""36/1""","=""42/1""","=""48/1""","=""50/1""","=""51/1""","=""55/1""","=""57/1""","=""59/2""","=""61/3""","=""62/4""","=""66/4""","=""68/4""","=""70/4""","=""73/4""","=""80/4""","=""85/4""","=""91/4""","=""102/4""","=""108/4""","=""111/4""","=""120/4""","=""121/4""","=""125/4""","=""133/4""","=""141/4""","=""148/4""","=""159/4""","=""182/4""","=""195/4""","=""200/4""","=""204/4""","=""209/4""","=""221/5""","=""229/5""","=""236/5""","=""238/6""","=""243/6""","=""246/8""","=""257/9""","=""269/10""",N/A
Match 167,Ireland,West Indies,"Sabina Park, Kingston, Jamaica",2,2022-01-08,"=""0/0""","=""1/1""","=""4/1""","=""8/1""","=""16/1""","=""19/1""","=""24/1""","=""25/1""","=""29/1""","=""30/1""","=""36/1""","=""40/1""","=""42/1""","=""45/1""","=""48/1""","=""55/1""","=""62/2""","=""71/2""","=""72/2""","=""74/2""","=""75/2""","=""80/2""","=""85/2""","=""93/2""","=""102/2""","=""108/2""","=""115/2""","=""126/2""","=""128/2""","=""134/2""","=""140/2""","=""149/2""","=""150/2""","=""156/2""","=""161/2""","=""165/2""","=""170/3""","=""173/4""","=""176/5""","=""178/5""","=""180/5""","=""187/6""","=""190/6""","=""198/7""","=""202/7""","=""220/7""","=""229/8""","=""238/9""","=""245/10""","=""245/11"""
Match 168,West Indies,Ireland,"Sabina Park, Kingston, Jamaica",1,2022-01-13,"=""2/0""","=""9/0""","=""13/0""","=""14/0""","=""14/0""","=""21/0""","=""23/0""","=""25/0""","=""30/0""","=""39/1""","=""42/1""","=""42/2""","=""42/2""","=""43/3""","=""44/3""","=""50/3""","=""53/3""","=""55/3""","=""57/3""","=""58/3""","=""68/3""","=""74/3""","=""81/3""","=""85/3""","=""91/3""","=""91/4""","=""93/4""","=""94/5""","=""98/5""","=""103/5""","=""104/6""","=""106/6""","=""109/6""","=""111/7""","=""118/7""","=""118/7""","=""126/7""","=""133/7""","=""143/7""","=""155/8""","=""162/8""","=""169/8""","=""187/8""","=""201/8""","=""210/9""","=""216/9""","=""224/9""","=""229/10""",N/A,N/A
Match 169,Ireland,West Indies,"Sabina Park, Kingston, Jamaica",2,2022-01-13,"=""7/0""","=""9/0""","=""15/0""","=""22/0""","=""37/1""","=""47/1""","=""47/1""","=""56/1""","=""59/1""","=""60/2""","=""64/2""","=""67/2""","=""70/2""","=""75/2""","=""80/2""","=""82/2""","=""87/2""","=""88/2""","=""100/2""","=""104/3""","=""112/3""","=""117/3""","=""124/3""","=""126/3""","=""136/3""","=""136/3""","=""141/3""","=""148/3""","=""153/3""","=""156/3""","=""157/4""","=""164/4""","=""168/5""",N/A,N/A,N/A,N/A,N/A,N/A,N/A,N/A,N/A,N/A,N/A,N/A,N/A,N/A,N/A,N/A,N/A
Match 170,West Indies,Ireland,"Sabina Park, Kingston, Jamaica",1,2022-01-16,"=""6/0""","=""9/0""","=""19/0""","=""19/0""","=""32/0""","=""34/0""","=""44/0""","=""53/0""","=""55/0""","=""69/0""","=""72/1""","=""74/1""","=""76/2""","=""80/3""","=""85/3""","=""86/4""","=""93/4""","=""93/4""","=""94/4""","=""99/5""","=""99/5""","=""100/5""","=""102/6""","=""109/6""","=""112/6""","=""113/6""","=""117/6""","=""120/7""","=""125/7""","=""126/7""","=""132/7""","=""138/7""","=""142/7""","=""146/7""","=""155/7""","=""157/7""","=""159/7""","=""162/7""","=""172/7""","=""179/7""","=""184/8""","=""192/9""","=""200/9""","=""200/9""","=""212/10""",N/A,N/A,N/A,N/A,N/A
Match 171,Ireland,West Indies,"Sabina Park, Kingston, Jamaica",2,2022-01-16,"=""1/1""","=""3/1""","=""9/1""","=""17/1""","=""17/1""","=""18/1""","=""29/1""","=""36/1""","=""44/1""","=""51/1""","=""56/1""","=""65/1""","=""73/2""","=""74/2""","=""80/2""","=""82/2""","=""91/2""","=""95/2""","=""99/2""","=""103/2""","=""107/2""","=""109/2""","=""111/2""","=""118/2""","=""120/2""","=""124/2""","=""130/2""","=""135/2""","=""138/2""","=""146/2""","=""153/3""","=""156/3""","=""161/3""","=""162/3""","=""166/3""","=""169/4""","=""178/4""","=""183/4""","=""189/4""","=""193/5""","=""197/5""","=""207/6""","=""208/8""","=""210/8""","=""214/8""",N/A,N/A,N/A,N/A,N/A
Match 172,Bangladesh,South Africa,"SuperSport Park, Centurion",1,2022-03-18,"=""0/0""","=""2/0""","=""8/0""","=""12/0""","=""15/0""","=""22/0""","=""27/0""","=""28/0""","=""32/0""","=""33/0""","=""37/0""","=""37/0""","=""39/0""","=""43/0""","=""46/0""","=""54/0""","=""61/0""","=""68/0""","=""84/0""","=""90/0""","=""94/0""","=""101/1""","=""104/2""","=""104/2""","=""112/2""","=""117/2""","=""121/2""","=""123/2""","=""129/3""","=""135/3""","=""140/3""","=""146/3""","=""149/3""","=""161/3""","=""175/3""","=""177/3""","=""189/3""","=""199/3""","=""208/3""","=""223/3""","=""233/3""","=""243/4""","=""246/5""","=""258/5""","=""266/5""","=""272/6""","=""278/6""","=""289/7""","=""304/7""","=""314/7"""
Match 173,South Africa,Bangladesh,"SuperSport Park, Centurion",2,2022-03-18,"=""6/0""","=""9/0""","=""11/0""","=""18/1""","=""25/1""","=""31/1""","=""31/1""","=""36/1""","=""40/3""","=""42/3""","=""44/3""","=""50/3""","=""52/3""","=""57/3""","=""59/3""","=""63/3""","=""68/3""","=""69/3""","=""75/3""","=""79/3""","=""90/3""","=""96/3""","=""100/3""","=""110/3""","=""120/3""","=""121/3""","=""123/4""","=""126/4""","=""131/4""","=""141/4""","=""154/4""","=""158/4""","=""161/4""","=""164/4""","=""172/4""","=""182/4""","=""191/4""","=""192/5""","=""198/5""","=""199/5""","=""204/5""","=""207/6""","=""224/6""","=""231/8""","=""237/8""","=""242/9""","=""250/9""","=""261/9""","=""276/10""",N/A
Match 174,Bangladesh,South Africa,"The Wanderers Stadium, Johannesburg",1,2022-03-20,"=""3/0""","=""7/0""","=""7/1""","=""8/2""","=""12/2""","=""15/2""","=""23/2""","=""27/3""","=""28/3""","=""30/3""","=""33/3""","=""34/4""","=""35/5""","=""45/5""","=""47/5""","=""48/5""","=""52/5""","=""56/5""","=""59/5""","=""65/5""","=""66/5""","=""69/5""","=""77/5""","=""79/5""","=""85/5""","=""87/5""","=""94/5""","=""100/6""","=""105/6""","=""108/6""","=""109/6""","=""110/6""","=""111/6""","=""113/6""","=""126/6""","=""132/6""","=""138/6""","=""143/6""","=""144/6""","=""146/6""","=""151/6""","=""155/6""","=""161/6""","=""170/6""","=""180/6""","=""181/8""","=""184/8""","=""187/8""","=""190/9""","=""194/9"""
Match 175,South Africa,Bangladesh,"The Wanderers Stadium, Johannesburg",2,2022-03-20,"=""2/0""","=""5/0""","=""13/0""","=""27/0""","=""30/0""","=""36/0""","=""47/0""","=""60/0""","=""70/0""","=""72/0""","=""76/0""","=""82/0""","=""86/1""","=""88/1""","=""94/1""","=""99/2""","=""101/2""","=""104/2""","=""108/2""","=""116/2""","=""120/2""","=""136/2""","=""140/2""","=""143/2""","=""151/2""","=""157/2""","=""162/2""","=""170/2""","=""173/2""","=""173/2""","=""174/2""","=""176/2""","=""181/3""","=""181/3""","=""184/3""","=""187/3""","=""190/3""","=""195/3""",N/A,N/A,N/A,N/A,N/A,N/A,N/A,N/A,N/A,N/A,N/A,N/A
Match 176,South Africa,Bangladesh,"SuperSport Park, Centurion",1,2022-03-23,"=""2/0""","=""8/0""","=""17/0""","=""27/0""","=""31/0""","=""40/0""","=""46/1""","=""50/1""","=""56/1""","=""57/1""","=""59/1""","=""62/1""","=""66/2""","=""68/2""","=""70/3""","=""71/4""","=""77/4""","=""83/4""","=""86/5""","=""89/5""","=""90/5""","=""95/5""","=""104/5""","=""106/5""","=""107/6""","=""109/6""","=""115/6""","=""120/6""","=""126/8""","=""127/8""","=""132/8""","=""137/8""","=""138/8""","=""143/8""","=""144/9""","=""152/9""","=""154/10""",N/A,N/A,N/A,N/A,N/A,N/A,N/A,N/A,N/A,N/A,N/A,N/A,N/A
Match 177,Bangladesh,South Africa,"SuperSport Park, Centurion",2,2022-03-23,"=""3/0""","=""8/0""","=""12/0""","=""15/0""","=""19/0""","=""23/0""","=""28/0""","=""36/0""","=""42/0""","=""58/0""","=""60/0""","=""66/0""","=""71/0""","=""72/0""","=""81/0""","=""90/0""","=""99/0""","=""107/0""","=""117/0""","=""124/0""","=""128/1""","=""133/1""","=""137/1""","=""142/1""","=""147/1""","=""151/1""","=""156/1""",N/A,N/A,N/A,N/A,N/A,N/A,N/A,N/A,N/A,N/A,N/A,N/A,N/A,N/A,N/A,N/A,N/A,N/A,N/A,N/A,N/A,N/A,N/A
Match 178,West Indies,India,"Narendra Modi Stadium, Ahmedabad",1,2022-02-06,"=""0/0""","=""5/0""","=""14/1""","=""19/1""","=""20/1""","=""28/1""","=""28/1""","=""30/1""","=""34/1""","=""39/1""","=""43/1""","=""45/3""","=""51/3""","=""51/3""","=""55/3""","=""61/3""","=""63/3""","=""69/3""","=""70/3""","=""71/5""","=""73/5""","=""78/6""","=""79/7""","=""86/7""","=""89/7""","=""93/7""","=""94/7""","=""96/7""","=""106/7""","=""114/7""","=""121/7""","=""127/7""","=""129/7""","=""138/7""","=""142/7""","=""145/7""","=""154/7""","=""157/8""","=""162/8""","=""165/8""","=""167/9""","=""173/9""","=""174/9""","=""176/10""",N/A,N/A,N/A,N/A,N/A,N/A
Match 179,India,West Indies,"Narendra Modi Stadium, Ahmedabad",2,2022-02-06,"=""6/0""","=""9/0""","=""13/0""","=""18/0""","=""26/0""","=""35/0""","=""40/0""","=""48/0""","=""52/0""","=""67/0""","=""70/0""","=""77/0""","=""84/0""","=""93/2""","=""101/2""","=""113/2""","=""116/3""","=""118/4""","=""128/4""","=""137/4""","=""144/4""","=""151/4""","=""152/4""","=""157/4""","=""160/4""","=""166/4""","=""170/4""","=""178/4""",N/A,N/A,N/A,N/A,N/A,N/A,N/A,N/A,N/A,N/A,N/A,N/A,N/A,N/A,N/A,N/A,N/A,N/A,N/A,N/A,N/A,N/A
Match 180,India,West Indies,"Narendra Modi Stadium, Ahmedabad",1,2022-02-09,"=""5/0""","=""7/0""","=""9/1""","=""11/1""","=""16/1""","=""17/1""","=""22/1""","=""27/1""","=""33/1""","=""37/1""","=""39/1""","=""43/3""","=""43/3""","=""46/3""","=""47/3""","=""51/3""","=""57/3""","=""63/3""","=""63/3""","=""68/3""","=""75/3""","=""78/3""","=""81/3""","=""83/3""","=""91/3""","=""101/3""","=""108/3""","=""121/3""","=""130/3""","=""139/4""","=""146/4""","=""149/4""","=""154/4""","=""155/4""","=""157/4""","=""161/4""","=""164/4""","=""175/4""","=""178/5""","=""183/5""","=""186/5""","=""192/6""","=""194/6""","=""196/6""","=""205/6""","=""212/7""","=""222/7""","=""226/8""","=""229/9""","=""237/9"""
Match 181,West Indies,India,"Narendra Modi Stadium, Ahmedabad",2,2022-02-09,"=""5/0""","=""5/0""","=""5/0""","=""7/0""","=""15/0""","=""28/0""","=""31/0""","=""34/1""","=""38/1""","=""38/2""","=""40/2""","=""40/2""","=""43/2""","=""44/2""","=""50/2""","=""52/2""","=""61/3""","=""63/3""","=""65/3""","=""66/4""","=""74/4""","=""76/5""","=""78/5""","=""80/5""","=""91/5""","=""92/5""","=""96/5""","=""102/5""","=""110/5""","=""115/5""","=""120/6""","=""124/6""","=""129/6""","=""133/6""","=""135/6""","=""138/6""","=""150/6""","=""156/6""","=""159/7""","=""171/8""","=""174/8""","=""176/8""","=""179/8""","=""190/8""","=""193/9""","=""193/10""",N/A,N/A,N/A,N/A
Match 182,India,West Indies,"Narendra Modi Stadium, Ahmedabad",1,2022-02-11,"=""5/0""","=""14/0""","=""16/0""","=""16/2""","=""18/2""","=""19/2""","=""28/2""","=""33/2""","=""40/2""","=""42/3""","=""42/3""","=""44/3""","=""50/3""","=""59/3""","=""61/3""","=""69/3""","=""70/3""","=""73/3""","=""82/3""","=""88/3""","=""94/3""","=""97/3""","=""99/3""","=""111/3""","=""119/3""","=""125/3""","=""134/3""","=""142/3""","=""146/3""","=""152/4""","=""156/4""","=""159/4""","=""164/5""","=""170/5""","=""175/5""","=""179/5""","=""187/5""","=""189/6""","=""192/6""","=""193/6""","=""200/6""","=""207/6""","=""213/6""","=""227/6""","=""235/6""","=""241/7""","=""247/7""","=""250/8""","=""257/8""","=""265/10"""
Match 183,West Indies,India,"Narendra Modi Stadium, Ahmedabad",2,2022-02-11,"=""5/0""","=""9/0""","=""19/0""","=""24/1""","=""25/3""","=""30/3""","=""38/3""","=""40/3""","=""40/3""","=""47/3""","=""55/3""","=""58/3""","=""67/3""","=""69/4""","=""71/4""","=""76/5""","=""79/6""","=""81/6""","=""90/7""","=""90/7""","=""104/7""","=""110/7""","=""118/7""","=""123/8""","=""125/8""","=""132/8""","=""136/8""","=""138/8""","=""144/8""","=""148/8""","=""150/8""","=""156/8""","=""157/8""","=""159/8""","=""160/8""","=""169/8""","=""169/9""","=""169/10""",N/A,N/A,N/A,N/A,N/A,N/A,N/A,N/A,N/A,N/A,N/A,N/A
Match 184,Australia,Pakistan,"Gaddafi Stadium, Lahore",1,2022-03-29,"=""1/0""","=""7/0""","=""17/0""","=""25/0""","=""39/0""","=""47/0""","=""60/0""","=""64/0""","=""67/0""","=""72/0""","=""82/0""","=""87/0""","=""98/0""","=""102/0""","=""112/1""","=""118/1""","=""120/1""","=""123/1""","=""128/1""","=""138/1""","=""145/1""","=""152/1""","=""160/1""","=""163/1""","=""171/2""","=""175/2""","=""178/2""","=""185/2""","=""190/2""","=""196/2""","=""200/2""","=""205/2""","=""209/3""","=""210/3""","=""211/3""","=""214/3""","=""217/3""","=""224/3""","=""228/4""","=""232/5""","=""235/5""","=""243/5""","=""249/5""","=""253/5""","=""263/5""","=""275/5""","=""278/6""","=""288/6""","=""298/7""","=""313/7"""
Match 185,Pakistan,Australia,"Gaddafi Stadium, Lahore",2,2022-03-29,"=""9/0""","=""14/0""","=""17/0""","=""22/0""","=""24/1""","=""27/1""","=""32/1""","=""37/1""","=""45/1""","=""52/1""","=""54/1""","=""60/1""","=""64/1""","=""68/1""","=""73/1""","=""80/1""","=""87/1""","=""91/1""","=""95/1""","=""96/1""","=""105/1""","=""109/1""","=""116/1""","=""120/1""","=""127/2""","=""131/2""","=""133/3""","=""138/3""","=""143/3""","=""148/3""","=""151/4""","=""159/4""","=""165/4""","=""167/5""","=""171/5""","=""184/5""","=""194/5""","=""200/5""","=""204/6""","=""210/6""","=""212/6""","=""213/8""","=""217/8""","=""219/9""","=""225/9""","=""225/10""",N/A,N/A,N/A,N/A
Match 186,Australia,Pakistan,"Gaddafi Stadium, Lahore",1,2022-03-31,"=""6/1""","=""6/1""","=""10/1""","=""14/1""","=""23/1""","=""26/1""","=""33/1""","=""42/1""","=""53/1""","=""65/1""","=""71/1""","=""81/1""","=""86/1""","=""92/1""","=""99/1""","=""100/1""","=""107/1""","=""116/1""","=""118/1""","=""137/1""","=""144/1""","=""158/1""","=""159/1""","=""161/1""","=""163/2""","=""171/2""","=""180/2""","=""187/2""","=""199/2""","=""206/2""","=""216/2""","=""223/2""","=""231/2""","=""234/2""","=""237/3""","=""248/3""","=""249/3""","=""258/3""","=""262/3""","=""271/3""","=""275/4""","=""279/4""","=""295/4""","=""296/5""","=""299/5""","=""311/6""","=""318/6""","=""332/6""","=""343/6""","=""348/8"""
Match 187,Pakistan,Australia,"Gaddafi Stadium, Lahore",2,2022-03-31,"=""2/0""","=""4/0""","=""13/0""","=""18/0""","=""29/0""","=""32/0""","=""41/0""","=""45/0""","=""57/0""","=""63/0""","=""66/0""","=""69/0""","=""78/0""","=""86/0""","=""96/0""","=""101/0""","=""109/0""","=""112/0""","=""119/1""","=""123/1""","=""131/1""","=""142/1""","=""148/1""","=""155/1""","=""159/1""","=""167/1""","=""181/1""","=""186/1""","=""193/1""","=""205/1""","=""212/1""","=""215/1""","=""221/1""","=""229/1""","=""233/2""","=""238/2""","=""250/2""","=""261/2""","=""273/2""","=""279/2""","=""284/2""","=""291/2""","=""301/2""","=""309/2""","=""313/3""","=""318/4""","=""322/4""","=""334/4""","=""349/4""",N/A
Match 188,Australia,Pakistan,"Gaddafi Stadium, Lahore",1,2022-04-02,"=""0/1""","=""4/2""","=""5/2""","=""6/2""","=""6/2""","=""11/3""","=""14/3""","=""19/3""","=""26/3""","=""31/3""","=""40/3""","=""53/3""","=""59/4""","=""63/4""","=""67/4""","=""68/5""","=""75/5""","=""75/5""","=""81/5""","=""84/5""","=""87/5""","=""93/5""","=""97/5""","=""102/5""","=""107/5""","=""111/5""","=""116/5""","=""126/5""","=""139/5""","=""146/5""","=""148/5""","=""149/6""","=""155/7""","=""156/7""","=""162/8""","=""167/9""","=""170/9""","=""175/9""","=""196/9""","=""201/9""","=""206/9""","=""210/10""",N/A,N/A,N/A,N/A,N/A,N/A,N/A,N/A
Match 189,Pakistan,Australia,"Gaddafi Stadium, Lahore",2,2022-04-02,"=""10/0""","=""15/0""","=""18/0""","=""25/1""","=""28/1""","=""34/1""","=""38/1""","=""45/1""","=""53/1""","=""57/1""","=""63/1""","=""69/1""","=""75/1""","=""84/1""","=""89/1""","=""96/1""","=""100/1""","=""105/1""","=""109/1""","=""112/1""","=""117/1""","=""125/1""","=""131/1""","=""135/1""","=""137/1""","=""145/1""","=""153/1""","=""155/1""","=""165/1""","=""169/1""","=""177/1""","=""182/1""","=""186/1""","=""191/1""","=""196/1""","=""203/1""","=""210/1""","=""214/1""",N/A,N/A,N/A,N/A,N/A,N/A,N/A,N/A,N/A,N/A,N/A,N/A
Match 190,Zimbabwe,Sri Lanka,Pallekele International Cricket Stadium,1,2022-01-16,"=""1/0""","=""9/0""","=""23/0""","=""27/0""","=""33/0""","=""35/0""","=""35/0""","=""39/0""","=""40/0""","=""47/0""","=""56/0""","=""57/0""","=""66/0""","=""75/0""","=""81/1""","=""81/1""","=""89/1""","=""93/1""","=""106/1""","=""110/2""","=""112/2""","=""118/2""","=""127/2""","=""132/2""","=""135/2""","=""140/2""","=""148/2""","=""157/2""","=""160/2""","=""162/3""","=""168/3""","=""175/3""","=""177/3""","=""183/3""","=""188/3""","=""194/3""","=""200/3""","=""203/4""","=""218/4""","=""227/4""","=""231/4""","=""239/4""","=""241/4""","=""248/4""","=""252/6""","=""259/6""","=""265/6""","=""281/7""","=""285/7""","=""296/9"""
Match 191,Sri Lanka,Zimbabwe,Pallekele International Cricket Stadium,2,2022-01-16,"=""6/0""","=""10/0""","=""12/0""","=""21/0""","=""27/0""","=""35/0""","=""40/1""","=""50/1""","=""52/1""","=""59/1""","=""64/1""","=""66/1""","=""70/1""","=""81/2""","=""84/2""","=""93/2""","=""105/2""","=""112/2""","=""115/2""","=""119/2""","=""121/2""","=""127/2""","=""133/2""","=""140/2""","=""148/3""","=""153/3""","=""157/3""","=""160/3""","=""163/3""","=""172/3""","=""181/3""","=""191/3""","=""197/3""","=""204/3""","=""205/3""","=""209/3""","=""214/3""","=""218/3""","=""224/3""","=""231/3""","=""240/3""","=""248/3""","=""256/3""","=""260/3""","=""269/3""","=""278/4""","=""285/4""","=""292/5""","=""300/5""",N/A
Match 192,Zimbabwe,Sri Lanka,Pallekele International Cricket Stadium,1,2022-01-18,"=""14/0""","=""20/0""","=""25/0""","=""27/0""","=""35/0""","=""38/0""","=""41/0""","=""47/0""","=""58/0""","=""59/1""","=""67/1""","=""74/1""","=""76/1""","=""79/1""","=""90/1""","=""95/2""","=""98/2""","=""100/2""","=""104/2""","=""113/2""","=""121/2""","=""123/2""","=""134/2""","=""136/2""","=""143/2""","=""148/2""","=""151/2""","=""159/2""","=""164/2""","=""170/2""","=""180/2""","=""187/2""","=""196/3""","=""199/3""","=""205/3""","=""208/4""","=""219/4""","=""224/4""","=""227/4""","=""232/4""","=""238/4""","=""241/4""","=""251/4""","=""256/5""","=""262/5""","=""271/5""","=""275/5""","=""284/5""","=""297/6""","=""302/8"""
Match 193,Sri Lanka,Zimbabwe,Pallekele International Cricket Stadium,2,2022-01-18,"=""0/0""","=""7/0""","=""10/0""","=""15/0""","=""20/1""","=""25/2""","=""29/2""","=""31/3""","=""33/3""","=""34/3""","=""37/3""","=""42/3""","=""55/3""","=""62/3""","=""64/4""","=""69/4""","=""81/4""","=""87/4""","=""94/4""","=""103/4""","=""105/4""","=""111/4""","=""115/4""","=""122/4""","=""127/4""","=""130/4""","=""133/4""","=""141/4""","=""146/4""","=""150/4""","=""161/4""","=""171/4""","=""173/4""","=""181/4""","=""182/5""","=""187/5""","=""192/5""","=""201/5""","=""203/5""","=""212/5""","=""218/5""","=""228/5""","=""232/5""","=""239/5""","=""248/6""","=""256/6""","=""265/6""","=""268/7""","=""273/8""","=""280/9"""
Match 194,Sri Lanka,Zimbabwe,Pallekele International Cricket Stadium,1,2022-01-21,"=""1/0""","=""4/0""","=""9/0""","=""14/0""","=""22/0""","=""25/0""","=""25/0""","=""35/0""","=""39/0""","=""43/0""","=""52/0""","=""59/0""","=""69/0""","=""72/0""","=""74/0""","=""78/0""","=""80/0""","=""83/1""","=""88/1""","=""91/1""","=""96/1""","=""100/1""","=""107/2""","=""115/3""","=""119/3""","=""123/3""","=""129/3""","=""136/3""","=""139/3""","=""147/3""","=""149/4""","=""153/4""","=""157/4""","=""167/4""","=""170/4""","=""173/4""","=""175/4""","=""179/4""","=""185/5""","=""190/5""","=""194/6""","=""200/6""","=""207/6""","=""209/6""","=""215/6""","=""224/6""","=""233/6""","=""244/7""","=""247/8""","=""254/9"""
Match 195,Zimbabwe,Sri Lanka,Pallekele International Cricket Stadium,2,2022-01-21,"=""3/0""","=""3/0""","=""3/2""","=""7/2""","=""17/2""","=""18/2""","=""19/2""","=""21/3""","=""27/3""","=""29/3""","=""31/4""","=""33/5""","=""35/5""","=""37/5""","=""37/5""","=""41/6""","=""43/6""","=""52/7""","=""53/8""","=""61/8""","=""61/8""","=""66/8""","=""69/8""","=""70/8""","=""70/10""",N/A,N/A,N/A,N/A,N/A,N/A,N/A,N/A,N/A,N/A,N/A,N/A,N/A,N/A,N/A,N/A,N/A,N/A,N/A,N/A,N/A,N/A,N/A,N/A,N/A
Match 196,Ireland,New Zealand,"The Village, Malahide, Dublin",1,2022-07-10,"=""6/0""","=""7/1""","=""11/1""","=""21/1""","=""21/1""","=""22/1""","=""28/2""","=""34/2""","=""35/2""","=""41/2""","=""42/2""","=""50/2""","=""56/2""","=""58/2""","=""67/2""","=""73/2""","=""74/2""","=""78/2""","=""83/2""","=""86/2""","=""87/3""","=""93/3""","=""94/3""","=""99/3""","=""109/3""","=""112/3""","=""120/3""","=""124/3""","=""126/3""","=""133/3""","=""139/3""","=""151/3""","=""156/3""","=""167/3""","=""178/3""","=""180/4""","=""185/4""","=""186/4""","=""203/4""","=""207/4""","=""220/4""","=""236/4""","=""241/5""","=""252/6""","=""253/7""","=""265/7""","=""278/7""","=""286/7""","=""297/7""","=""300/9"""
Match 197,New Zealand,Ireland,"The Village, Malahide, Dublin",2,2022-07-10,"=""9/0""","=""11/0""","=""11/1""","=""13/1""","=""19/1""","=""23/2""","=""32/2""","=""35/2""","=""38/2""","=""45/2""","=""48/2""","=""62/3""","=""76/3""","=""79/3""","=""82/3""","=""87/4""","=""96/4""","=""104/4""","=""109/4""","=""110/4""","=""113/4""","=""120/5""","=""122/5""","=""124/5""","=""129/5""","=""130/5""","=""138/5""","=""142/5""","=""147/5""","=""153/6""","=""156/6""","=""162/6""","=""167/6""","=""171/6""","=""175/6""","=""179/6""","=""186/6""","=""194/6""","=""199/6""","=""200/6""","=""215/7""","=""216/7""","=""217/8""","=""224/8""","=""240/8""","=""248/8""","=""261/8""","=""277/8""","=""281/9""","=""305/9"""
Match 198,Ireland,New Zealand,"The Village, Malahide, Dublin",1,2022-07-12,"=""0/1""","=""0/1""","=""0/1""","=""3/1""","=""5/2""","=""7/2""","=""7/2""","=""10/2""","=""12/2""","=""19/2""","=""31/2""","=""31/2""","=""32/3""","=""36/3""","=""40/3""","=""50/3""","=""57/3""","=""60/3""","=""61/4""","=""64/4""","=""64/4""","=""66/4""","=""68/4""","=""74/4""","=""80/4""","=""83/4""","=""84/4""","=""85/5""","=""87/5""","=""87/5""","=""93/5""","=""94/5""","=""96/5""","=""108/5""","=""112/5""","=""124/5""","=""128/6""","=""134/6""","=""143/6""","=""145/6""","=""156/6""","=""158/6""","=""172/6""","=""183/6""","=""186/7""","=""188/9""","=""205/9""","=""216/10""",N/A,N/A
Match 199,New Zealand,Ireland,"The Village, Malahide, Dublin",2,2022-07-12,"=""2/2""","=""12/2""","=""13/2""","=""13/2""","=""16/2""","=""17/2""","=""20/2""","=""30/2""","=""50/2""","=""56/2""","=""66/2""","=""72/2""","=""80/2""","=""85/2""","=""88/2""","=""95/2""","=""101/3""","=""103/3""","=""107/3""","=""113/3""","=""118/3""","=""125/3""","=""129/3""","=""130/3""","=""133/4""","=""143/4""","=""149/4""","=""155/5""","=""157/5""","=""161/5""","=""167/5""","=""171/5""","=""181/6""","=""185/6""","=""193/6""","=""196/6""","=""204/7""","=""213/7""","=""219/7""",N/A,N/A,N/A,N/A,N/A,N/A,N/A,N/A,N/A,N/A,N/A
Match 200,New Zealand,Ireland,"The Village, Malahide, Dublin",1,2022-07-15,"=""1/0""","=""7/0""","=""12/0""","=""27/0""","=""36/0""","=""37/0""","=""53/0""","=""68/0""","=""74/0""","=""79/1""","=""81/1""","=""86/1""","=""88/2""","=""96/2""","=""103/2""","=""108/2""","=""110/2""","=""113/2""","=""126/2""","=""132/2""","=""135/2""","=""140/2""","=""146/2""","=""152/3""","=""155/3""","=""166/3""","=""175/3""","=""179/3""","=""184/3""","=""191/3""","=""194/3""","=""197/3""","=""200/3""","=""210/3""","=""216/3""","=""226/3""","=""241/3""","=""243/4""","=""246/4""","=""254/4""","=""267/4""","=""279/4""","=""292/4""","=""296/5""","=""308/5""","=""318/5""","=""330/5""","=""343/6""","=""348/6""","=""360/6"""
Match 201,Ireland,New Zealand,"The Village, Malahide, Dublin",2,2022-07-15,"=""5/0""","=""7/1""","=""13/1""","=""18/1""","=""26/1""","=""38/1""","=""48/1""","=""49/1""","=""55/1""","=""62/2""","=""68/2""","=""77/2""","=""85/2""","=""87/2""","=""92/2""","=""99/2""","=""102/2""","=""107/2""","=""108/2""","=""119/2""","=""126/2""","=""127/2""","=""140/2""","=""148/2""","=""154/2""","=""163/2""","=""175/2""","=""182/2""","=""186/2""","=""193/2""","=""204/2""","=""212/2""","=""217/2""","=""230/2""","=""242/3""","=""247/3""","=""254/3""","=""263/3""","=""275/4""","=""279/5""","=""288/5""","=""301/5""","=""308/5""","=""313/6""","=""318/6""","=""327/7""","=""336/7""","=""344/7""","=""351/8""","=""359/9"""
Match 202,Sri Lanka,Australia,Pallekele International Cricket Stadium,1,2022-06-14,"=""5/0""","=""12/0""","=""15/0""","=""15/0""","=""22/0""","=""24/0""","=""28/0""","=""35/0""","=""42/0""","=""56/0""","=""58/0""","=""64/0""","=""72/0""","=""79/0""","=""87/0""","=""92/0""","=""96/0""","=""101/0""","=""108/0""","=""115/1""","=""117/1""","=""119/2""","=""125/2""","=""129/2""","=""132/2""","=""134/3""","=""136/3""","=""143/3""","=""148/3""","=""153/3""","=""158/3""","=""161/3""","=""164/3""","=""174/3""","=""182/3""","=""187/3""","=""190/3""","=""198/3""","=""206/3""","=""214/4""","=""220/4""","=""226/4""","=""239/4""","=""243/5""","=""249/5""","=""258/6""","=""264/6""","=""271/6""","=""293/6""","=""300/7"""
Match 203,Australia,Sri Lanka,Pallekele International Cricket Stadium,2,2022-06-14,"=""5/0""","=""7/1""","=""11/1""","=""14/1""","=""17/1""","=""23/1""","=""36/1""","=""38/1""","=""49/1""","=""57/1""","=""61/1""","=""71/1""","=""73/2""","=""75/2""","=""78/2""","=""84/2""","=""92/2""","=""103/2""","=""108/2""","=""115/2""","=""122/2""","=""128/3""","=""133/3""","=""140/3""","=""143/4""","=""150/4""","=""154/4""","=""163/4""","=""176/4""","=""189/5""","=""193/5""","=""201/5""","=""203/5""","=""216/5""","=""228/5""","=""230/7""","=""245/7""","=""247/7""","=""249/7""","=""256/8""","=""259/8""","=""270/8""","=""282/8""",N/A,N/A,N/A,N/A,N/A,N/A,N/A
Match 204,Sri Lanka,Australia,Pallekele International Cricket Stadium,1,2022-06-16,"=""0/0""","=""6/0""","=""11/0""","=""18/0""","=""22/0""","=""26/1""","=""29/1""","=""32/1""","=""35/1""","=""43/2""","=""46/2""","=""49/2""","=""57/2""","=""61/2""","=""73/2""","=""78/2""","=""81/2""","=""89/2""","=""92/2""","=""93/2""","=""97/3""","=""103/3""","=""107/3""","=""109/4""","=""111/4""","=""116/4""","=""124/4""","=""128/4""","=""130/5""","=""134/5""","=""145/5""","=""152/5""","=""157/5""","=""164/6""","=""170/6""","=""172/6""","=""172/6""","=""174/7""","=""179/7""","=""192/7""","=""196/7""","=""199/8""","=""199/8""","=""203/9""","=""205/9""","=""212/9""","=""219/9""","=""220/9""",N/A,N/A
Match 205,Australia,Sri Lanka,Pallekele International Cricket Stadium,2,2022-06-16,"=""2/0""","=""16/0""","=""20/0""","=""25/0""","=""29/0""","=""37/0""","=""39/0""","=""41/1""","=""42/1""","=""47/1""","=""51/1""","=""56/1""","=""62/1""","=""64/2""","=""69/2""","=""73/2""","=""73/2""","=""81/2""","=""88/2""","=""93/3""","=""99/3""","=""102/3""","=""105/3""","=""111/3""","=""116/3""","=""122/3""","=""127/4""","=""131/4""","=""132/5""","=""141/5""","=""153/5""","=""157/5""","=""163/5""","=""165/5""","=""177/7""","=""181/8""","=""189/9""","=""189/10""",N/A,N/A,N/A,N/A,N/A,N/A,N/A,N/A,N/A,N/A,N/A,N/A
Match 206,Australia,Sri Lanka,"R Premadasa Stadium, Colombo",1,2022-06-19,"=""5/0""","=""10/0""","=""16/1""","=""20/1""","=""28/1""","=""30/1""","=""41/1""","=""44/1""","=""45/1""","=""47/1""","=""48/2""","=""52/2""","=""58/2""","=""64/2""","=""68/2""","=""72/2""","=""74/2""","=""77/2""","=""79/2""","=""89/2""","=""94/2""","=""100/2""","=""111/2""","=""115/2""","=""117/3""","=""120/3""","=""122/4""","=""126/4""","=""135/4""","=""143/4""","=""146/4""","=""150/4""","=""151/4""","=""156/4""","=""159/4""","=""163/4""","=""168/4""","=""174/4""","=""183/4""","=""193/5""","=""198/5""","=""208/5""","=""216/5""","=""229/5""","=""236/6""","=""243/6""","=""250/6""","=""258/6""","=""279/6""","=""291/6"""
Match 207,Sri Lanka,Australia,"R Premadasa Stadium, Colombo",2,2022-06-19,"=""2/0""","=""7/0""","=""18/0""","=""26/0""","=""27/0""","=""34/0""","=""40/0""","=""46/1""","=""47/1""","=""54/1""","=""59/1""","=""64/1""","=""67/1""","=""69/1""","=""82/1""","=""85/1""","=""88/1""","=""98/1""","=""106/1""","=""112/1""","=""121/1""","=""128/1""","=""132/1""","=""134/1""","=""142/1""","=""150/1""","=""158/1""","=""162/1""","=""169/1""","=""171/1""","=""175/1""","=""180/1""","=""188/1""","=""193/1""","=""196/1""","=""200/1""","=""209/1""","=""212/2""","=""219/2""","=""223/2""","=""235/2""","=""243/2""","=""254/2""","=""259/3""","=""268/3""","=""275/3""","=""284/3""","=""285/5""","=""292/5""",N/A
Match 208,Sri Lanka,Australia,"R Premadasa Stadium, Colombo",1,2022-06-21,"=""5/0""","=""7/1""","=""8/1""","=""18/1""","=""22/1""","=""26/1""","=""26/2""","=""30/2""","=""31/2""","=""35/3""","=""37/3""","=""39/3""","=""45/3""","=""51/3""","=""57/3""","=""67/3""","=""70/3""","=""79/3""","=""83/3""","=""88/3""","=""98/3""","=""105/3""","=""111/3""","=""117/3""","=""124/3""","=""135/3""","=""135/4""","=""136/4""","=""142/4""","=""150/5""","=""156/5""","=""159/5""","=""163/5""","=""167/5""","=""176/5""","=""184/5""","=""191/5""","=""196/5""","=""199/5""","=""205/5""","=""213/6""","=""218/6""","=""223/7""","=""226/7""","=""236/7""","=""248/7""","=""255/7""","=""256/8""","=""258/10""",N/A
Match 209,Australia,Sri Lanka,"R Premadasa Stadium, Colombo",2,2022-06-21,"=""3/0""","=""3/0""","=""3/1""","=""12/1""","=""15/1""","=""21/1""","=""25/1""","=""29/1""","=""40/1""","=""45/1""","=""58/1""","=""67/2""","=""72/2""","=""80/2""","=""82/2""","=""87/2""","=""91/2""","=""97/2""","=""100/2""","=""102/3""","=""105/3""","=""111/3""","=""114/3""","=""121/3""","=""128/3""","=""131/4""","=""137/4""","=""139/4""","=""146/4""","=""150/4""","=""156/4""","=""166/4""","=""169/4""","=""182/4""","=""184/4""","=""190/5""","=""192/6""","=""193/7""","=""196/7""","=""197/7""","=""200/7""","=""206/7""","=""210/7""","=""216/7""","=""221/7""","=""223/8""","=""226/8""","=""234/8""","=""240/9""","=""254/10"""
Match 210,Sri Lanka,Australia,"R Premadasa Stadium, Colombo",1,2022-06-24,"=""5/0""","=""9/0""","=""9/1""","=""11/1""","=""14/2""","=""15/2""","=""25/2""","=""30/2""","=""34/3""","=""35/3""","=""38/3""","=""44/3""","=""44/3""","=""49/3""","=""52/3""","=""56/5""","=""62/7""","=""67/7""","=""74/7""","=""80/7""","=""81/7""","=""81/7""","=""85/7""","=""85/7""","=""85/8""","=""89/8""","=""93/8""","=""95/8""","=""104/8""","=""104/8""","=""108/8""","=""108/8""","=""109/8""","=""112/8""","=""117/8""","=""119/8""","=""120/8""","=""130/8""","=""130/8""","=""140/8""","=""143/8""","=""146/9""","=""160/9""","=""160/10""",N/A,N/A,N/A,N/A,N/A,N/A
Match 211,Australia,Sri Lanka,"R Premadasa Stadium, Colombo",2,2022-06-24,"=""10/0""","=""13/1""","=""18/2""","=""18/2""","=""19/2""","=""20/3""","=""22/3""","=""26/3""","=""32/3""","=""34/3""","=""35/3""","=""41/3""","=""45/3""","=""49/3""","=""54/4""","=""58/4""","=""62/4""","=""65/4""","=""68/4""","=""72/4""","=""77/4""","=""79/4""","=""84/4""","=""88/4""","=""90/4""","=""95/4""","=""98/4""","=""101/5""","=""104/5""","=""108/5""","=""114/5""","=""121/6""","=""123/6""","=""127/6""","=""134/6""","=""139/6""","=""147/6""","=""156/6""","=""157/6""","=""164/6""",N/A,N/A,N/A,N/A,N/A,N/A,N/A,N/A,N/A,N/A
Match 212,West Indies,Pakistan,Multan Cricket Stadium,1,2022-06-08,"=""6/0""","=""8/0""","=""9/1""","=""20/1""","=""20/1""","=""25/1""","=""29/1""","=""37/1""","=""40/1""","=""41/1""","=""45/1""","=""52/1""","=""58/1""","=""65/1""","=""69/1""","=""73/1""","=""75/1""","=""78/1""","=""84/1""","=""88/1""","=""90/1""","=""92/1""","=""103/1""","=""111/1""","=""118/1""","=""121/1""","=""125/1""","=""140/1""","=""147/1""","=""152/1""","=""163/2""","=""166/2""","=""167/2""","=""175/2""","=""189/2""","=""198/3""","=""200/3""","=""202/3""","=""214/3""","=""218/4""","=""223/4""","=""227/4""","=""237/4""","=""248/5""","=""258/5""","=""273/5""","=""284/6""","=""288/6""","=""296/6""","=""305/8"""
Match 213,Pakistan,West Indies,Multan Cricket Stadium,2,2022-06-08,"=""9/0""","=""14/0""","=""14/0""","=""15/0""","=""18/0""","=""25/0""","=""28/1""","=""33/1""","=""35/1""","=""41/1""","=""46/1""","=""49/1""","=""58/1""","=""68/1""","=""72/1""","=""77/1""","=""82/1""","=""88/1""","=""91/1""","=""100/1""","=""104/1""","=""112/1""","=""120/1""","=""125/1""","=""129/2""","=""142/2""","=""148/2""","=""153/2""","=""157/2""","=""159/2""","=""165/2""","=""169/2""","=""174/2""","=""181/2""","=""190/2""","=""199/2""","=""207/2""","=""212/2""","=""216/2""","=""220/2""","=""234/2""","=""239/3""","=""245/3""","=""252/3""","=""258/4""","=""262/4""","=""282/4""","=""285/5""","=""300/5""","=""306/5"""
Match 214,Pakistan,West Indies,Multan Cricket Stadium,1,2022-06-10,"=""0/0""","=""7/0""","=""10/0""","=""19/0""","=""22/0""","=""24/0""","=""29/1""","=""31/1""","=""38/1""","=""45/1""","=""49/1""","=""49/1""","=""54/1""","=""57/1""","=""64/1""","=""73/1""","=""79/1""","=""88/1""","=""94/1""","=""96/1""","=""100/1""","=""110/1""","=""112/1""","=""118/1""","=""128/1""","=""133/1""","=""142/1""","=""145/2""","=""149/2""","=""151/2""","=""157/2""","=""162/2""","=""174/2""","=""180/2""","=""186/2""","=""193/3""","=""194/4""","=""203/5""","=""207/5""","=""208/6""","=""214/6""","=""222/6""","=""227/6""","=""229/6""","=""234/7""","=""236/7""","=""242/7""","=""248/7""","=""260/8""","=""275/8"""
Match 215,West Indies,Pakistan,Multan Cricket Stadium,2,2022-06-10,"=""4/1""","=""10/1""","=""12/1""","=""25/1""","=""25/1""","=""33/1""","=""44/1""","=""54/1""","=""59/1""","=""71/2""","=""72/3""","=""75/3""","=""77/3""","=""81/3""","=""82/3""","=""92/3""","=""95/3""","=""101/3""","=""102/4""","=""102/4""","=""105/4""","=""115/4""","=""119/6""","=""120/7""","=""122/7""","=""124/7""","=""125/7""","=""131/7""","=""142/7""","=""144/7""","=""147/8""","=""154/9""","=""155/10""",N/A,N/A,N/A,N/A,N/A,N/A,N/A,N/A,N/A,N/A,N/A,N/A,N/A,N/A,N/A,N/A,N/A
Match 216,Pakistan,West Indies,Multan Cricket Stadium,1,2022-06-12,"=""0/0""","=""6/0""","=""11/0""","=""13/0""","=""18/0""","=""24/0""","=""30/0""","=""37/0""","=""43/0""","=""56/0""","=""57/0""","=""60/0""","=""65/0""","=""72/0""","=""80/0""","=""83/0""","=""88/1""","=""93/2""","=""96/2""","=""104/2""","=""109/2""","=""112/2""","=""114/4""","=""116/4""","=""119/5""","=""120/5""","=""127/5""","=""130/5""","=""134/5""","=""137/5""","=""143/5""","=""152/5""","=""155/5""","=""161/5""","=""167/5""","=""169/5""","=""180/5""","=""191/5""","=""194/5""","=""203/6""","=""207/6""","=""210/6""","=""217/7""","=""228/7""","=""236/7""","=""249/7""","=""263/8""","=""269/9""",N/A,N/A
Match 217,West Indies,Pakistan,Multan Cricket Stadium,2,2022-06-12,"=""10/0""","=""14/0""","=""24/0""","=""25/1""","=""31/1""","=""41/1""","=""41/1""","=""46/1""","=""51/1""","=""52/2""","=""54/3""","=""61/3""","=""64/3""","=""66/3""","=""69/3""","=""73/4""","=""82/4""","=""82/4""","=""91/4""","=""93/4""","=""94/5""","=""103/5""","=""117/5""","=""126/5""","=""133/6""","=""140/6""","=""154/6""","=""162/7""","=""167/7""","=""169/7""","=""175/7""","=""178/7""","=""181/7""","=""198/7""","=""206/8""","=""216/8""","=""216/9""","=""216/10""",N/A,N/A,N/A,N/A,N/A,N/A,N/A,N/A,N/A,N/A,N/A,N/A
Match 218,West Indies,Bangladesh,"Providence Stadium, Guyana",1,2022-07-10,"=""1/0""","=""10/1""","=""10/1""","=""14/1""","=""16/1""","=""25/1""","=""25/1""","=""26/1""","=""26/1""","=""30/1""","=""32/1""","=""32/2""","=""33/2""","=""38/2""","=""41/2""","=""42/2""","=""45/2""","=""46/2""","=""50/2""","=""55/2""","=""55/4""","=""55/4""","=""60/4""","=""67/4""","=""71/4""","=""78/5""","=""88/5""","=""91/6""","=""93/6""","=""95/6""","=""97/7""","=""105/7""","=""110/7""","=""112/9""","=""114/9""","=""118/9""","=""121/9""","=""127/9""","=""134/9""","=""137/9""","=""149/9""",N/A,N/A,N/A,N/A,N/A,N/A,N/A,N/A,N/A
Match 219,Bangladesh,West Indies,"Providence Stadium, Guyana",2,2022-07-10,"=""1/0""","=""8/0""","=""11/1""","=""17/1""","=""29/1""","=""36/1""","=""47/1""","=""50/2""","=""53/2""","=""60/2""","=""67/2""","=""69/2""","=""77/2""","=""79/2""","=""82/2""","=""83/2""","=""88/2""","=""91/2""","=""98/2""","=""101/3""","=""109/3""","=""110/3""","=""111/4""","=""115/4""","=""117/4""","=""119/4""","=""132/4""","=""139/4""","=""139/4""","=""141/4""","=""145/4""","=""151/4""",N/A,N/A,N/A,N/A,N/A,N/A,N/A,N/A,N/A,N/A,N/A,N/A,N/A,N/A,N/A,N/A,N/A,N/A
Match 220,West Indies,Bangladesh,"Providence Stadium, Guyana",1,2022-07-13,"=""5/0""","=""6/0""","=""13/0""","=""15/0""","=""16/0""","=""19/0""","=""23/0""","=""23/0""","=""25/0""","=""26/0""","=""28/1""","=""28/1""","=""34/1""","=""39/2""","=""41/2""","=""41/2""","=""42/2""","=""45/4""","=""46/4""","=""46/4""","=""49/4""","=""54/4""","=""60/4""","=""64/4""","=""68/4""","=""69/5""","=""72/7""","=""74/7""","=""83/7""","=""86/7""","=""86/9""","=""91/9""","=""96/9""","=""103/9""","=""108/10""",N/A,N/A,N/A,N/A,N/A,N/A,N/A,N/A,N/A,N/A,N/A,N/A,N/A,N/A,N/A
Match 221,Bangladesh,West Indies,"Providence Stadium, Guyana",2,2022-07-13,"=""4/0""","=""6/0""","=""7/0""","=""11/0""","=""13/0""","=""21/0""","=""27/0""","=""34/0""","=""34/0""","=""41/0""","=""45/0""","=""48/0""","=""49/1""","=""58/1""","=""67/1""","=""73/1""","=""83/1""","=""93/1""","=""99/1""","=""108/1""","=""112/1""",N/A,N/A,N/A,N/A,N/A,N/A,N/A,N/A,N/A,N/A,N/A,N/A,N/A,N/A,N/A,N/A,N/A,N/A,N/A,N/A,N/A,N/A,N/A,N/A,N/A,N/A,N/A,N/A,N/A
Match 222,West Indies,Bangladesh,"Providence Stadium, Guyana",1,2022-07-16,"=""4/0""","=""9/0""","=""13/1""","=""15/1""","=""15/2""","=""16/3""","=""16/3""","=""18/3""","=""19/3""","=""20/3""","=""20/3""","=""23/3""","=""28/3""","=""37/3""","=""42/3""","=""51/3""","=""55/3""","=""56/3""","=""58/3""","=""59/3""","=""59/3""","=""63/3""","=""71/3""","=""73/3""","=""79/3""","=""82/3""","=""84/4""","=""87/4""","=""89/4""","=""89/4""","=""91/4""","=""94/4""","=""95/4""","=""100/4""","=""108/4""","=""117/4""","=""119/5""","=""121/5""","=""125/6""","=""141/6""","=""143/6""","=""148/7""","=""152/8""","=""153/9""","=""159/9""","=""162/9""","=""168/9""","=""171/9""","=""178/10""",N/A
Match 223,Bangladesh,West Indies,"Providence Stadium, Guyana",2,2022-07-16,"=""1/0""","=""2/0""","=""7/0""","=""10/0""","=""15/0""","=""19/0""","=""24/1""","=""27/1""","=""28/1""","=""32/1""","=""34/1""","=""46/1""","=""53/1""","=""59/1""","=""60/1""","=""67/1""","=""71/2""","=""72/2""","=""75/2""","=""76/2""","=""82/2""","=""88/2""","=""89/2""","=""96/2""","=""96/4""","=""97/4""","=""99/4""","=""101/4""","=""101/4""","=""103/4""","=""108/4""","=""115/4""","=""116/5""","=""118/5""","=""124/5""","=""131/5""","=""136/5""","=""141/5""","=""146/5""","=""154/6""","=""154/6""","=""156/6""","=""156/6""","=""164/6""","=""164/6""","=""167/6""","=""172/6""","=""176/6""","=""179/6""",N/A
Match 224,Zimbabwe,Australia,"Tony Ireland Stadium, Townsville",1,2022-08-28,"=""4/0""","=""5/0""","=""6/0""","=""11/0""","=""11/0""","=""16/0""","=""22/0""","=""27/0""","=""30/0""","=""36/0""","=""42/1""","=""43/1""","=""46/1""","=""56/1""","=""61/1""","=""64/1""","=""68/1""","=""74/1""","=""81/1""","=""84/1""","=""88/2""","=""88/2""","=""92/2""","=""95/2""","=""107/3""","=""110/3""","=""117/3""","=""118/3""","=""119/3""","=""121/3""","=""122/3""","=""124/4""","=""128/4""","=""133/4""","=""134/4""","=""139/4""","=""145/4""","=""151/4""","=""160/4""","=""167/4""","=""171/4""","=""178/4""","=""185/5""","=""186/5""","=""190/7""","=""195/7""","=""198/9""","=""200/10""",N/A,N/A
Match 225,Australia,Zimbabwe,"Tony Ireland Stadium, Townsville",2,2022-08-28,"=""9/0""","=""14/0""","=""15/0""","=""22/0""","=""31/0""","=""39/0""","=""43/0""","=""44/1""","=""49/1""","=""50/1""","=""59/1""","=""60/1""","=""64/1""","=""67/1""","=""71/1""","=""72/1""","=""80/1""","=""88/1""","=""95/1""","=""97/1""","=""101/1""","=""108/1""","=""110/2""","=""121/2""","=""128/2""","=""136/3""","=""139/3""","=""144/3""","=""149/3""","=""159/5""","=""168/5""","=""185/5""","=""188/5""","=""201/5""",N/A,N/A,N/A,N/A,N/A,N/A,N/A,N/A,N/A,N/A,N/A,N/A,N/A,N/A,N/A,N/A
Match 226,Zimbabwe,Australia,"Tony Ireland Stadium, Townsville",1,2022-08-31,"=""6/0""","=""13/0""","=""13/1""","=""13/1""","=""14/2""","=""14/2""","=""20/3""","=""22/3""","=""24/3""","=""25/3""","=""26/3""","=""28/3""","=""30/3""","=""36/3""","=""46/4""","=""50/4""","=""54/4""","=""59/5""","=""60/5""","=""64/5""","=""66/5""","=""77/5""","=""79/6""","=""83/7""","=""87/7""","=""93/7""","=""94/8""","=""96/10""",N/A,N/A,N/A,N/A,N/A,N/A,N/A,N/A,N/A,N/A,N/A,N/A,N/A,N/A,N/A,N/A,N/A,N/A,N/A,N/A,N/A,N/A
Match 227,Australia,Zimbabwe,"Tony Ireland Stadium, Townsville",2,2022-08-31,"=""2/0""","=""15/0""","=""16/2""","=""20/2""","=""25/2""","=""29/2""","=""38/2""","=""46/2""","=""54/2""","=""57/2""","=""72/2""","=""73/2""","=""78/2""","=""87/2""","=""100/2""",N/A,N/A,N/A,N/A,N/A,N/A,N/A,N/A,N/A,N/A,N/A,N/A,N/A,N/A,N/A,N/A,N/A,N/A,N/A,N/A,N/A,N/A,N/A,N/A,N/A,N/A,N/A,N/A,N/A,N/A,N/A,N/A,N/A,N/A,N/A
Match 228,Australia,Zimbabwe,"Riverway Stadium, Townsville",1,2022-09-03,"=""4/0""","=""5/0""","=""9/0""","=""9/0""","=""10/1""","=""10/2""","=""23/2""","=""31/2""","=""31/3""","=""37/3""","=""46/3""","=""46/3""","=""57/3""","=""59/3""","=""65/4""","=""69/4""","=""69/4""","=""72/5""","=""79/5""","=""86/5""","=""94/5""","=""102/5""","=""104/5""","=""110/5""","=""122/5""","=""128/5""","=""129/7""","=""131/7""","=""135/8""","=""136/8""","=""141/10""",N/A,N/A,N/A,N/A,N/A,N/A,N/A,N/A,N/A,N/A,N/A,N/A,N/A,N/A,N/A,N/A,N/A,N/A,N/A
Match 229,Zimbabwe,Australia,"Riverway Stadium, Townsville",2,2022-09-03,"=""8/0""","=""10/0""","=""14/0""","=""18/0""","=""22/0""","=""30/0""","=""36/0""","=""37/0""","=""40/1""","=""44/1""","=""44/3""","=""46/3""","=""50/3""","=""54/3""","=""63/3""","=""67/4""","=""70/4""","=""76/4""","=""78/5""","=""80/5""","=""80/5""","=""81/5""","=""85/5""","=""91/5""","=""93/5""","=""95/5""","=""101/5""","=""104/5""","=""110/5""","=""113/5""","=""115/5""","=""117/6""","=""122/6""","=""123/6""","=""124/6""","=""136/6""","=""137/7""","=""138/7""","=""142/7""",N/A,N/A,N/A,N/A,N/A,N/A,N/A,N/A,N/A,N/A,N/A
Match 230,New Zealand,Australia,"Cazaly's Stadium, Cairns",1,2022-09-06,"=""7/0""","=""8/0""","=""8/0""","=""9/0""","=""10/1""","=""15/1""","=""26/1""","=""26/1""","=""27/1""","=""29/1""","=""32/1""","=""36/1""","=""46/1""","=""55/1""","=""57/1""","=""59/1""","=""66/1""","=""70/1""","=""73/1""","=""77/1""","=""84/1""","=""88/1""","=""92/2""","=""95/2""","=""97/2""","=""98/2""","=""109/2""","=""118/2""","=""122/2""","=""127/3""","=""130/3""","=""137/3""","=""141/3""","=""143/3""","=""146/3""","=""151/3""","=""157/3""","=""161/3""","=""165/3""","=""172/3""","=""179/3""","=""187/5""","=""190/5""","=""191/6""","=""198/6""","=""208/6""","=""211/7""","=""219/7""","=""223/9""","=""232/9"""
Match 231,Australia,New Zealand,"Cazaly's Stadium, Cairns",2,2022-09-06,"=""0/0""","=""5/0""","=""11/1""","=""19/1""","=""19/2""","=""26/2""","=""27/3""","=""29/4""","=""34/4""","=""38/4""","=""43/4""","=""44/5""","=""46/5""","=""51/5""","=""56/5""","=""59/5""","=""62/5""","=""69/5""","=""77/5""","=""84/5""","=""92/5""","=""97/5""","=""99/5""","=""101/5""","=""107/5""","=""115/5""","=""121/5""","=""133/5""","=""137/5""","=""144/5""","=""148/5""","=""155/5""","=""163/5""","=""166/5""","=""171/5""","=""181/5""","=""184/5""","=""191/5""","=""202/5""","=""205/6""","=""206/7""","=""214/8""","=""217/8""","=""223/8""","=""232/8""","=""233/8""",N/A,N/A,N/A,N/A
Match 232,Australia,New Zealand,"Cazaly's Stadium, Cairns",1,2022-09-08,"=""0/0""","=""1/1""","=""7/1""","=""14/2""","=""14/2""","=""19/2""","=""22/3""","=""25/3""","=""29/4""","=""31/4""","=""37/4""","=""39/4""","=""40/4""","=""42/4""","=""43/4""","=""47/4""","=""49/4""","=""52/4""","=""55/5""","=""58/5""","=""62/5""","=""63/5""","=""64/5""","=""72/5""","=""72/5""","=""74/5""","=""77/5""","=""78/5""","=""87/5""","=""93/5""","=""101/5""","=""102/5""","=""103/6""","=""108/6""","=""110/6""","=""111/7""","=""118/8""","=""120/8""","=""126/8""","=""128/8""","=""134/8""","=""142/8""","=""146/8""","=""148/9""","=""151/9""","=""159/9""","=""164/9""","=""171/9""","=""184/9""","=""195/9"""
Match 233,New Zealand,Australia,"Cazaly's Stadium, Cairns",2,2022-09-08,"=""2/1""","=""4/1""","=""5/1""","=""9/1""","=""12/1""","=""12/1""","=""13/1""","=""14/1""","=""14/3""","=""14/3""","=""14/3""","=""18/3""","=""18/3""","=""21/3""","=""21/3""","=""27/3""","=""28/3""","=""33/3""","=""34/4""","=""36/4""","=""38/5""","=""45/6""","=""50/6""","=""51/6""","=""54/6""","=""55/7""","=""57/8""","=""60/8""","=""69/8""","=""72/8""","=""73/9""","=""76/9""","=""82/10""",N/A,N/A,N/A,N/A,N/A,N/A,N/A,N/A,N/A,N/A,N/A,N/A,N/A,N/A,N/A,N/A,N/A
Match 234,Australia,New Zealand,"Cazaly's Stadium, Cairns",1,2022-09-11,"=""1/0""","=""3/0""","=""5/0""","=""10/0""","=""14/1""","=""16/2""","=""16/2""","=""16/2""","=""16/2""","=""19/2""","=""19/2""","=""21/2""","=""23/2""","=""25/2""","=""29/2""","=""37/2""","=""41/2""","=""49/2""","=""52/2""","=""57/2""","=""61/2""","=""62/2""","=""67/2""","=""73/2""","=""78/2""","=""81/2""","=""84/2""","=""92/2""","=""98/2""","=""106/2""","=""117/2""","=""124/2""","=""127/2""","=""135/3""","=""135/3""","=""143/3""","=""151/3""","=""166/3""","=""173/3""","=""176/3""","=""181/3""","=""188/3""","=""193/3""","=""203/3""","=""213/4""","=""224/4""","=""230/5""","=""243/5""","=""252/5""","=""267/5"""
Match 235,New Zealand,Australia,"Cazaly's Stadium, Cairns",2,2022-09-11,"=""7/0""","=""12/0""","=""14/0""","=""15/0""","=""23/0""","=""27/0""","=""35/0""","=""49/0""","=""49/1""","=""56/1""","=""56/1""","=""59/2""","=""64/2""","=""66/2""","=""71/2""","=""72/2""","=""75/2""","=""77/3""","=""78/3""","=""83/3""","=""88/3""","=""92/3""","=""97/3""","=""101/3""","=""106/4""","=""109/4""","=""109/4""","=""112/5""","=""114/5""","=""122/5""","=""127/5""","=""136/5""","=""139/5""","=""145/5""","=""161/5""","=""168/5""","=""173/5""","=""175/6""","=""178/6""","=""185/6""","=""194/6""","=""198/6""","=""208/6""","=""215/6""","=""222/6""","=""229/7""","=""230/8""","=""231/8""","=""237/8""","=""242/10"""
Match 236,England,Australia,Adelaide Oval,1,2022-11-17,"=""5/0""","=""6/0""","=""9/0""","=""18/1""","=""22/2""","=""23/2""","=""31/2""","=""33/3""","=""38/3""","=""47/3""","=""49/3""","=""57/3""","=""62/3""","=""73/4""","=""79/4""","=""85/4""","=""88/4""","=""94/4""","=""97/4""","=""101/4""","=""105/4""","=""111/4""","=""118/4""","=""120/5""","=""126/5""","=""132/5""","=""144/5""","=""147/5""","=""151/5""","=""157/5""","=""162/6""","=""164/6""","=""176/6""","=""181/6""","=""193/6""","=""197/6""","=""199/7""","=""202/7""","=""206/7""","=""215/7""","=""221/7""","=""232/7""","=""235/7""","=""247/7""","=""257/7""","=""261/8""","=""268/8""","=""276/8""","=""281/9""","=""287/9"""
Match 237,Australia,England,Adelaide Oval,2,2022-11-17,"=""8/0""","=""8/0""","=""15/0""","=""21/0""","=""31/0""","=""35/0""","=""44/0""","=""51/0""","=""55/0""","=""65/0""","=""78/0""","=""86/0""","=""92/0""","=""95/0""","=""103/0""","=""118/0""","=""129/0""","=""133/0""","=""140/0""","=""148/1""","=""152/1""","=""155/1""","=""162/1""","=""172/1""","=""176/1""","=""188/1""","=""196/1""","=""198/1""","=""201/2""","=""205/2""","=""208/3""","=""214/3""","=""216/3""","=""222/3""","=""232/3""","=""235/3""","=""240/3""","=""242/3""","=""244/4""","=""249/4""","=""251/4""","=""257/4""","=""269/4""","=""272/4""","=""274/4""","=""281/4""","=""291/4""",N/A,N/A,N/A
Match 238,Australia,England,Sydney Cricket Ground,1,2022-11-19,"=""5/0""","=""12/0""","=""18/0""","=""24/0""","=""33/0""","=""35/1""","=""37/1""","=""42/1""","=""43/2""","=""53/2""","=""60/2""","=""67/2""","=""70/2""","=""73/2""","=""76/2""","=""78/2""","=""86/2""","=""91/2""","=""96/2""","=""102/2""","=""108/2""","=""115/2""","=""119/2""","=""124/2""","=""132/2""","=""138/2""","=""142/2""","=""146/4""","=""152/4""","=""164/4""","=""166/4""","=""169/4""","=""174/4""","=""176/4""","=""179/4""","=""185/4""","=""188/4""","=""195/4""","=""196/4""","=""204/4""","=""214/4""","=""219/4""","=""231/4""","=""235/5""","=""243/5""","=""247/5""","=""256/5""","=""259/6""","=""264/8""","=""280/8"""
Match 239,England,Australia,Sydney Cricket Ground,2,2022-11-19,"=""2/2""","=""9/2""","=""14/2""","=""28/2""","=""34/2""","=""34/3""","=""38/3""","=""41/3""","=""43/3""","=""45/3""","=""48/3""","=""53/3""","=""62/3""","=""69/3""","=""71/3""","=""75/3""","=""78/3""","=""89/3""","=""97/3""","=""104/3""","=""109/3""","=""124/3""","=""131/3""","=""138/3""","=""143/3""","=""152/3""","=""155/3""","=""156/4""","=""168/5""","=""169/5""","=""169/7""","=""176/7""","=""178/7""","=""189/8""","=""191/8""","=""198/9""","=""203/9""","=""203/9""","=""208/10""",N/A,N/A,N/A,N/A,N/A,N/A,N/A,N/A,N/A,N/A,N/A
Match 240,Australia,England,Melbourne Cricket Ground,1,2022-11-22,"=""5/0""","=""12/0""","=""15/0""","=""19/0""","=""27/0""","=""32/0""","=""41/0""","=""47/0""","=""59/0""","=""64/0""","=""69/0""","=""73/0""","=""81/0""","=""85/0""","=""88/0""","=""95/0""","=""99/0""","=""99/0""","=""111/0""","=""118/0""","=""129/0""","=""131/0""","=""135/0""","=""143/0""","=""150/0""","=""161/0""","=""168/0""","=""180/0""","=""188/0""","=""194/0""","=""199/0""","=""206/0""","=""212/0""","=""217/0""","=""228/0""","=""238/0""","=""257/0""","=""269/0""","=""270/2""","=""276/2""","=""285/2""","=""290/2""","=""300/3""","=""306/3""","=""323/3""","=""328/4""","=""341/4""","=""355/5""",N/A,N/A
Match 241,England,Australia,Melbourne Cricket Ground,2,2022-11-22,"=""3/0""","=""13/0""","=""17/1""","=""17/1""","=""23/1""","=""30/1""","=""32/1""","=""40/1""","=""45/1""","=""49/1""","=""51/1""","=""56/1""","=""62/2""","=""66/2""","=""66/3""","=""68/3""","=""69/3""","=""71/3""","=""73/3""","=""77/3""","=""82/3""","=""85/3""","=""90/4""","=""90/6""","=""95/6""","=""97/7""","=""106/7""","=""119/7""","=""123/8""","=""127/8""","=""133/9""","=""142/10""",N/A,N/A,N/A,N/A,N/A,N/A,N/A,N/A,N/A,N/A,N/A,N/A,N/A,N/A,N/A,N/A,N/A,N/A
Match 242,India,West Indies,"Queen's Park Oval, Port of Spain, Trinidad",1,2022-07-22,"=""8/0""","=""14/0""","=""29/0""","=""32/0""","=""38/0""","=""39/0""","=""50/0""","=""60/0""","=""64/0""","=""73/0""","=""80/0""","=""88/0""","=""96/0""","=""100/0""","=""103/0""","=""111/0""","=""116/0""","=""120/1""","=""121/1""","=""127/1""","=""129/1""","=""134/1""","=""137/1""","=""146/1""","=""152/1""","=""158/1""","=""163/1""","=""170/1""","=""175/1""","=""184/1""","=""188/1""","=""202/1""","=""205/1""","=""214/2""","=""225/2""","=""231/3""","=""235/3""","=""240/3""","=""248/4""","=""248/4""","=""250/4""","=""251/4""","=""254/5""","=""258/5""","=""263/5""","=""267/5""","=""272/5""","=""292/5""","=""299/7""","=""308/7"""
Match 243,West Indies,India,"Queen's Park Oval, Port of Spain, Trinidad",2,2022-07-22,"=""3/0""","=""3/0""","=""8/0""","=""12/0""","=""16/1""","=""22/1""","=""27/1""","=""32/1""","=""40/1""","=""52/1""","=""66/1""","=""69/1""","=""74/1""","=""81/1""","=""88/1""","=""94/1""","=""95/1""","=""99/1""","=""101/1""","=""103/1""","=""115/1""","=""125/1""","=""131/1""","=""134/2""","=""137/2""","=""138/3""","=""142/3""","=""146/3""","=""148/3""","=""152/3""","=""158/3""","=""173/3""","=""182/3""","=""186/3""","=""189/3""","=""194/4""","=""197/5""","=""210/5""","=""214/5""","=""219/5""","=""224/5""","=""232/5""","=""245/5""","=""249/5""","=""255/6""","=""262/6""","=""271/6""","=""282/6""","=""294/6""","=""305/6"""
Match 244,West Indies,India,"Queen's Park Oval, Port of Spain, Trinidad",1,2022-07-24,"=""4/0""","=""11/0""","=""11/0""","=""24/0""","=""29/0""","=""45/0""","=""49/0""","=""63/0""","=""65/0""","=""71/1""","=""78/1""","=""81/1""","=""87/1""","=""89/1""","=""94/1""","=""99/1""","=""101/1""","=""105/1""","=""110/1""","=""113/1""","=""127/1""","=""127/2""","=""131/3""","=""135/3""","=""141/3""","=""145/3""","=""148/3""","=""151/3""","=""157/3""","=""165/3""","=""167/3""","=""175/3""","=""177/3""","=""182/3""","=""191/3""","=""194/3""","=""198/3""","=""202/3""","=""216/3""","=""218/3""","=""226/3""","=""231/3""","=""240/3""","=""249/4""","=""264/4""","=""272/4""","=""285/5""","=""293/5""","=""301/6""","=""311/6"""
Match 245,India,West Indies,"Queen's Park Oval, Port of Spain, Trinidad",2,2022-07-24,"=""0/0""","=""4/0""","=""12/0""","=""16/0""","=""22/0""","=""29/0""","=""33/0""","=""35/0""","=""41/0""","=""42/0""","=""48/1""","=""54/1""","=""61/1""","=""63/1""","=""65/1""","=""67/2""","=""78/2""","=""84/3""","=""86/3""","=""95/3""","=""96/3""","=""99/3""","=""104/3""","=""116/3""","=""124/3""","=""129/3""","=""135/3""","=""139/3""","=""146/3""","=""162/3""","=""165/3""","=""174/3""","=""178/4""","=""179/4""","=""187/4""","=""190/4""","=""195/4""","=""202/4""","=""207/5""","=""212/5""","=""223/5""","=""237/5""","=""248/5""","=""256/5""","=""264/6""","=""280/7""","=""293/7""","=""297/7""","=""304/8""","=""312/8"""
Match 246,India,West Indies,"Queen's Park Oval, Port of Spain, Trinidad",1,2022-07-27,"=""4/0""","=""10/0""","=""14/0""","=""16/0""","=""17/0""","=""28/0""","=""31/0""","=""37/0""","=""38/0""","=""45/0""","=""47/0""","=""55/0""","=""57/0""","=""63/0""","=""76/0""","=""84/0""","=""87/0""","=""90/0""","=""96/0""","=""101/0""","=""106/0""","=""112/0""","=""113/1""","=""115/1""","=""133/1""","=""146/1""","=""154/1""","=""163/1""","=""167/1""","=""179/1""","=""192/1""","=""198/1""","=""203/2""","=""212/3""","=""219/3""","=""225/3""",N/A,N/A,N/A,N/A,N/A,N/A,N/A,N/A,N/A,N/A,N/A,N/A,N/A,N/A
Match 247,West Indies,India,"Queen's Park Oval, Port of Spain, Trinidad",2,2022-07-27,"=""0/0""","=""1/2""","=""3/2""","=""7/2""","=""19/2""","=""28/2""","=""36/2""","=""41/2""","=""44/2""","=""48/3""","=""50/3""","=""67/3""","=""70/3""","=""74/4""","=""89/4""","=""96/4""","=""98/4""","=""100/4""","=""103/5""","=""114/5""","=""118/5""","=""121/6""","=""122/7""","=""129/8""","=""136/8""","=""137/10""",N/A,N/A,N/A,N/A,N/A,N/A,N/A,N/A,N/A,N/A,N/A,N/A,N/A,N/A,N/A,N/A,N/A,N/A,N/A,N/A,N/A,N/A,N/A,N/A
Match 248,New Zealand,West Indies,"Kensington Oval, Bridgetown, Barbados",1,2022-08-17,"=""0/0""","=""3/0""","=""6/0""","=""10/0""","=""14/0""","=""17/0""","=""33/0""","=""40/0""","=""42/1""","=""50/1""","=""55/2""","=""59/2""","=""60/2""","=""62/2""","=""63/3""","=""65/3""","=""72/3""","=""75/3""","=""76/3""","=""82/3""","=""88/3""","=""91/4""","=""92/4""","=""94/4""","=""99/4""","=""104/4""","=""110/4""","=""111/4""","=""116/4""","=""122/6""","=""123/6""","=""128/6""","=""131/6""","=""134/6""","=""144/6""","=""149/6""","=""159/6""","=""161/6""","=""162/7""","=""164/7""","=""168/7""","=""175/7""","=""186/7""","=""188/7""","=""190/9""","=""190/10""",N/A,N/A,N/A,N/A
Match 249,West Indies,New Zealand,"Kensington Oval, Bridgetown, Barbados",2,2022-08-17,"=""10/0""","=""13/0""","=""17/1""","=""25/1""","=""32/1""","=""37/2""","=""45/2""","=""47/2""","=""50/2""","=""51/2""","=""66/2""","=""68/2""","=""73/2""","=""74/3""","=""82/3""","=""84/3""","=""86/3""","=""91/3""","=""97/3""","=""106/3""","=""108/3""","=""111/3""","=""118/3""","=""127/3""","=""133/3""","=""138/3""","=""141/3""","=""149/3""","=""150/4""","=""155/4""","=""158/4""","=""168/4""","=""172/4""","=""175/5""","=""179/5""","=""181/5""","=""188/5""","=""189/5""","=""193/5""",N/A,N/A,N/A,N/A,N/A,N/A,N/A,N/A,N/A,N/A,N/A
Match 250,New Zealand,West Indies,"Kensington Oval, Bridgetown, Barbados",1,2022-08-19,"=""2/0""","=""6/0""","=""13/0""","=""13/1""","=""19/1""","=""23/1""","=""29/1""","=""30/1""","=""30/2""","=""32/3""","=""32/3""","=""32/3""","=""35/3""","=""41/3""","=""42/3""","=""45/3""","=""46/3""","=""53/3""","=""54/3""","=""63/3""","=""69/3""","=""77/3""","=""80/3""","=""87/3""","=""92/3""","=""95/3""","=""98/3""","=""102/3""","=""109/3""","=""119/4""","=""130/4""","=""132/4""","=""140/4""","=""145/4""","=""149/4""","=""152/5""","=""155/5""","=""164/5""","=""164/5""","=""165/6""","=""167/7""","=""169/8""","=""178/8""","=""183/9""","=""190/9""","=""197/9""","=""202/9""","=""211/9""","=""212/10""",N/A
Match 251,West Indies,New Zealand,"Kensington Oval, Bridgetown, Barbados",2,2022-08-19,"=""3/1""","=""8/1""","=""8/1""","=""11/2""","=""17/2""","=""19/2""","=""21/2""","=""23/3""","=""26/5""","=""27/6""","=""31/6""","=""31/6""","=""37/6""","=""42/6""","=""44/6""","=""46/6""","=""48/6""","=""50/6""","=""54/6""","=""56/7""","=""58/7""","=""61/7""","=""64/7""","=""73/8""","=""82/8""","=""86/8""","=""94/8""","=""100/8""","=""107/8""","=""113/8""","=""126/8""","=""137/8""","=""149/8""","=""151/8""","=""160/9""","=""161/10""",N/A,N/A,N/A,N/A,N/A,N/A,N/A,N/A,N/A,N/A,N/A,N/A,N/A,N/A
Match 252,West Indies,New Zealand,"Kensington Oval, Bridgetown, Barbados",1,2022-08-21,"=""5/0""","=""5/0""","=""6/0""","=""7/0""","=""14/0""","=""15/0""","=""17/0""","=""17/0""","=""20/0""","=""24/0""","=""26/0""","=""33/0""","=""36/0""","=""45/0""","=""56/0""","=""58/0""","=""65/0""","=""76/0""","=""81/0""","=""92/0""","=""97/0""","=""99/0""","=""102/0""","=""108/0""","=""110/0""","=""114/0""","=""122/0""","=""131/0""","=""134/0""","=""142/0""","=""149/0""","=""152/0""","=""158/0""","=""166/0""","=""173/1""","=""181/2""","=""182/3""","=""190/3""","=""191/4""","=""196/4""","=""205/4""","=""220/4""","=""225/4""","=""232/4""","=""243/5""","=""258/5""","=""262/6""","=""273/6""","=""286/7""","=""301/8"""
Match 253,New Zealand,West Indies,"Kensington Oval, Bridgetown, Barbados",2,2022-08-21,"=""4/0""","=""9/0""","=""19/0""","=""20/1""","=""29/1""","=""30/1""","=""43/1""","=""48/1""","=""61/1""","=""61/1""","=""65/1""","=""71/1""","=""76/1""","=""80/1""","=""83/1""","=""86/1""","=""91/1""","=""97/1""","=""98/1""","=""102/2""","=""105/2""","=""111/2""","=""124/2""","=""127/2""","=""129/3""","=""134/3""","=""142/3""","=""148/3""","=""151/3""","=""159/3""","=""165/3""","=""172/3""","=""180/3""","=""188/3""","=""197/3""","=""205/3""","=""222/3""","=""229/3""","=""235/3""","=""240/3""","=""246/3""","=""251/4""","=""256/4""","=""266/5""","=""285/5""","=""296/5""","=""301/5""","=""307/5""",N/A,N/A
Match 254,India,New Zealand,"Eden Park, Auckland",1,2022-11-25,"=""4/0""","=""5/0""","=""12/0""","=""12/0""","=""16/0""","=""23/0""","=""27/0""","=""28/0""","=""33/0""","=""40/0""","=""42/0""","=""46/0""","=""51/0""","=""54/0""","=""68/0""","=""70/0""","=""72/0""","=""78/0""","=""87/0""","=""90/0""","=""101/0""","=""113/0""","=""124/0""","=""124/1""","=""128/2""","=""136/2""","=""140/2""","=""142/2""","=""143/2""","=""144/2""","=""146/2""","=""152/2""","=""160/4""","=""165/4""","=""170/4""","=""173/4""","=""183/4""","=""186/4""","=""195/4""","=""210/4""","=""217/4""","=""221/4""","=""226/4""","=""240/4""","=""248/4""","=""255/5""","=""268/5""","=""281/5""","=""298/5""","=""306/7"""
Match 255,New Zealand,India,"Eden Park, Auckland",2,2022-11-25,"=""3/0""","=""7/0""","=""18/0""","=""22/0""","=""33/0""","=""33/0""","=""34/0""","=""35/1""","=""37/1""","=""42/1""","=""46/1""","=""50/1""","=""55/1""","=""57/1""","=""68/1""","=""72/2""","=""79/2""","=""80/2""","=""83/2""","=""88/3""","=""93/3""","=""96/3""","=""106/3""","=""111/3""","=""115/3""","=""124/3""","=""128/3""","=""134/3""","=""143/3""","=""150/3""","=""156/3""","=""163/3""","=""175/3""","=""180/3""","=""187/3""","=""191/3""","=""200/3""","=""207/3""","=""216/3""","=""241/3""","=""247/3""","=""252/3""","=""265/3""","=""269/3""","=""282/3""","=""296/3""","=""305/3""","=""309/3""",N/A,N/A
Match 256,India,New Zealand,"Seddon Park, Hamilton",1,2022-11-27,"=""2/0""","=""7/0""","=""12/0""","=""17/0""","=""23/0""","=""25/1""","=""34/1""","=""42/1""","=""51/1""","=""60/1""","=""69/1""","=""78/1""","=""89/1""",N/A,N/A,N/A,N/A,N/A,N/A,N/A,N/A,N/A,N/A,N/A,N/A,N/A,N/A,N/A,N/A,N/A,N/A,N/A,N/A,N/A,N/A,N/A,N/A,N/A,N/A,N/A,N/A,N/A,N/A,N/A,N/A,N/A,N/A,N/A,N/A,N/A
Match 257,India,New Zealand,"Hagley Oval, Christchurch",1,2022-11-30,"=""1/0""","=""7/0""","=""15/0""","=""16/0""","=""16/0""","=""17/0""","=""21/0""","=""31/0""","=""43/1""","=""43/1""","=""46/1""","=""52/1""","=""55/2""","=""61/2""","=""62/2""","=""65/2""","=""74/2""","=""77/2""","=""79/2""","=""85/2""","=""87/3""","=""97/3""","=""101/3""","=""110/3""","=""116/4""","=""121/5""","=""126/5""","=""131/5""","=""134/5""","=""135/5""","=""142/5""","=""145/5""","=""148/5""","=""149/6""","=""156/6""","=""164/6""","=""170/7""","=""171/7""","=""172/7""","=""180/7""","=""180/7""","=""184/7""","=""189/7""","=""196/7""","=""206/8""","=""212/8""","=""213/9""","=""219/10""",N/A,N/A
Match 258,New Zealand,India,"Hagley Oval, Christchurch",2,2022-11-30,"=""2/0""","=""2/0""","=""4/0""","=""9/0""","=""15/0""","=""23/0""","=""28/0""","=""34/0""","=""43/0""","=""59/0""","=""71/0""","=""75/0""","=""79/0""","=""82/0""","=""84/0""","=""93/0""","=""97/1""","=""104/1""",N/A,N/A,N/A,N/A,N/A,N/A,N/A,N/A,N/A,N/A,N/A,N/A,N/A,N/A,N/A,N/A,N/A,N/A,N/A,N/A,N/A,N/A,N/A,N/A,N/A,N/A,N/A,N/A,N/A,N/A,N/A,N/A
Match 259,New Zealand,Sri Lanka,"Eden Park, Auckland",1,2023-03-25,"=""4/0""","=""14/0""","=""21/0""","=""34/0""","=""36/0""","=""38/1""","=""39/1""","=""41/1""","=""45/1""","=""54/1""","=""60/1""","=""69/1""","=""71/2""","=""74/2""","=""78/2""","=""83/2""","=""86/2""","=""103/2""","=""108/3""","=""117/3""","=""119/3""","=""126/3""","=""134/3""","=""143/3""","=""145/3""","=""147/3""","=""147/4""","=""148/4""","=""152/4""","=""153/5""","=""156/5""","=""160/5""","=""167/5""","=""184/5""","=""188/5""","=""197/5""","=""203/5""","=""207/5""","=""218/5""","=""221/6""","=""223/6""","=""227/6""","=""230/6""","=""240/6""","=""241/8""","=""247/8""","=""262/8""","=""265/9""","=""274/9""","=""274/10"""
Match 260,Sri Lanka,New Zealand,"Eden Park, Auckland",2,2023-03-25,"=""3/0""","=""12/0""","=""14/1""","=""18/2""","=""18/2""","=""20/2""","=""20/2""","=""25/3""","=""27/3""","=""31/5""","=""36/5""","=""39/5""","=""46/5""","=""49/6""","=""53/7""","=""56/7""","=""57/8""","=""62/8""","=""66/9""","=""76/10""",N/A,N/A,N/A,N/A,N/A,N/A,N/A,N/A,N/A,N/A,N/A,N/A,N/A,N/A,N/A,N/A,N/A,N/A,N/A,N/A,N/A,N/A,N/A,N/A,N/A,N/A,N/A,N/A,N/A,N/A
Match 261,Sri Lanka,New Zealand,"Seddon Park, Hamilton",1,2023-03-31,"=""1/0""","=""11/0""","=""13/1""","=""13/1""","=""13/2""","=""14/2""","=""17/2""","=""18/3""","=""19/3""","=""26/3""","=""28/3""","=""37/3""","=""42/3""","=""44/3""","=""51/4""","=""56/4""","=""63/4""","=""70/4""","=""70/5""","=""77/5""","=""78/5""","=""85/5""","=""94/5""","=""100/6""","=""100/6""","=""105/6""","=""113/6""","=""114/6""","=""116/6""","=""126/6""","=""128/6""","=""128/7""","=""133/8""","=""135/8""","=""143/8""","=""143/8""","=""150/8""","=""150/9""","=""151/9""","=""152/9""","=""155/9""","=""157/10""",N/A,N/A,N/A,N/A,N/A,N/A,N/A,N/A
Match 262,New Zealand,Sri Lanka,"Seddon Park, Hamilton",2,2023-03-31,"=""5/0""","=""6/2""","=""7/2""","=""13/2""","=""15/2""","=""20/2""","=""25/3""","=""31/3""","=""35/3""","=""39/3""","=""45/3""","=""52/3""","=""53/3""","=""56/3""","=""59/4""","=""63/4""","=""65/4""","=""70/4""","=""76/4""","=""83/4""","=""84/4""","=""87/4""","=""93/4""","=""100/4""","=""109/4""","=""116/4""","=""121/4""","=""126/4""","=""135/4""","=""142/4""","=""149/4""","=""154/4""","=""159/4""",N/A,N/A,N/A,N/A,N/A,N/A,N/A,N/A,N/A,N/A,N/A,N/A,N/A,N/A,N/A,N/A,N/A
Match 263,Bangladesh,Zimbabwe,Harare Sports Club,1,2022-08-05,"=""4/0""","=""4/0""","=""13/0""","=""17/0""","=""18/0""","=""27/0""","=""29/0""","=""36/0""","=""42/0""","=""51/0""","=""55/0""","=""56/0""","=""61/0""","=""64/0""","=""69/0""","=""75/0""","=""78/0""","=""81/0""","=""87/0""","=""89/0""","=""92/0""","=""95/0""","=""99/0""","=""109/0""","=""116/0""","=""120/1""","=""126/1""","=""130/1""","=""130/1""","=""144/1""","=""153/1""","=""158/1""","=""170/1""","=""173/2""","=""184/2""","=""191/2""","=""195/2""","=""203/2""","=""210/2""","=""213/2""","=""222/2""","=""229/2""","=""235/2""","=""251/2""","=""264/2""","=""271/3""","=""281/3""","=""286/3""","=""293/3""","=""303/3"""
Match 264,Zimbabwe,Bangladesh,Harare Sports Club,2,2022-08-05,"=""2/1""","=""6/2""","=""14/2""","=""19/2""","=""24/2""","=""31/2""","=""32/2""","=""34/2""","=""45/2""","=""48/2""","=""50/2""","=""53/2""","=""61/2""","=""64/3""","=""64/3""","=""71/3""","=""77/3""","=""87/3""","=""94/3""","=""99/3""","=""108/3""","=""111/3""","=""114/3""","=""119/3""","=""127/3""","=""134/3""","=""135/3""","=""137/3""","=""139/3""","=""145/3""","=""157/3""","=""164/3""","=""170/3""","=""183/3""","=""193/3""","=""203/3""","=""212/3""","=""225/3""","=""235/3""","=""242/3""","=""246/3""","=""255/4""","=""266/4""","=""270/4""","=""275/4""","=""283/4""","=""296/4""","=""301/5""","=""307/5""",N/A
Match 265,Bangladesh,Zimbabwe,Harare Sports Club,1,2022-08-07,"=""9/0""","=""13/0""","=""15/0""","=""20/0""","=""34/0""","=""40/0""","=""45/0""","=""49/0""","=""57/0""","=""62/0""","=""71/1""","=""73/1""","=""77/2""","=""80/2""","=""87/2""","=""90/2""","=""99/2""","=""104/2""","=""109/2""","=""116/2""","=""122/2""","=""125/2""","=""127/2""","=""127/3""","=""129/3""","=""136/3""","=""143/3""","=""146/3""","=""148/3""","=""151/4""","=""152/4""","=""155/4""","=""157/4""","=""165/4""","=""170/4""","=""172/4""","=""184/4""","=""195/4""","=""198/4""","=""206/4""","=""212/4""","=""223/4""","=""229/4""","=""233/5""","=""246/5""","=""249/6""","=""263/6""","=""273/7""","=""283/7""","=""290/9"""
Match 266,Zimbabwe,Bangladesh,Harare Sports Club,2,2022-08-07,"=""2/1""","=""7/1""","=""13/2""","=""17/2""","=""17/2""","=""20/2""","=""25/2""","=""27/3""","=""28/3""","=""30/3""","=""35/3""","=""40/3""","=""45/3""","=""47/3""","=""49/4""","=""52/4""","=""55/4""","=""61/4""","=""69/4""","=""81/4""","=""82/4""","=""85/4""","=""92/4""","=""95/4""","=""109/4""","=""116/4""","=""123/4""","=""132/4""","=""139/4""","=""157/4""","=""163/4""","=""170/4""","=""176/4""","=""180/4""","=""185/4""","=""190/4""","=""199/4""","=""205/4""","=""215/4""","=""220/4""","=""223/4""","=""236/4""","=""250/4""","=""255/5""","=""258/5""","=""266/5""","=""285/5""","=""291/5""",N/A,N/A
Match 267,Bangladesh,Zimbabwe,Harare Sports Club,1,2022-08-10,"=""5/0""","=""9/0""","=""10/0""","=""22/0""","=""26/0""","=""28/0""","=""34/0""","=""40/0""","=""47/1""","=""47/3""","=""55/3""","=""60/3""","=""61/3""","=""68/3""","=""72/3""","=""77/3""","=""78/3""","=""85/3""","=""94/3""","=""96/3""","=""109/3""","=""111/3""","=""117/3""","=""120/3""","=""125/4""","=""127/4""","=""133/4""","=""137/4""","=""144/4""","=""147/4""","=""152/4""","=""157/4""","=""162/4""","=""173/4""","=""173/5""","=""176/5""","=""180/5""","=""182/5""","=""184/5""","=""189/5""","=""200/5""","=""206/6""","=""207/6""","=""213/6""","=""217/6""","=""221/7""","=""234/7""","=""241/8""","=""244/9""","=""256/9"""
Match 268,Zimbabwe,Bangladesh,Harare Sports Club,2,2022-08-10,"=""5/1""","=""7/2""","=""12/2""","=""15/2""","=""16/2""","=""19/4""","=""27/4""","=""31/4""","=""32/5""","=""32/5""","=""34/5""","=""43/5""","=""48/5""","=""50/6""","=""54/6""","=""60/6""","=""66/6""","=""72/6""","=""74/6""","=""75/6""","=""77/7""","=""79/7""","=""83/9""","=""97/9""","=""98/9""","=""106/9""","=""108/9""","=""117/9""","=""129/9""","=""139/9""","=""144/9""","=""151/9""","=""151/10""",N/A,N/A,N/A,N/A,N/A,N/A,N/A,N/A,N/A,N/A,N/A,N/A,N/A,N/A,N/A,N/A,N/A
Match 269,Zimbabwe,India,Harare Sports Club,1,2022-08-18,"=""6/0""","=""12/0""","=""17/0""","=""18/0""","=""22/0""","=""25/0""","=""26/1""","=""26/1""","=""30/2""","=""31/3""","=""37/4""","=""46/4""","=""52/4""","=""53/4""","=""58/4""","=""66/4""","=""71/5""","=""75/5""","=""76/5""","=""78/5""","=""87/6""","=""87/6""","=""87/6""","=""91/6""","=""95/6""","=""105/6""","=""107/7""","=""110/7""","=""111/8""","=""114/8""","=""121/8""","=""124/8""","=""133/8""","=""137/8""","=""144/8""","=""151/8""","=""161/8""","=""171/8""","=""179/8""","=""188/9""","=""189/10""",N/A,N/A,N/A,N/A,N/A,N/A,N/A,N/A,N/A
Match 270,India,Zimbabwe,Harare Sports Club,2,2022-08-18,"=""8/0""","=""14/0""","=""19/0""","=""25/0""","=""26/0""","=""27/0""","=""29/0""","=""37/0""","=""41/0""","=""43/0""","=""49/0""","=""52/0""","=""60/0""","=""76/0""","=""79/0""","=""83/0""","=""91/0""","=""96/0""","=""99/0""","=""105/0""","=""113/0""","=""118/0""","=""121/0""","=""128/0""","=""140/0""","=""153/0""","=""158/0""","=""165/0""","=""180/0""","=""185/0""","=""192/0""",N/A,N/A,N/A,N/A,N/A,N/A,N/A,N/A,N/A,N/A,N/A,N/A,N/A,N/A,N/A,N/A,N/A,N/A,N/A
Match 271,Zimbabwe,India,Harare Sports Club,1,2022-08-20,"=""1/0""","=""1/0""","=""1/0""","=""3/0""","=""8/0""","=""10/0""","=""12/0""","=""20/0""","=""20/1""","=""26/1""","=""27/1""","=""29/3""","=""39/4""","=""44/4""","=""46/4""","=""50/4""","=""61/4""","=""61/4""","=""65/4""","=""69/4""","=""72/5""","=""76/5""","=""83/5""","=""87/5""","=""92/5""","=""94/5""","=""101/5""","=""105/6""","=""107/6""","=""113/6""","=""123/6""","=""125/6""","=""130/7""","=""136/7""","=""141/7""","=""147/7""","=""149/8""","=""160/9""","=""161/10""",N/A,N/A,N/A,N/A,N/A,N/A,N/A,N/A,N/A,N/A,N/A
Match 272,India,Zimbabwe,Harare Sports Club,2,2022-08-20,"=""4/0""","=""5/1""","=""16/1""","=""21/1""","=""26/1""","=""41/1""","=""51/2""","=""62/2""","=""64/2""","=""75/2""","=""81/2""","=""86/3""","=""91/3""","=""97/4""","=""98/4""","=""109/4""","=""115/4""","=""116/4""","=""120/4""","=""130/4""","=""136/4""","=""139/4""","=""152/4""","=""154/5""","=""161/5""","=""167/5""",N/A,N/A,N/A,N/A,N/A,N/A,N/A,N/A,N/A,N/A,N/A,N/A,N/A,N/A,N/A,N/A,N/A,N/A,N/A,N/A,N/A,N/A,N/A,N/A
Match 273,India,Zimbabwe,Harare Sports Club,1,2022-08-22,"=""8/0""","=""14/0""","=""16/0""","=""20/0""","=""22/0""","=""22/0""","=""27/0""","=""32/0""","=""37/0""","=""41/0""","=""46/0""","=""49/0""","=""52/0""","=""55/0""","=""63/1""","=""64/1""","=""67/1""","=""68/1""","=""70/1""","=""77/1""","=""84/2""","=""89/2""","=""96/2""","=""96/2""","=""106/2""","=""109/2""","=""116/2""","=""120/2""","=""126/2""","=""130/2""","=""132/2""","=""141/2""","=""144/2""","=""149/2""","=""161/2""","=""171/2""","=""182/2""","=""189/2""","=""199/2""","=""210/2""","=""218/2""","=""224/2""","=""227/4""","=""233/4""","=""242/4""","=""256/5""","=""264/5""","=""275/6""","=""282/6""","=""289/8"""
Match 274,Zimbabwe,India,Harare Sports Club,2,2022-08-22,"=""2/0""","=""3/0""","=""8/1""","=""17/1""","=""27/1""","=""36/1""","=""42/1""","=""42/1""","=""47/1""","=""49/1""","=""52/1""","=""56/1""","=""61/1""","=""66/1""","=""75/1""","=""80/1""","=""83/2""","=""84/3""","=""91/3""","=""93/3""","=""95/3""","=""101/3""","=""103/3""","=""111/3""","=""116/3""","=""120/3""","=""122/4""","=""123/5""","=""127/5""","=""130/5""","=""142/5""","=""145/5""","=""149/6""","=""153/6""","=""168/6""","=""169/7""","=""174/7""","=""175/7""","=""195/7""","=""195/7""","=""211/7""","=""215/7""","=""226/7""","=""231/7""","=""238/7""","=""250/7""","=""257/7""","=""273/8""","=""275/9""","=""276/10"""
Match 275,South Africa,India,"Bharat Ratna Shri Atal Bihari Vajpayee Ekana Cricket Stadium, Lucknow",1,2022-10-06,"=""2/0""","=""8/0""","=""12/0""","=""13/0""","=""18/0""","=""20/0""","=""22/0""","=""28/0""","=""31/0""","=""41/0""","=""44/0""","=""49/0""","=""49/1""","=""65/1""","=""70/2""","=""71/3""","=""74/3""","=""80/3""","=""85/3""","=""92/3""","=""105/3""","=""108/3""","=""116/4""","=""125/4""","=""134/4""","=""138/4""","=""145/4""","=""146/4""","=""155/4""","=""164/4""","=""173/4""","=""179/4""","=""184/4""","=""187/4""","=""195/4""","=""207/4""","=""215/4""","=""231/4""","=""240/4""","=""249/4""",N/A,N/A,N/A,N/A,N/A,N/A,N/A,N/A,N/A,N/A
Match 276,India,South Africa,"Bharat Ratna Shri Atal Bihari Vajpayee Ekana Cricket Stadium, Lucknow",2,2022-10-06,"=""5/0""","=""8/0""","=""8/1""","=""8/1""","=""8/1""","=""12/2""","=""14/2""","=""18/2""","=""21/2""","=""24/2""","=""26/2""","=""30/2""","=""34/2""","=""36/2""","=""45/2""","=""46/2""","=""49/3""","=""51/4""","=""66/4""","=""76/4""","=""90/4""","=""95/4""","=""106/4""","=""106/4""","=""112/4""","=""118/4""","=""122/5""","=""131/5""","=""136/5""","=""145/5""","=""148/5""","=""154/5""","=""164/5""","=""169/5""","=""177/5""","=""191/5""","=""205/5""","=""213/7""","=""220/8""","=""240/8""",N/A,N/A,N/A,N/A,N/A,N/A,N/A,N/A,N/A,N/A
Match 277,South Africa,India,"JSCA International Stadium Complex, Ranchi",1,2022-10-09,"=""5/0""","=""7/0""","=""7/1""","=""10/1""","=""19/1""","=""24/1""","=""33/1""","=""35/1""","=""36/1""","=""40/2""","=""42/2""","=""50/2""","=""54/2""","=""57/2""","=""60/2""","=""70/2""","=""72/2""","=""77/2""","=""83/2""","=""91/2""","=""100/2""","=""110/2""","=""113/2""","=""116/2""","=""122/2""","=""130/2""","=""138/2""","=""143/2""","=""150/2""","=""157/2""","=""168/2""","=""169/3""","=""180/3""","=""181/3""","=""192/3""","=""197/3""","=""204/3""","=""215/4""","=""217/5""","=""221/5""","=""230/5""","=""237/5""","=""240/5""","=""245/5""","=""252/5""","=""256/5""","=""257/6""","=""263/6""","=""275/6""","=""278/7"""
Match 278,India,South Africa,"JSCA International Stadium Complex, Ranchi",2,2022-10-09,"=""0/0""","=""8/0""","=""11/0""","=""15/0""","=""26/0""","=""28/1""","=""35/1""","=""43/1""","=""49/2""","=""55/2""","=""55/2""","=""65/2""","=""72/2""","=""73/2""","=""75/2""","=""79/2""","=""82/2""","=""85/2""","=""94/2""","=""96/2""","=""111/2""","=""117/2""","=""123/2""","=""133/2""","=""138/2""","=""144/2""","=""154/2""","=""156/2""","=""167/2""","=""177/2""","=""182/2""","=""198/2""","=""199/2""","=""208/2""","=""210/3""","=""211/3""","=""220/3""","=""225/3""","=""231/3""","=""236/3""","=""242/3""","=""249/3""","=""263/3""","=""269/3""","=""273/3""","=""282/3""",N/A,N/A,N/A,N/A
Match 279,South Africa,India,"Arun Jaitley Stadium, Delhi",1,2022-10-11,"=""2/0""","=""3/0""","=""7/1""","=""13/1""","=""15/1""","=""19/1""","=""20/1""","=""25/2""","=""25/2""","=""26/3""","=""29/3""","=""32/3""","=""35/3""","=""39/3""","=""42/3""","=""44/4""","=""49/4""","=""59/4""","=""67/5""","=""73/6""","=""74/6""","=""79/6""","=""80/6""","=""87/6""","=""94/7""","=""94/9""","=""99/9""","=""99/10""",N/A,N/A,N/A,N/A,N/A,N/A,N/A,N/A,N/A,N/A,N/A,N/A,N/A,N/A,N/A,N/A,N/A,N/A,N/A,N/A,N/A,N/A
Match 280,India,South Africa,"Arun Jaitley Stadium, Delhi",2,2022-10-11,"=""7/0""","=""13/0""","=""18/0""","=""24/0""","=""35/0""","=""42/0""","=""42/1""","=""44/1""","=""49/1""","=""53/1""","=""59/2""","=""65/2""","=""74/2""","=""75/2""","=""77/2""","=""85/2""","=""90/2""","=""97/2""","=""99/3""","=""105/3""",N/A,N/A,N/A,N/A,N/A,N/A,N/A,N/A,N/A,N/A,N/A,N/A,N/A,N/A,N/A,N/A,N/A,N/A,N/A,N/A,N/A,N/A,N/A,N/A,N/A,N/A,N/A,N/A,N/A,N/A
Match 281,England,New Zealand,"Sophia Gardens, Cardiff",1,2023-09-08,"=""6/0""","=""9/0""","=""11/0""","=""13/0""","=""22/0""","=""29/0""","=""37/0""","=""42/0""","=""49/0""","=""50/0""","=""57/0""","=""69/0""","=""76/0""","=""79/0""","=""80/1""","=""82/2""","=""85/2""","=""91/2""","=""93/2""","=""101/2""","=""103/3""","=""105/3""","=""113/3""","=""114/3""","=""123/3""","=""131/3""","=""135/3""","=""139/3""","=""144/3""","=""147/3""","=""150/3""","=""155/3""","=""162/3""","=""166/3""","=""173/3""","=""179/3""","=""183/3""","=""190/4""","=""198/4""","=""202/4""","=""210/4""","=""218/4""","=""240/4""","=""243/4""","=""248/4""","=""257/4""","=""265/4""","=""271/6""","=""275/6""","=""291/6"""
Match 282,New Zealand,England,"Sophia Gardens, Cardiff",2,2023-09-08,"=""1/0""","=""9/0""","=""10/0""","=""27/0""","=""32/0""","=""33/0""","=""42/0""","=""51/0""","=""52/0""","=""61/0""","=""66/1""","=""72/1""","=""76/1""","=""79/1""","=""82/1""","=""86/1""","=""93/1""","=""99/1""","=""108/1""","=""114/1""","=""120/2""","=""133/2""","=""136/2""","=""141/2""","=""146/2""","=""149/2""","=""153/2""","=""157/2""","=""160/2""","=""170/2""","=""174/2""","=""177/2""","=""179/2""","=""187/2""","=""199/2""","=""203/2""","=""218/2""","=""225/2""","=""231/2""","=""238/2""","=""245/2""","=""246/2""","=""264/2""","=""271/2""","=""283/2""","=""297/2""",N/A,N/A,N/A,N/A
Match 283,England,New Zealand,"The Rose Bowl, Southampton",1,2023-09-10,"=""1/0""","=""6/0""","=""6/2""","=""8/2""","=""10/3""","=""13/3""","=""28/3""","=""34/4""","=""40/4""","=""46/4""","=""49/4""","=""55/4""","=""56/5""","=""60/5""","=""65/5""","=""73/5""","=""79/5""","=""82/5""","=""88/5""","=""99/5""","=""103/6""","=""108/6""","=""125/6""","=""133/6""","=""137/6""","=""147/6""","=""154/6""","=""158/6""","=""171/6""","=""184/6""","=""192/6""","=""203/6""","=""211/6""","=""226/7""",N/A,N/A,N/A,N/A,N/A,N/A,N/A,N/A,N/A,N/A,N/A,N/A,N/A,N/A,N/A,N/A
Match 284,New Zealand,England,"The Rose Bowl, Southampton",2,2023-09-10,"=""1/1""","=""5/1""","=""19/1""","=""26/1""","=""28/1""","=""29/1""","=""39/1""","=""45/1""","=""49/2""","=""51/2""","=""55/2""","=""56/3""","=""60/3""","=""68/3""","=""73/3""","=""79/3""","=""86/3""","=""89/3""","=""104/3""","=""109/3""","=""113/4""","=""119/4""","=""123/6""","=""128/6""","=""133/6""","=""144/8""","=""147/10""",N/A,N/A,N/A,N/A,N/A,N/A,N/A,N/A,N/A,N/A,N/A,N/A,N/A,N/A,N/A,N/A,N/A,N/A,N/A,N/A,N/A,N/A,N/A
Match 285,England,New Zealand,"Kennington Oval, London",1,2023-09-13,"=""3/1""","=""9/1""","=""13/2""","=""14/2""","=""25/2""","=""36/2""","=""42/2""","=""51/2""","=""53/2""","=""55/2""","=""63/2""","=""64/2""","=""79/2""","=""85/2""","=""92/2""","=""98/2""","=""106/2""","=""119/2""","=""125/2""","=""133/2""","=""144/2""","=""152/2""","=""169/2""","=""181/2""","=""185/2""","=""194/2""","=""200/2""","=""202/2""","=""206/2""","=""212/2""","=""218/3""","=""232/3""","=""244/3""","=""253/3""","=""264/3""","=""276/3""","=""287/3""","=""290/4""","=""296/4""","=""307/4""","=""314/4""","=""328/4""","=""336/5""","=""342/5""","=""355/6""","=""360/7""","=""364/8""","=""368/9""","=""368/10""",N/A
Match 286,New Zealand,England,"Kennington Oval, London",2,2023-09-13,"=""2/0""","=""5/0""","=""14/0""","=""16/0""","=""19/1""","=""24/2""","=""28/3""","=""30/3""","=""34/3""","=""36/3""","=""37/4""","=""46/4""","=""52/4""","=""56/4""","=""60/4""","=""64/4""","=""70/5""","=""75/5""","=""81/5""","=""86/5""","=""92/5""","=""99/5""","=""104/5""","=""115/5""","=""119/6""","=""120/6""","=""128/6""","=""131/6""","=""139/6""","=""143/6""","=""151/6""","=""156/6""","=""166/6""","=""173/7""","=""176/8""","=""179/8""","=""182/9""","=""186/9""","=""187/10""",N/A,N/A,N/A,N/A,N/A,N/A,N/A,N/A,N/A,N/A,N/A
Match 287,England,New Zealand,"Lord's, London",1,2023-09-15,"=""6/0""","=""14/0""","=""19/0""","=""26/0""","=""28/1""","=""32/1""","=""33/1""","=""45/1""","=""48/1""","=""56/1""","=""59/1""","=""62/1""","=""62/1""","=""71/1""","=""79/1""","=""81/1""","=""93/1""","=""96/1""","=""99/1""","=""106/1""","=""112/2""","=""129/2""","=""131/2""","=""135/2""","=""139/3""","=""144/3""","=""146/3""","=""162/3""","=""164/3""","=""173/3""","=""181/3""","=""187/3""","=""192/3""","=""196/4""","=""202/4""","=""206/4""","=""217/4""","=""222/4""","=""238/4""","=""243/4""","=""245/5""","=""250/5""","=""252/6""","=""259/6""","=""269/6""","=""275/7""","=""283/8""","=""288/8""","=""301/8""","=""311/9"""
Match 288,New Zealand,England,"Lord's, London",2,2023-09-15,"=""4/0""","=""4/0""","=""11/0""","=""19/0""","=""24/0""","=""26/1""","=""27/1""","=""35/1""","=""46/2""","=""51/2""","=""51/2""","=""53/3""","=""62/3""","=""65/3""","=""76/3""","=""81/3""","=""84/3""","=""88/3""","=""89/4""","=""99/4""","=""104/4""","=""112/4""","=""115/4""","=""120/4""","=""123/5""","=""126/5""","=""132/5""","=""137/5""","=""139/5""","=""143/6""","=""146/6""","=""151/6""","=""159/6""","=""164/6""","=""173/8""","=""180/8""","=""190/8""","=""211/8""","=""211/9""",N/A,N/A,N/A,N/A,N/A,N/A,N/A,N/A,N/A,N/A,N/A
Match 289,England,Ireland,"Trent Bridge, Nottingham",1,2023-09-23,"=""8/0""","=""21/0""","=""35/0""","=""44/0""","=""48/0""","=""55/0""","=""57/2""","=""59/2""","=""62/2""","=""72/2""","=""80/2""","=""91/2""","=""96/2""","=""99/2""","=""110/2""","=""115/2""","=""121/2""","=""124/2""","=""133/2""","=""141/2""","=""146/2""","=""152/2""","=""156/2""","=""159/3""","=""159/3""","=""166/3""","=""170/3""","=""176/3""","=""181/3""","=""194/3""","=""204/3""","=""205/4""","=""211/4""","=""216/4""","=""223/4""","=""227/5""","=""231/5""","=""237/5""","=""246/5""","=""251/5""","=""259/5""","=""268/5""","=""273/5""","=""286/6""","=""290/6""","=""300/6""","=""306/7""","=""315/7""","=""328/7""","=""334/8"""
Match 290,Ireland,England,"Trent Bridge, Nottingham",2,2023-09-23,"=""5/0""","=""22/0""","=""28/0""","=""46/1""","=""47/2""","=""48/2""","=""59/2""","=""64/2""","=""69/3""","=""80/3""","=""85/3""","=""92/3""","=""94/3""","=""102/3""","=""105/4""","=""107/4""","=""109/4""","=""119/4""","=""121/4""","=""124/5""","=""128/5""","=""135/5""","=""136/5""","=""138/6""","=""150/6""","=""158/7""","=""161/7""","=""169/7""","=""176/7""","=""179/7""","=""185/7""","=""188/8""","=""195/8""","=""201/8""","=""205/8""","=""214/8""","=""219/8""","=""229/8""","=""231/9""","=""241/9""","=""245/9""","=""254/9""","=""257/9""","=""264/9""","=""268/9""","=""280/9""","=""286/10""",N/A,N/A,N/A
Match 291,England,Ireland,"County Ground, Bristol",1,2023-09-26,"=""19/0""","=""25/0""","=""37/0""","=""60/0""","=""66/0""","=""84/0""","=""87/1""","=""100/1""","=""104/2""","=""107/2""","=""110/2""","=""118/2""","=""120/2""","=""136/2""","=""144/2""","=""147/2""","=""156/2""","=""164/2""","=""165/2""","=""176/2""","=""186/2""","=""199/2""","=""206/3""","=""216/3""","=""227/3""","=""233/3""","=""252/3""","=""257/3""","=""262/3""","=""272/3""","=""280/4""",N/A,N/A,N/A,N/A,N/A,N/A,N/A,N/A,N/A,N/A,N/A,N/A,N/A,N/A,N/A,N/A,N/A,N/A,N/A
Match 292,South Africa,England,"Mangaung Oval, Bloemfontein",1,2023-01-27,"=""4/0""","=""9/0""","=""18/0""","=""26/0""","=""31/0""","=""44/0""","=""51/0""","=""56/0""","=""65/1""","=""75/1""","=""81/1""","=""83/1""","=""86/1""","=""87/2""","=""92/2""","=""94/2""","=""100/2""","=""104/2""","=""106/2""","=""114/2""","=""116/2""","=""117/3""","=""124/3""","=""130/3""","=""135/3""","=""140/3""","=""149/3""","=""151/3""","=""160/3""","=""168/3""","=""171/4""","=""175/4""","=""180/4""","=""181/4""","=""191/4""","=""202/4""","=""209/4""","=""212/4""","=""218/4""","=""220/4""","=""227/4""","=""234/4""","=""241/4""","=""245/4""","=""253/4""","=""260/4""","=""280/4""","=""286/5""","=""291/6""","=""298/7"""
Match 293,England,South Africa,"Mangaung Oval, Bloemfontein",2,2023-01-27,"=""8/0""","=""20/0""","=""29/0""","=""35/0""","=""40/0""","=""42/0""","=""43/0""","=""48/0""","=""53/0""","=""56/0""","=""71/0""","=""77/0""","=""80/0""","=""91/0""","=""95/0""","=""110/0""","=""123/0""","=""126/0""","=""144/0""","=""147/1""","=""151/2""","=""152/3""","=""157/3""","=""162/3""","=""170/3""","=""175/3""","=""185/3""","=""186/3""","=""196/3""","=""202/4""","=""208/4""","=""212/4""","=""216/4""","=""224/5""","=""230/5""","=""232/5""","=""234/6""","=""249/6""","=""251/7""","=""256/7""","=""264/7""","=""266/8""","=""267/9""","=""271/9""","=""271/10""",N/A,N/A,N/A,N/A,N/A
Match 294,England,South Africa,"Mangaung Oval, Bloemfontein",1,2023-01-29,"=""0/0""","=""6/0""","=""9/0""","=""19/0""","=""27/0""","=""28/1""","=""34/2""","=""36/2""","=""39/2""","=""42/2""","=""42/2""","=""50/2""","=""56/2""","=""63/2""","=""75/2""","=""81/2""","=""83/3""","=""88/3""","=""94/3""","=""106/3""","=""117/3""","=""121/3""","=""131/3""","=""134/3""","=""144/3""","=""152/3""","=""154/3""","=""156/4""","=""158/4""","=""161/4""","=""164/4""","=""177/4""","=""181/4""","=""184/4""","=""197/4""","=""202/4""","=""211/4""","=""217/4""","=""234/4""","=""248/4""","=""261/4""","=""262/5""","=""269/5""","=""276/6""","=""279/6""","=""282/6""","=""305/6""","=""312/6""","=""328/6""","=""342/7"""
Match 295,South Africa,England,"Mangaung Oval, Bloemfontein",2,2023-01-29,"=""4/0""","=""7/0""","=""18/0""","=""29/0""","=""33/0""","=""39/0""","=""54/0""","=""57/0""","=""61/0""","=""64/0""","=""74/0""","=""77/1""","=""82/1""","=""82/1""","=""95/1""","=""100/1""","=""110/1""","=""119/1""","=""129/1""","=""135/1""","=""138/1""","=""145/1""","=""153/1""","=""155/1""","=""164/1""","=""169/1""","=""174/1""","=""174/2""","=""178/3""","=""187/3""","=""194/3""","=""205/3""","=""218/3""","=""224/3""","=""233/3""","=""237/4""","=""246/4""","=""254/4""","=""260/4""","=""273/4""","=""280/4""","=""284/5""","=""294/5""","=""306/5""","=""319/5""","=""320/5""","=""325/5""","=""331/5""","=""341/5""","=""347/5"""
Match 296,England,South Africa,"Diamond Oval, Kimberley",1,2023-02-01,"=""1/0""","=""2/1""","=""5/1""","=""9/2""","=""12/2""","=""14/3""","=""15/3""","=""16/3""","=""19/3""","=""20/3""","=""26/3""","=""28/3""","=""32/3""","=""37/3""","=""40/3""","=""41/3""","=""49/3""","=""57/3""","=""61/3""","=""73/3""","=""80/3""","=""85/3""","=""95/3""","=""98/3""","=""102/3""","=""107/3""","=""110/3""","=""120/3""","=""127/3""","=""129/3""","=""141/3""","=""157/3""","=""163/3""","=""181/3""","=""190/3""","=""195/3""","=""205/3""","=""212/3""","=""221/3""","=""239/3""","=""250/4""","=""255/4""","=""269/4""","=""285/4""","=""295/4""","=""299/4""","=""315/5""","=""326/7""","=""332/7""","=""346/7"""
Match 297,South Africa,England,"Diamond Oval, Kimberley",2,2023-02-01,"=""3/0""","=""5/0""","=""15/0""","=""24/0""","=""24/0""","=""32/0""","=""41/0""","=""45/0""","=""49/1""","=""55/1""","=""60/1""","=""66/2""","=""68/2""","=""79/2""","=""87/2""","=""92/2""","=""96/2""","=""110/2""","=""115/3""","=""118/3""","=""127/3""","=""133/3""","=""139/3""","=""147/3""","=""156/3""","=""159/4""","=""174/4""","=""176/5""","=""185/5""","=""188/5""","=""194/6""","=""198/6""","=""209/6""","=""220/6""","=""229/6""","=""234/6""","=""248/6""","=""257/6""","=""274/6""","=""279/7""","=""281/8""","=""281/9""","=""287/9""","=""287/10""",N/A,N/A,N/A,N/A,N/A,N/A
Match 298,West Indies,South Africa,"Buffalo Park, East London",1,2023-03-18,"=""2/0""","=""6/0""","=""8/0""","=""21/0""","=""26/0""","=""41/0""","=""48/0""","=""66/0""","=""68/1""","=""71/2""","=""82/3""","=""89/3""","=""95/3""","=""98/3""","=""109/3""","=""115/3""","=""118/3""","=""127/3""","=""129/3""","=""138/3""","=""141/3""","=""148/3""","=""155/3""","=""160/4""","=""164/4""","=""167/4""","=""172/4""","=""174/4""","=""181/4""","=""184/4""","=""190/4""","=""198/4""","=""199/4""","=""203/4""","=""211/4""","=""226/4""","=""236/4""","=""239/5""","=""239/5""","=""242/5""","=""245/5""","=""251/5""","=""262/5""","=""279/5""","=""288/6""","=""292/7""","=""295/8""","=""310/8""","=""319/8""","=""335/8"""
Match 299,South Africa,West Indies,"Buffalo Park, East London",2,2023-03-18,"=""4/0""","=""4/0""","=""17/0""","=""29/0""","=""48/0""","=""50/0""","=""57/0""","=""67/0""","=""76/1""","=""78/1""","=""80/1""","=""90/1""","=""97/1""","=""105/1""","=""116/1""","=""123/1""","=""130/2""","=""138/2""","=""148/2""","=""158/2""","=""164/2""","=""173/2""","=""179/2""","=""182/2""","=""185/3""","=""190/3""","=""198/3""","=""202/4""","=""205/4""","=""214/5""","=""221/5""","=""227/5""","=""231/7""","=""238/8""","=""240/8""","=""252/8""","=""259/8""","=""260/8""","=""278/8""","=""282/8""","=""286/8""","=""287/10""",N/A,N/A,N/A,N/A,N/A,N/A,N/A,N/A
Match 300,West Indies,South Africa,"Senwes Park, Potchefstroom",1,2023-03-21,"=""8/0""","=""15/0""","=""22/0""","=""27/0""","=""38/0""","=""38/0""","=""39/1""","=""43/1""","=""50/1""","=""61/1""","=""64/1""","=""68/1""","=""70/1""","=""75/1""","=""78/1""","=""84/1""","=""89/1""","=""97/1""","=""110/2""","=""118/2""","=""119/2""","=""121/3""","=""129/3""","=""139/3""","=""148/3""","=""150/3""","=""154/4""","=""160/4""","=""162/5""","=""164/5""","=""172/5""","=""175/5""","=""182/5""","=""186/5""","=""190/6""","=""194/6""","=""197/6""","=""199/6""","=""206/7""","=""210/7""","=""213/7""","=""214/7""","=""221/7""","=""227/8""","=""235/8""","=""244/8""","=""246/9""","=""256/9""","=""260/10""",N/A
Match 301,South Africa,West Indies,"Senwes Park, Potchefstroom",2,2023-03-21,"=""5/0""","=""15/0""","=""22/1""","=""28/1""","=""37/2""","=""37/2""","=""43/2""","=""49/2""","=""55/2""","=""68/2""","=""74/3""","=""87/3""","=""96/4""","=""98/4""","=""101/4""","=""115/4""","=""123/4""","=""142/4""","=""145/5""","=""149/5""","=""159/5""","=""175/5""","=""178/5""","=""193/5""","=""206/5""","=""223/5""","=""227/5""","=""241/5""","=""250/6""","=""264/6""",N/A,N/A,N/A,N/A,N/A,N/A,N/A,N/A,N/A,N/A,N/A,N/A,N/A,N/A,N/A,N/A,N/A,N/A,N/A,N/A
Match 302,New Zealand,Pakistan,"National Stadium, Karachi",1,2023-01-09,"=""1/1""","=""1/1""","=""3/1""","=""6/1""","=""15/1""","=""28/1""","=""36/1""","=""38/2""","=""43/2""","=""48/2""","=""52/2""","=""55/2""","=""62/2""","=""68/2""","=""72/3""","=""77/3""","=""85/3""","=""92/3""","=""96/3""","=""100/3""","=""104/3""","=""107/3""","=""109/3""","=""114/3""","=""119/3""","=""123/3""","=""125/4""","=""135/4""","=""137/4""","=""143/4""","=""146/4""","=""148/5""","=""151/5""","=""152/5""","=""157/5""","=""163/5""","=""167/5""","=""169/5""","=""174/5""","=""180/5""","=""188/5""","=""194/5""","=""208/5""","=""213/6""","=""217/6""","=""220/8""","=""226/8""","=""236/8""","=""246/8""","=""255/9"""
Match 303,Pakistan,New Zealand,"National Stadium, Karachi",2,2023-01-09,"=""7/0""","=""12/0""","=""15/0""","=""22/0""","=""29/0""","=""30/1""","=""33/1""","=""41/1""","=""41/1""","=""49/1""","=""51/1""","=""63/1""","=""65/1""","=""69/1""","=""78/1""","=""82/1""","=""85/1""","=""87/1""","=""92/1""","=""97/1""","=""100/1""","=""103/1""","=""109/2""","=""117/2""","=""119/2""","=""124/2""","=""128/2""","=""131/2""","=""137/2""","=""140/2""","=""143/2""","=""151/2""","=""152/2""","=""156/2""","=""160/2""","=""163/2""","=""170/3""","=""179/3""","=""189/3""","=""197/3""","=""205/3""","=""213/3""","=""219/3""","=""225/3""","=""232/4""","=""241/4""","=""248/4""","=""252/4""","=""258/4""",N/A
Match 304,New Zealand,Pakistan,"National Stadium, Karachi",1,2023-01-11,"=""2/1""","=""8/1""","=""16/1""","=""22/1""","=""28/1""","=""34/1""","=""47/1""","=""54/1""","=""60/1""","=""63/1""","=""66/1""","=""74/1""","=""79/1""","=""82/1""","=""83/1""","=""86/1""","=""88/1""","=""96/1""","=""104/1""","=""112/1""","=""119/1""","=""122/1""","=""131/1""","=""138/1""","=""142/1""","=""157/1""","=""160/1""","=""166/1""","=""180/1""","=""183/2""","=""188/2""","=""195/2""","=""198/4""","=""200/4""","=""202/5""","=""205/5""","=""206/6""","=""208/6""","=""211/6""","=""219/6""","=""220/7""","=""224/7""","=""225/7""","=""227/7""","=""233/7""","=""237/7""","=""239/8""","=""242/9""","=""250/9""","=""261/10"""
Match 305,Pakistan,New Zealand,"National Stadium, Karachi",2,2023-01-11,"=""0/0""","=""1/0""","=""8/1""","=""9/2""","=""13/2""","=""18/2""","=""23/2""","=""27/2""","=""29/2""","=""31/2""","=""37/2""","=""39/2""","=""43/2""","=""47/2""","=""52/2""","=""53/2""","=""56/2""","=""59/2""","=""62/2""","=""64/3""","=""66/3""","=""68/3""","=""72/3""","=""75/3""","=""83/3""","=""84/3""","=""86/4""","=""94/4""","=""105/4""","=""110/4""","=""114/4""","=""118/4""","=""128/5""","=""131/5""","=""137/5""","=""142/6""","=""150/6""","=""152/6""","=""161/7""","=""166/7""","=""172/7""","=""174/8""","=""182/10""",N/A,N/A,N/A,N/A,N/A,N/A,N/A
Match 306,Pakistan,New Zealand,"National Stadium, Karachi",1,2023-01-13,"=""1/0""","=""2/1""","=""3/1""","=""8/1""","=""13/1""","=""18/1""","=""22/2""","=""28/2""","=""29/2""","=""37/2""","=""38/2""","=""43/2""","=""47/2""","=""51/2""","=""57/2""","=""61/2""","=""68/2""","=""72/2""","=""79/2""","=""83/2""","=""90/2""","=""100/2""","=""109/2""","=""114/2""","=""120/2""","=""129/2""","=""134/2""","=""138/2""","=""144/2""","=""153/2""","=""160/2""","=""166/2""","=""174/2""","=""178/3""","=""184/3""","=""190/3""","=""194/4""","=""195/4""","=""197/4""","=""206/4""","=""215/4""","=""222/4""","=""226/5""","=""229/5""","=""231/5""","=""240/5""","=""253/7""","=""261/7""","=""272/8""","=""280/9"""
Match 307,New Zealand,Pakistan,"National Stadium, Karachi",2,2023-01-13,"=""6/0""","=""7/0""","=""13/0""","=""15/0""","=""23/0""","=""29/0""","=""34/0""","=""36/0""","=""43/1""","=""44/1""","=""52/1""","=""61/1""","=""64/1""","=""71/1""","=""75/1""","=""88/1""","=""93/1""","=""98/1""","=""101/1""","=""104/1""","=""108/2""","=""112/2""","=""116/2""","=""123/2""","=""127/2""","=""131/2""","=""135/2""","=""145/2""","=""150/2""","=""155/2""","=""160/3""","=""165/3""","=""168/3""","=""171/4""","=""174/4""","=""185/5""","=""194/5""","=""205/5""","=""213/6""","=""221/6""","=""231/6""","=""240/6""","=""246/6""","=""250/6""","=""262/6""","=""269/7""","=""274/7""","=""279/8""","=""281/8""",N/A
Match 308,New Zealand,Pakistan,Rawalpindi Cricket Stadium,1,2023-04-27,"=""2/0""","=""5/0""","=""10/0""","=""10/0""","=""15/0""","=""15/0""","=""30/0""","=""36/0""","=""44/0""","=""49/1""","=""56/1""","=""63/1""","=""65/1""","=""70/1""","=""73/1""","=""78/1""","=""86/1""","=""94/1""","=""102/1""","=""106/1""","=""113/1""","=""119/1""","=""125/1""","=""132/1""","=""141/1""","=""148/1""","=""154/2""","=""157/2""","=""162/2""","=""166/2""","=""168/2""","=""169/2""","=""175/2""","=""178/2""","=""187/2""","=""192/2""","=""197/2""","=""205/2""","=""218/2""","=""222/3""","=""224/3""","=""235/3""","=""244/3""","=""248/4""","=""251/4""","=""260/4""","=""265/5""","=""272/5""","=""282/5""","=""288/7"""
Match 309,Pakistan,New Zealand,Rawalpindi Cricket Stadium,2,2023-04-27,"=""7/0""","=""9/0""","=""20/0""","=""25/0""","=""32/0""","=""37/0""","=""43/0""","=""48/0""","=""51/0""","=""57/0""","=""62/0""","=""72/0""","=""76/0""","=""79/0""","=""81/0""","=""88/0""","=""91/0""","=""99/0""","=""102/0""","=""114/0""","=""118/0""","=""125/1""","=""130/1""","=""131/1""","=""137/1""","=""147/1""","=""156/1""","=""164/1""","=""173/1""","=""178/1""","=""184/1""","=""189/1""","=""199/1""","=""206/1""","=""212/1""","=""214/2""","=""216/2""","=""217/3""","=""226/3""","=""238/3""","=""249/3""","=""254/3""","=""257/4""","=""259/4""","=""269/4""","=""273/5""","=""278/5""","=""286/5""","=""291/5""",N/A
Match 310,New Zealand,Pakistan,Rawalpindi Cricket Stadium,1,2023-04-29,"=""4/0""","=""16/0""","=""19/0""","=""27/0""","=""29/0""","=""35/1""","=""37/1""","=""44/1""","=""52/1""","=""53/1""","=""57/1""","=""68/1""","=""76/1""","=""81/1""","=""83/1""","=""89/1""","=""103/1""","=""108/1""","=""119/2""","=""121/2""","=""126/2""","=""130/2""","=""138/2""","=""144/2""","=""148/2""","=""155/2""","=""161/2""","=""163/2""","=""165/2""","=""171/2""","=""185/2""","=""190/2""","=""194/2""","=""203/2""","=""206/2""","=""208/2""","=""214/2""","=""222/2""","=""229/2""","=""238/2""","=""248/2""","=""257/2""","=""275/2""","=""285/2""","=""299/2""","=""304/3""","=""312/4""","=""322/4""","=""328/5""","=""336/5"""
Match 311,Pakistan,New Zealand,Rawalpindi Cricket Stadium,2,2023-04-29,"=""8/0""","=""14/0""","=""22/0""","=""25/0""","=""34/0""","=""40/0""","=""50/0""","=""56/0""","=""66/0""","=""66/1""","=""69/1""","=""76/1""","=""78/1""","=""83/1""","=""88/1""","=""93/1""","=""104/1""","=""109/1""","=""115/1""","=""119/1""","=""136/1""","=""143/1""","=""152/1""","=""159/1""","=""167/1""","=""169/1""","=""173/1""","=""184/1""","=""187/1""","=""201/2""","=""206/2""","=""209/2""","=""215/2""","=""218/2""","=""224/3""","=""227/3""","=""235/3""","=""249/3""","=""256/3""","=""264/3""","=""274/3""","=""284/3""","=""298/3""","=""301/3""","=""313/3""","=""321/3""","=""325/3""","=""335/3""","=""337/3""",N/A
Match 312,Pakistan,New Zealand,"National Stadium, Karachi",1,2023-05-03,"=""1/0""","=""1/0""","=""2/0""","=""4/0""","=""12/0""","=""21/0""","=""33/0""","=""37/0""","=""37/1""","=""40/1""","=""41/1""","=""48/1""","=""51/1""","=""55/1""","=""61/1""","=""66/1""","=""69/1""","=""74/1""","=""82/1""","=""86/1""","=""93/1""","=""98/1""","=""105/1""","=""109/1""","=""113/1""","=""121/1""","=""135/1""","=""143/1""","=""146/2""","=""152/2""","=""157/2""","=""167/2""","=""169/2""","=""174/2""","=""182/3""","=""185/3""","=""189/3""","=""192/4""","=""196/4""","=""205/4""","=""208/4""","=""218/4""","=""224/4""","=""233/4""","=""241/4""","=""246/5""","=""254/5""","=""262/6""","=""276/6""","=""287/6"""
Match 313,New Zealand,Pakistan,"National Stadium, Karachi",2,2023-05-03,"=""1/0""","=""3/0""","=""4/0""","=""12/0""","=""24/0""","=""28/0""","=""35/0""","=""42/0""","=""52/0""","=""57/0""","=""61/0""","=""67/0""","=""76/0""","=""78/0""","=""82/0""","=""85/1""","=""89/1""","=""92/1""","=""96/1""","=""99/1""","=""109/1""","=""113/1""","=""116/2""","=""119/2""","=""123/2""","=""128/3""","=""134/3""","=""137/3""","=""140/3""","=""148/3""","=""152/3""","=""156/3""","=""162/3""","=""168/3""","=""170/4""","=""172/5""","=""174/5""","=""177/5""","=""182/5""","=""191/5""","=""196/5""","=""196/6""","=""207/6""","=""223/6""","=""228/7""","=""235/7""","=""246/7""","=""253/8""","=""260/9""","=""261/10"""
Match 314,Pakistan,New Zealand,"National Stadium, Karachi",1,2023-05-05,"=""4/0""","=""10/0""","=""15/0""","=""20/0""","=""29/0""","=""36/0""","=""36/1""","=""41/1""","=""49/1""","=""53/1""","=""58/1""","=""64/1""","=""66/1""","=""73/1""","=""83/1""","=""85/1""","=""89/2""","=""95/2""","=""101/2""","=""106/2""","=""111/2""","=""114/2""","=""120/2""","=""124/2""","=""133/3""","=""138/3""","=""144/3""","=""149/3""","=""155/3""","=""165/3""","=""170/3""","=""170/3""","=""179/3""","=""189/3""","=""195/3""","=""204/3""","=""210/3""","=""217/3""","=""225/3""","=""240/3""","=""245/4""","=""248/4""","=""253/4""","=""257/4""","=""264/4""","=""280/4""","=""287/5""","=""296/6""","=""312/6""","=""334/6"""
Match 315,New Zealand,Pakistan,"National Stadium, Karachi",2,2023-05-05,"=""4/0""","=""7/0""","=""7/0""","=""13/0""","=""24/0""","=""29/0""","=""36/0""","=""41/1""","=""46/2""","=""46/2""","=""48/2""","=""54/2""","=""57/2""","=""64/2""","=""69/2""","=""73/2""","=""77/2""","=""80/2""","=""86/2""","=""93/2""","=""99/2""","=""104/2""","=""108/2""","=""117/2""","=""123/2""","=""129/3""","=""131/3""","=""140/3""","=""153/3""","=""165/3""","=""169/3""","=""177/3""","=""184/3""","=""190/4""","=""200/4""","=""203/5""","=""207/6""","=""212/6""","=""214/6""","=""219/7""","=""222/8""","=""227/8""","=""230/9""","=""232/10""",N/A,N/A,N/A,N/A,N/A,N/A
Match 316,New Zealand,Pakistan,"National Stadium, Karachi",1,2023-05-07,"=""1/0""","=""6/0""","=""7/0""","=""11/0""","=""17/0""","=""22/0""","=""32/0""","=""37/1""","=""42/1""","=""42/1""","=""47/1""","=""53/1""","=""62/1""","=""66/1""","=""73/1""","=""77/1""","=""83/2""","=""88/2""","=""92/2""","=""95/2""","=""103/2""","=""108/2""","=""118/2""","=""127/2""","=""130/2""","=""136/2""","=""139/2""","=""151/2""","=""156/2""","=""158/3""","=""162/3""","=""168/3""","=""173/3""","=""195/3""","=""201/3""","=""206/3""","=""213/4""","=""214/4""","=""220/4""","=""224/4""","=""237/4""","=""247/5""","=""250/5""","=""258/5""","=""268/6""","=""279/6""","=""283/7""","=""291/7""","=""297/8""","=""299/10"""
Match 317,Pakistan,New Zealand,"National Stadium, Karachi",2,2023-05-07,"=""3/0""","=""5/0""","=""7/0""","=""11/0""","=""12/0""","=""20/0""","=""29/0""","=""30/1""","=""36/2""","=""40/2""","=""42/2""","=""44/2""","=""51/2""","=""52/3""","=""53/3""","=""53/3""","=""63/3""","=""65/3""","=""67/4""","=""69/4""","=""77/4""","=""84/4""","=""89/4""","=""94/4""","=""98/4""","=""100/4""","=""110/4""","=""117/4""","=""123/4""","=""135/4""","=""143/4""","=""146/4""","=""156/4""","=""162/4""","=""165/5""","=""173/5""","=""181/5""","=""190/5""","=""194/6""","=""205/6""","=""214/6""","=""216/8""","=""229/8""","=""230/9""","=""240/9""","=""251/9""","=""252/10""",N/A,N/A,N/A
Match 318,India,Bangladesh,"Shere Bangla National Stadium, Mirpur",1,2022-12-04,"=""1/0""","=""6/0""","=""12/0""","=""13/0""","=""23/0""","=""23/1""","=""30/1""","=""35/1""","=""40/1""","=""48/1""","=""49/3""","=""50/3""","=""56/3""","=""63/3""","=""71/3""","=""79/3""","=""80/3""","=""82/3""","=""89/3""","=""92/4""","=""94/4""","=""98/4""","=""100/4""","=""101/4""","=""105/4""","=""112/4""","=""122/4""","=""128/4""","=""131/4""","=""142/4""","=""142/4""","=""152/4""","=""152/5""","=""156/6""","=""158/8""","=""159/8""","=""166/8""","=""168/8""","=""168/8""","=""179/9""","=""185/9""","=""186/10""",N/A,N/A,N/A,N/A,N/A,N/A,N/A,N/A
Match 319,Bangladesh,India,"Shere Bangla National Stadium, Mirpur",2,2022-12-04,"=""5/1""","=""7/1""","=""8/1""","=""15/1""","=""15/1""","=""17/1""","=""18/1""","=""25/1""","=""26/1""","=""30/2""","=""31/2""","=""35/2""","=""40/2""","=""48/2""","=""51/2""","=""61/2""","=""65/2""","=""67/2""","=""74/2""","=""77/3""","=""81/3""","=""86/3""","=""95/3""","=""97/4""","=""97/4""","=""102/4""","=""106/4""","=""109/4""","=""110/4""","=""116/4""","=""117/4""","=""119/4""","=""122/4""","=""127/4""","=""128/5""","=""128/6""","=""131/6""","=""134/6""","=""135/8""","=""140/9""","=""154/9""","=""155/9""","=""158/9""","=""173/9""","=""179/9""","=""187/9""",N/A,N/A,N/A,N/A
Match 320,Bangladesh,India,"Shere Bangla National Stadium, Mirpur",1,2022-12-07,"=""1/0""","=""11/1""","=""13/1""","=""14/1""","=""23/1""","=""28/1""","=""30/1""","=""38/1""","=""39/1""","=""44/2""","=""47/2""","=""47/2""","=""52/2""","=""57/3""","=""63/3""","=""64/3""","=""66/4""","=""66/4""","=""69/6""","=""71/6""","=""79/6""","=""86/6""","=""89/6""","=""93/6""","=""96/6""","=""104/6""","=""106/6""","=""108/6""","=""115/6""","=""124/6""","=""126/6""","=""134/6""","=""136/6""","=""144/6""","=""149/6""","=""155/6""","=""156/6""","=""165/6""","=""167/6""","=""169/6""","=""178/6""","=""183/6""","=""188/6""","=""197/6""","=""203/6""","=""217/6""","=""231/7""","=""241/7""","=""255/7""","=""271/7"""
Match 321,India,Bangladesh,"Shere Bangla National Stadium, Mirpur",2,2022-12-07,"=""6/0""","=""7/1""","=""13/2""","=""18/2""","=""22/2""","=""24/2""","=""25/2""","=""34/2""","=""38/2""","=""39/3""","=""43/3""","=""46/3""","=""49/3""","=""53/3""","=""56/3""","=""57/3""","=""60/3""","=""64/3""","=""65/4""","=""80/4""","=""94/4""","=""100/4""","=""106/4""","=""116/4""","=""117/4""","=""122/4""","=""124/4""","=""129/4""","=""137/4""","=""143/4""","=""148/4""","=""151/4""","=""158/4""","=""163/4""","=""172/5""","=""181/5""","=""189/5""","=""189/5""","=""191/6""","=""193/6""","=""195/6""","=""204/6""","=""208/7""","=""211/7""","=""213/7""","=""231/8""","=""232/8""","=""232/8""","=""252/9""","=""266/9"""
Match 322,India,Bangladesh,"Zahur Ahmed Chowdhury Stadium, Chattogram",1,2022-12-10,"=""1/0""","=""5/0""","=""15/0""","=""15/0""","=""17/1""","=""29/1""","=""35/1""","=""40/1""","=""42/1""","=""45/1""","=""49/1""","=""67/1""","=""73/1""","=""74/1""","=""85/1""","=""92/1""","=""103/1""","=""110/1""","=""116/1""","=""127/1""","=""132/1""","=""140/1""","=""148/1""","=""162/1""","=""170/1""","=""185/1""","=""205/1""","=""217/1""","=""229/1""","=""246/1""","=""257/1""","=""269/1""","=""275/1""","=""289/1""","=""295/1""","=""306/2""","=""314/2""","=""320/2""","=""330/3""","=""339/3""","=""344/4""","=""346/5""","=""354/5""","=""359/5""","=""365/5""","=""376/5""","=""384/5""","=""398/6""","=""406/7""","=""409/8"""
Match 323,Bangladesh,India,"Zahur Ahmed Chowdhury Stadium, Chattogram",2,2022-12-10,"=""2/0""","=""6/0""","=""18/0""","=""33/0""","=""38/1""","=""41/1""","=""45/1""","=""48/2""","=""59/2""","=""66/2""","=""70/2""","=""73/3""","=""75/3""","=""79/3""","=""88/3""","=""90/3""","=""90/3""","=""98/3""","=""106/3""","=""109/4""","=""113/4""","=""116/4""","=""124/5""","=""132/5""","=""134/5""","=""142/5""","=""144/6""","=""146/7""","=""148/7""","=""149/9""","=""158/9""","=""163/9""","=""172/9""","=""182/10""",N/A,N/A,N/A,N/A,N/A,N/A,N/A,N/A,N/A,N/A,N/A,N/A,N/A,N/A,N/A,N/A
Match 324,Ireland,Zimbabwe,Harare Sports Club,1,2023-01-18,"=""4/0""","=""8/1""","=""9/1""","=""11/1""","=""17/1""","=""23/1""","=""24/1""","=""24/1""","=""25/2""","=""28/2""","=""29/2""","=""38/2""","=""45/2""","=""47/2""","=""55/2""","=""55/2""","=""58/2""","=""58/2""","=""64/2""","=""69/2""","=""76/2""","=""77/2""","=""81/2""","=""83/2""","=""86/2""","=""95/2""","=""101/2""","=""107/2""","=""115/2""","=""120/2""","=""125/2""","=""134/2""","=""139/2""","=""145/2""","=""158/2""","=""165/2""","=""171/2""","=""177/2""","=""182/2""","=""188/2""","=""195/2""","=""202/2""","=""213/2""","=""225/2""","=""246/3""","=""257/4""","=""263/4""","=""269/5""","=""278/5""","=""288/5"""
Match 325,Zimbabwe,Ireland,Harare Sports Club,2,2023-01-18,"=""1/0""","=""4/0""","=""5/0""","=""9/0""","=""15/1""","=""17/1""","=""24/1""","=""27/1""","=""32/1""","=""41/1""","=""44/1""","=""47/1""","=""51/2""","=""55/2""","=""57/2""","=""63/2""","=""70/2""","=""77/2""","=""79/2""","=""82/3""","=""90/3""","=""99/3""","=""101/4""","=""104/4""","=""109/4""","=""115/4""","=""121/4""","=""138/4""","=""144/4""","=""153/4""","=""163/4""","=""171/4""","=""174/4""","=""177/5""","=""186/5""","=""201/5""","=""214/7""",N/A,N/A,N/A,N/A,N/A,N/A,N/A,N/A,N/A,N/A,N/A,N/A,N/A
Match 326,Ireland,Zimbabwe,Harare Sports Club,1,2023-01-21,"=""3/0""","=""8/0""","=""13/0""","=""18/0""","=""30/0""","=""34/0""","=""35/0""","=""40/0""","=""46/0""","=""47/0""","=""55/0""","=""60/0""","=""64/0""","=""65/0""","=""66/0""","=""67/0""","=""74/0""","=""85/0""","=""95/0""","=""101/0""","=""104/1""","=""107/1""","=""110/1""","=""111/1""","=""117/1""","=""124/1""","=""126/2""","=""128/2""","=""134/2""","=""137/2""","=""147/2""","=""157/2""","=""162/2""","=""170/2""","=""180/2""","=""185/3""","=""191/3""","=""196/3""","=""201/3""","=""202/3""","=""208/3""","=""215/4""","=""226/4""","=""231/4""","=""250/4""","=""258/4""","=""260/6""","=""270/6""","=""283/7""","=""294/7"""
Match 327,Zimbabwe,Ireland,Harare Sports Club,2,2023-01-21,"=""1/1""","=""6/1""","=""7/1""","=""12/1""","=""13/1""","=""18/1""","=""20/1""","=""31/1""","=""39/1""","=""46/1""","=""50/1""","=""54/1""","=""63/1""","=""67/1""","=""72/1""","=""77/1""","=""79/1""","=""85/1""","=""88/1""","=""92/2""","=""97/2""","=""101/2""","=""104/3""","=""111/3""","=""115/3""","=""119/3""","=""126/3""","=""137/3""","=""141/4""","=""152/4""","=""157/4""","=""163/4""","=""167/4""","=""173/4""","=""182/4""","=""194/4""","=""195/4""","=""199/4""","=""202/4""","=""209/5""","=""213/5""","=""219/5""","=""226/6""","=""230/6""","=""237/7""","=""241/8""","=""247/9""","=""248/10""",N/A,N/A
Match 328,Zimbabwe,Ireland,Harare Sports Club,1,2023-01-23,"=""4/0""","=""8/0""","=""17/0""","=""23/0""","=""24/0""","=""29/0""","=""33/1""","=""34/1""","=""39/1""","=""44/1""","=""45/1""","=""49/1""","=""54/1""","=""55/1""",N/A,N/A,N/A,N/A,N/A,N/A,N/A,N/A,N/A,N/A,N/A,N/A,N/A,N/A,N/A,N/A,N/A,N/A,N/A,N/A,N/A,N/A,N/A,N/A,N/A,N/A,N/A,N/A,N/A,N/A,N/A,N/A,N/A,N/A,N/A,N/A
Match 329,India,Sri Lanka,"Barsapara Cricket Stadium, Guwahati",1,2023-01-10,"=""4/0""","=""12/0""","=""22/0""","=""35/0""","=""39/0""","=""42/0""","=""59/0""","=""63/0""","=""69/0""","=""75/0""","=""78/0""","=""80/0""","=""87/0""","=""95/0""","=""102/0""","=""108/0""","=""113/0""","=""118/0""","=""137/0""","=""144/1""","=""151/1""","=""161/1""","=""173/1""","=""180/2""","=""185/2""","=""193/2""","=""200/2""","=""204/2""","=""213/2""","=""216/3""","=""217/3""","=""224/3""","=""227/3""","=""232/3""","=""243/3""","=""258/3""","=""272/3""","=""275/3""","=""287/3""","=""294/3""","=""303/4""","=""311/4""","=""317/4""","=""329/4""","=""335/5""","=""342/5""","=""356/5""","=""363/6""","=""367/7""","=""373/7"""
Match 330,Sri Lanka,India,"Barsapara Cricket Stadium, Guwahati",2,2023-01-10,"=""8/0""","=""12/0""","=""19/0""","=""19/1""","=""23/1""","=""25/2""","=""28/2""","=""32/2""","=""33/2""","=""38/2""","=""50/2""","=""53/2""","=""56/2""","=""64/3""","=""65/3""","=""74/3""","=""75/3""","=""76/3""","=""86/3""","=""98/3""","=""111/3""","=""114/3""","=""117/3""","=""129/3""","=""137/4""","=""141/4""","=""148/4""","=""151/4""","=""158/4""","=""159/4""","=""161/5""","=""178/6""","=""188/7""","=""194/7""","=""195/7""","=""198/7""","=""203/7""","=""207/8""","=""217/8""","=""220/8""","=""227/8""","=""240/8""","=""245/8""","=""257/8""","=""262/8""","=""269/8""","=""272/8""","=""281/8""","=""288/8""","=""306/8"""
Match 331,Sri Lanka,India,"Eden Gardens, Kolkata",1,2023-01-12,"=""5/0""","=""7/0""","=""9/0""","=""21/0""","=""27/0""","=""29/1""","=""38/1""","=""41/1""","=""46/1""","=""51/1""","=""58/1""","=""72/1""","=""78/1""","=""83/1""","=""88/1""","=""99/1""","=""102/2""","=""105/3""","=""110/3""","=""116/3""","=""118/3""","=""122/4""","=""125/5""","=""126/5""","=""133/6""","=""135/6""","=""149/6""","=""152/7""","=""156/7""","=""158/7""","=""160/7""","=""164/7""","=""168/7""","=""177/8""","=""181/8""","=""185/8""","=""199/8""","=""206/8""","=""209/8""","=""215/10""",N/A,N/A,N/A,N/A,N/A,N/A,N/A,N/A,N/A,N/A
Match 332,India,Sri Lanka,"Eden Gardens, Kolkata",2,2023-01-12,"=""5/0""","=""13/0""","=""24/0""","=""30/0""","=""33/1""","=""45/2""","=""47/2""","=""52/2""","=""56/2""","=""67/3""","=""79/3""","=""80/3""","=""81/3""","=""86/3""","=""87/4""","=""89/4""","=""91/4""","=""93/4""","=""95/4""","=""101/4""","=""110/4""","=""116/4""","=""121/4""","=""123/4""","=""124/4""","=""126/4""","=""130/4""","=""135/4""","=""141/4""","=""145/4""","=""147/4""","=""150/4""","=""158/4""","=""161/4""","=""165/5""","=""168/5""","=""183/5""","=""186/5""","=""189/5""","=""191/6""","=""197/6""","=""203/6""","=""215/6""","=""219/6""",N/A,N/A,N/A,N/A,N/A,N/A
Match 333,India,Sri Lanka,"Greenfield International Stadium, Thiruvananthapuram",1,2023-01-15,"=""0/0""","=""4/0""","=""5/0""","=""11/0""","=""19/0""","=""42/0""","=""45/0""","=""51/0""","=""59/0""","=""75/0""","=""79/0""","=""85/0""","=""86/0""","=""88/0""","=""91/0""","=""100/1""","=""111/1""","=""113/1""","=""118/1""","=""126/1""","=""136/1""","=""142/1""","=""149/1""","=""153/1""","=""158/1""","=""161/1""","=""168/1""","=""174/1""","=""187/1""","=""193/1""","=""202/1""","=""220/1""","=""224/1""","=""228/2""","=""235/2""","=""243/2""","=""250/2""","=""260/2""","=""264/2""","=""274/2""","=""286/2""","=""291/2""","=""303/2""","=""313/2""","=""332/2""","=""336/3""","=""357/3""","=""365/4""","=""372/5""","=""390/5"""
Match 334,Sri Lanka,India,"Greenfield International Stadium, Thiruvananthapuram",2,2023-01-15,"=""6/0""","=""7/1""","=""17/1""","=""22/2""","=""22/2""","=""31/2""","=""35/3""","=""36/4""","=""37/4""","=""39/5""","=""39/5""","=""40/6""","=""46/6""","=""48/6""","=""50/7""","=""51/8""","=""55/8""","=""57/8""","=""57/8""","=""61/8""","=""69/8""","=""73/9""",N/A,N/A,N/A,N/A,N/A,N/A,N/A,N/A,N/A,N/A,N/A,N/A,N/A,N/A,N/A,N/A,N/A,N/A,N/A,N/A,N/A,N/A,N/A,N/A,N/A,N/A,N/A,N/A
Match 335,India,New Zealand,"Rajiv Gandhi International Stadium, Uppal, Hyderabad",1,2023-01-18,"=""6/0""","=""10/0""","=""20/0""","=""24/0""","=""31/0""","=""35/0""","=""39/0""","=""43/0""","=""51/0""","=""52/0""","=""59/0""","=""60/0""","=""63/1""","=""75/1""","=""88/1""","=""91/2""","=""95/2""","=""96/2""","=""105/2""","=""114/3""","=""122/3""","=""132/3""","=""138/3""","=""146/3""","=""154/3""","=""160/3""","=""168/3""","=""174/3""","=""177/4""","=""185/4""","=""191/4""","=""196/4""","=""203/4""","=""210/4""","=""214/4""","=""222/4""","=""232/4""","=""239/4""","=""246/4""","=""251/5""","=""257/5""","=""269/5""","=""279/5""","=""286/5""","=""292/6""","=""299/6""","=""303/7""","=""318/7""","=""339/7""","=""349/8"""
Match 336,New Zealand,India,"Rajiv Gandhi International Stadium, Uppal, Hyderabad",2,2023-01-18,"=""4/0""","=""12/0""","=""18/0""","=""24/0""","=""28/0""","=""28/1""","=""28/1""","=""28/1""","=""32/1""","=""42/1""","=""62/1""","=""69/1""","=""70/2""","=""70/2""","=""74/2""","=""79/3""","=""85/3""","=""95/4""","=""96/4""","=""97/4""","=""98/4""","=""104/4""","=""107/4""","=""110/4""","=""112/5""","=""115/5""","=""126/5""","=""130/5""","=""131/6""","=""134/6""","=""141/6""","=""153/6""","=""162/6""","=""171/6""","=""183/6""","=""188/6""","=""205/6""","=""214/6""","=""231/6""","=""247/6""","=""256/6""","=""260/6""","=""274/6""","=""285/6""","=""291/6""","=""294/8""","=""309/8""","=""326/8""","=""330/9""","=""337/10"""
Match 337,New Zealand,India,"Shaheed Veer Narayan Singh International Stadium, Raipur",1,2023-01-21,"=""0/1""","=""3/1""","=""5/1""","=""6/1""","=""8/1""","=""9/2""","=""10/3""","=""10/3""","=""15/3""","=""15/4""","=""15/5""","=""24/5""","=""28/5""","=""28/5""","=""33/5""","=""38/5""","=""43/5""","=""48/5""","=""56/6""","=""60/6""","=""64/6""","=""65/6""","=""67/6""","=""68/6""","=""73/6""","=""78/6""","=""85/6""","=""95/6""","=""98/6""","=""103/6""","=""103/7""","=""103/8""","=""105/8""","=""107/9""","=""108/10""",N/A,N/A,N/A,N/A,N/A,N/A,N/A,N/A,N/A,N/A,N/A,N/A,N/A,N/A,N/A
Match 338,India,New Zealand,"Shaheed Veer Narayan Singh International Stadium, Raipur",2,2023-01-21,"=""1/0""","=""5/0""","=""7/0""","=""18/0""","=""24/0""","=""25/0""","=""29/0""","=""33/0""","=""41/0""","=""52/0""","=""61/0""","=""64/0""","=""71/0""","=""72/0""","=""74/1""","=""79/1""","=""90/1""","=""98/1""","=""102/2""","=""107/2""","=""111/2""",N/A,N/A,N/A,N/A,N/A,N/A,N/A,N/A,N/A,N/A,N/A,N/A,N/A,N/A,N/A,N/A,N/A,N/A,N/A,N/A,N/A,N/A,N/A,N/A,N/A,N/A,N/A,N/A,N/A
Match 339,India,New Zealand,"Holkar Cricket Stadium, Indore",1,2023-01-24,"=""3/0""","=""7/0""","=""15/0""","=""17/0""","=""31/0""","=""31/0""","=""42/0""","=""64/0""","=""65/0""","=""82/0""","=""90/0""","=""97/0""","=""101/0""","=""114/0""","=""128/0""","=""140/0""","=""147/0""","=""151/0""","=""162/0""","=""165/0""","=""178/0""","=""180/0""","=""193/0""","=""199/0""","=""205/0""","=""212/0""","=""222/1""","=""230/2""","=""231/2""","=""243/2""","=""247/2""","=""251/2""","=""260/2""","=""267/2""","=""273/3""","=""284/3""","=""291/4""","=""292/4""","=""294/5""","=""298/5""","=""309/5""","=""312/5""","=""319/6""","=""321/6""","=""325/6""","=""342/6""","=""352/6""","=""367/7""","=""382/8""","=""385/9"""
Match 340,New Zealand,India,"Holkar Cricket Stadium, Indore",2,2023-01-24,"=""5/1""","=""7/1""","=""12/1""","=""20/1""","=""22/1""","=""36/1""","=""44/1""","=""56/1""","=""68/1""","=""73/1""","=""79/1""","=""85/1""","=""90/1""","=""99/1""","=""107/2""","=""113/2""","=""119/2""","=""125/2""","=""130/2""","=""136/2""","=""145/2""","=""151/2""","=""160/2""","=""175/2""","=""184/2""","=""193/4""","=""199/4""","=""200/5""","=""212/5""","=""217/5""","=""228/5""","=""230/6""","=""237/6""","=""246/6""","=""255/6""","=""267/6""","=""272/7""","=""277/7""","=""279/8""","=""280/9""","=""295/9""","=""295/10""",N/A,N/A,N/A,N/A,N/A,N/A,N/A,N/A
Match 341,Australia,India,"Wankhede Stadium, Mumbai",1,2023-03-17,"=""1/0""","=""5/1""","=""7/1""","=""19/1""","=""29/1""","=""33/1""","=""37/1""","=""46/1""","=""52/1""","=""59/1""","=""70/1""","=""76/1""","=""78/2""","=""83/2""","=""91/2""","=""94/2""","=""103/2""","=""111/2""","=""124/2""","=""129/3""","=""133/3""","=""138/3""","=""140/4""","=""147/4""","=""151/4""","=""155/4""","=""161/4""","=""169/5""","=""174/5""","=""174/6""","=""184/6""","=""184/7""","=""188/8""","=""188/9""","=""188/9""","=""188/10""",N/A,N/A,N/A,N/A,N/A,N/A,N/A,N/A,N/A,N/A,N/A,N/A,N/A,N/A
Match 342,India,Australia,"Wankhede Stadium, Mumbai",2,2023-03-17,"=""2/0""","=""5/1""","=""10/1""","=""15/1""","=""16/3""","=""20/3""","=""27/3""","=""28/3""","=""33/3""","=""39/3""","=""43/4""","=""45/4""","=""52/4""","=""58/4""","=""64/4""","=""70/4""","=""78/4""","=""81/4""","=""83/4""","=""83/5""","=""87/5""","=""88/5""","=""92/5""","=""94/5""","=""100/5""","=""106/5""","=""108/5""","=""114/5""","=""119/5""","=""122/5""","=""124/5""","=""133/5""","=""138/5""","=""143/5""","=""150/5""","=""167/5""","=""173/5""","=""176/5""","=""181/5""","=""191/5""",N/A,N/A,N/A,N/A,N/A,N/A,N/A,N/A,N/A,N/A
Match 343,India,Australia,"Dr. Y.S. Rajasekhara Reddy ACA-VDCA Cricket Stadium, Visakhapatnam",1,2023-03-19,"=""8/1""","=""19/1""","=""29/1""","=""32/1""","=""32/3""","=""34/3""","=""42/3""","=""47/3""","=""49/4""","=""51/5""","=""54/5""","=""64/5""","=""65/5""","=""67/5""","=""70/5""","=""73/6""","=""82/6""","=""86/6""","=""90/6""","=""92/7""","=""94/7""","=""97/7""","=""100/7""","=""101/7""","=""103/9""","=""117/10""",N/A,N/A,N/A,N/A,N/A,N/A,N/A,N/A,N/A,N/A,N/A,N/A,N/A,N/A,N/A,N/A,N/A,N/A,N/A,N/A,N/A,N/A,N/A,N/A
Match 344,Australia,India,"Dr. Y.S. Rajasekhara Reddy ACA-VDCA Cricket Stadium, Visakhapatnam",2,2023-03-19,"=""2/0""","=""13/0""","=""24/0""","=""33/0""","=""49/0""","=""66/0""","=""72/0""","=""90/0""","=""100/0""","=""112/0""","=""121/0""",N/A,N/A,N/A,N/A,N/A,N/A,N/A,N/A,N/A,N/A,N/A,N/A,N/A,N/A,N/A,N/A,N/A,N/A,N/A,N/A,N/A,N/A,N/A,N/A,N/A,N/A,N/A,N/A,N/A,N/A,N/A,N/A,N/A,N/A,N/A,N/A,N/A,N/A,N/A
Match 345,Australia,India,"MA Chidambaram Stadium, Chepauk, Chennai",1,2023-03-22,"=""4/0""","=""13/0""","=""19/0""","=""28/0""","=""39/0""","=""41/0""","=""41/0""","=""52/0""","=""60/0""","=""61/0""","=""68/1""","=""74/1""","=""77/2""","=""80/2""","=""88/3""","=""92/3""","=""94/3""","=""97/3""","=""101/3""","=""106/3""","=""112/3""","=""113/3""","=""121/3""","=""122/3""","=""126/4""","=""128/4""","=""130/4""","=""138/4""","=""145/5""","=""149/5""","=""161/5""","=""164/5""","=""171/5""","=""173/5""","=""186/5""","=""193/5""","=""196/6""","=""203/6""","=""203/7""","=""209/7""","=""213/7""","=""220/7""","=""229/7""","=""231/7""","=""245/8""","=""249/9""","=""254/9""","=""261/9""","=""269/10""",N/A
Match 346,India,Australia,"MA Chidambaram Stadium, Chepauk, Chennai",2,2023-03-22,"=""4/0""","=""7/0""","=""13/0""","=""18/0""","=""27/0""","=""31/0""","=""44/0""","=""55/0""","=""65/0""","=""67/1""","=""73/1""","=""77/1""","=""80/2""","=""81/2""","=""85/2""","=""89/2""","=""91/2""","=""104/2""","=""107/2""","=""111/2""","=""113/2""","=""114/2""","=""117/2""","=""121/2""","=""123/2""","=""130/2""","=""141/2""","=""147/3""","=""151/4""","=""152/4""","=""160/4""","=""167/4""","=""172/4""","=""177/4""","=""185/4""","=""186/6""","=""196/6""","=""198/6""","=""199/6""","=""204/6""","=""209/6""","=""213/6""","=""216/6""","=""219/7""","=""225/7""","=""228/8""","=""231/8""","=""245/9""","=""248/9""","=""248/10"""
Match 347,Bangladesh,England,"Shere Bangla National Stadium, Mirpur",1,2023-03-01,"=""3/0""","=""15/0""","=""20/0""","=""27/0""","=""33/1""","=""34/1""","=""38/1""","=""42/1""","=""51/1""","=""54/2""","=""55/2""","=""58/2""","=""63/2""","=""68/2""","=""75/2""","=""81/2""","=""89/2""","=""93/2""","=""94/2""","=""95/3""","=""97/3""","=""103/3""","=""107/4""","=""109/4""","=""117/4""","=""120/4""","=""123/4""","=""126/4""","=""127/4""","=""129/4""","=""133/4""","=""136/4""","=""142/4""","=""149/4""","=""152/4""","=""159/5""","=""162/6""","=""169/6""","=""171/6""","=""175/7""","=""177/7""","=""182/7""","=""183/8""","=""194/8""","=""197/8""","=""206/8""","=""209/9""","=""209/10""",N/A,N/A
Match 348,England,Bangladesh,"Shere Bangla National Stadium, Mirpur",2,2023-03-01,"=""4/1""","=""5/1""","=""7/1""","=""7/1""","=""13/1""","=""18/1""","=""29/1""","=""35/1""","=""37/2""","=""38/2""","=""45/2""","=""45/2""","=""47/3""","=""50/3""","=""58/3""","=""65/3""","=""66/4""","=""69/4""","=""70/4""","=""77/4""","=""78/4""","=""81/4""","=""93/4""","=""101/4""","=""102/4""","=""104/5""","=""110/5""","=""112/5""","=""113/5""","=""113/5""","=""117/5""","=""120/5""","=""132/5""","=""139/5""","=""141/6""","=""146/6""","=""156/6""","=""160/6""","=""161/7""","=""166/7""","=""170/7""","=""176/7""","=""184/7""","=""188/7""","=""191/7""","=""198/7""","=""204/7""","=""206/7""","=""212/7""",N/A
Match 349,England,Bangladesh,"Shere Bangla National Stadium, Mirpur",1,2023-03-03,"=""5/0""","=""10/0""","=""12/0""","=""16/0""","=""20/0""","=""24/0""","=""25/1""","=""30/1""","=""36/1""","=""40/1""","=""47/1""","=""52/1""","=""59/1""","=""65/1""","=""81/1""","=""85/2""","=""88/2""","=""89/2""","=""92/2""","=""96/2""","=""103/3""","=""109/3""","=""113/3""","=""119/3""","=""122/3""","=""128/3""","=""133/3""","=""141/3""","=""147/3""","=""157/3""","=""162/3""","=""165/3""","=""177/3""","=""189/3""","=""203/3""","=""205/4""","=""208/5""","=""210/5""","=""212/5""","=""219/5""","=""232/5""","=""239/5""","=""248/5""","=""262/6""","=""269/6""","=""285/6""","=""294/6""","=""303/7""","=""311/7""","=""326/7"""
Match 350,Bangladesh,England,"Shere Bangla National Stadium, Mirpur",2,2023-03-03,"=""4/2""","=""9/2""","=""14/3""","=""20/3""","=""20/3""","=""22/3""","=""26/3""","=""32/3""","=""38/3""","=""44/3""","=""47/3""","=""49/3""","=""54/3""","=""59/3""","=""64/3""","=""67/3""","=""68/3""","=""71/3""","=""76/3""","=""84/3""","=""89/4""","=""96/4""","=""96/4""","=""107/4""","=""109/4""","=""116/4""","=""120/4""","=""122/5""","=""127/5""","=""128/5""","=""129/5""","=""135/5""","=""148/5""","=""153/5""","=""156/5""","=""160/6""","=""163/6""","=""167/7""","=""170/7""","=""174/7""","=""183/7""","=""184/8""","=""194/8""","=""194/8""","=""194/10""",N/A,N/A,N/A,N/A,N/A
Match 351,Bangladesh,England,"Zahur Ahmed Chowdhury Stadium, Chattogram",1,2023-03-06,"=""2/1""","=""3/1""","=""17/2""","=""19/2""","=""19/2""","=""21/2""","=""27/2""","=""27/2""","=""32/2""","=""34/2""","=""36/2""","=""43/2""","=""47/2""","=""54/2""","=""59/2""","=""67/2""","=""70/2""","=""77/2""","=""84/2""","=""88/2""","=""93/2""","=""101/2""","=""107/2""","=""114/2""","=""118/3""","=""119/3""","=""127/3""","=""133/3""","=""137/3""","=""144/3""","=""150/3""","=""152/3""","=""153/4""","=""156/4""","=""165/5""","=""170/5""","=""171/5""","=""179/5""","=""187/5""","=""190/5""","=""199/5""","=""204/5""","=""209/5""","=""212/6""","=""219/7""","=""227/7""","=""230/8""","=""242/8""","=""246/10""",N/A
Match 352,England,Bangladesh,"Zahur Ahmed Chowdhury Stadium, Chattogram",2,2023-03-06,"=""5/0""","=""13/0""","=""19/0""","=""29/0""","=""34/0""","=""34/0""","=""39/0""","=""47/0""","=""54/1""","=""55/2""","=""56/3""","=""58/3""","=""59/3""","=""61/3""","=""62/3""","=""69/3""","=""76/3""","=""83/3""","=""88/3""","=""90/3""","=""98/3""","=""102/3""","=""103/3""","=""107/4""","=""114/4""","=""118/4""","=""127/5""","=""132/6""","=""136/6""","=""141/6""","=""147/6""","=""150/6""","=""153/6""","=""158/6""","=""160/7""","=""163/7""","=""166/7""","=""170/7""","=""174/8""","=""182/8""","=""184/9""","=""195/9""","=""196/9""","=""196/10""",N/A,N/A,N/A,N/A,N/A,N/A
Match 353,Bangladesh,Ireland,Sylhet International Cricket Stadium,1,2023-03-18,"=""7/0""","=""15/0""","=""19/1""","=""23/1""","=""31/1""","=""32/1""","=""35/1""","=""40/1""","=""45/1""","=""50/2""","=""51/2""","=""57/2""","=""64/2""","=""68/2""","=""76/2""","=""80/2""","=""86/3""","=""89/3""","=""94/3""","=""97/3""","=""105/3""","=""110/3""","=""116/3""","=""118/3""","=""125/3""","=""131/3""","=""135/3""","=""139/3""","=""146/3""","=""155/3""","=""158/3""","=""167/3""","=""176/3""","=""183/3""","=""205/3""","=""211/3""","=""216/3""","=""223/4""","=""233/4""","=""242/4""","=""248/4""","=""256/4""","=""272/4""","=""281/4""","=""291/4""","=""297/6""","=""309/6""","=""313/7""","=""324/7""","=""338/8"""
Match 354,Ireland,Bangladesh,Sylhet International Cricket Stadium,2,2023-03-18,"=""3/0""","=""5/0""","=""12/0""","=""18/0""","=""21/0""","=""23/0""","=""31/0""","=""34/0""","=""36/0""","=""51/0""","=""60/0""","=""61/1""","=""64/2""","=""68/2""","=""73/3""","=""73/4""","=""76/4""","=""76/5""","=""84/5""","=""89/5""","=""93/5""","=""99/5""","=""104/5""","=""109/6""","=""113/6""","=""118/8""","=""126/8""","=""133/8""","=""144/9""","=""152/9""","=""155/10""",N/A,N/A,N/A,N/A,N/A,N/A,N/A,N/A,N/A,N/A,N/A,N/A,N/A,N/A,N/A,N/A,N/A,N/A,N/A
Match 355,Bangladesh,Ireland,Sylhet International Cricket Stadium,1,2023-03-20,"=""3/0""","=""3/0""","=""3/0""","=""5/0""","=""14/0""","=""14/0""","=""18/0""","=""30/0""","=""36/0""","=""42/1""","=""47/1""","=""52/1""","=""57/1""","=""60/1""","=""64/1""","=""68/1""","=""71/1""","=""78/1""","=""92/1""","=""102/1""","=""114/1""","=""119/1""","=""123/1""","=""132/1""","=""139/1""","=""143/2""","=""147/2""","=""152/2""","=""165/2""","=""172/2""","=""179/2""","=""182/3""","=""189/3""","=""193/4""","=""196/4""","=""202/4""","=""216/4""","=""220/4""","=""233/4""","=""241/4""","=""249/4""","=""261/4""","=""278/4""","=""296/4""","=""307/4""","=""316/4""","=""324/5""","=""334/5""","=""339/5""","=""349/6"""
Match 356,Ireland,Bangladesh,Sylhet International Cricket Stadium,1,2023-03-23,"=""3/0""","=""4/0""","=""4/0""","=""8/0""","=""14/1""","=""15/1""","=""21/1""","=""22/1""","=""23/3""","=""27/4""","=""34/4""","=""37/4""","=""38/4""","=""50/4""","=""51/4""","=""54/4""","=""58/4""","=""67/4""","=""68/6""","=""75/6""","=""79/6""","=""79/8""","=""84/8""","=""86/8""","=""91/8""","=""96/8""","=""100/9""","=""101/9""","=""101/10""",N/A,N/A,N/A,N/A,N/A,N/A,N/A,N/A,N/A,N/A,N/A,N/A,N/A,N/A,N/A,N/A,N/A,N/A,N/A,N/A,N/A
Match 357,Bangladesh,Ireland,Sylhet International Cricket Stadium,2,2023-03-23,"=""6/0""","=""14/0""","=""27/0""","=""29/0""","=""39/0""","=""45/0""","=""56/0""","=""71/0""","=""81/0""","=""81/0""","=""88/0""","=""93/0""","=""101/0""","=""102/0""",N/A,N/A,N/A,N/A,N/A,N/A,N/A,N/A,N/A,N/A,N/A,N/A,N/A,N/A,N/A,N/A,N/A,N/A,N/A,N/A,N/A,N/A,N/A,N/A,N/A,N/A,N/A,N/A,N/A,N/A,N/A,N/A,N/A,N/A,N/A,N/A
Match 358,Bangladesh,Ireland,"County Ground, Chelmsford",1,2023-05-09,"=""3/1""","=""3/1""","=""9/1""","=""17/2""","=""24/2""","=""28/2""","=""36/2""","=""45/2""","=""49/2""","=""50/2""","=""52/2""","=""53/3""","=""58/3""","=""61/3""","=""69/3""","=""72/3""","=""76/3""","=""84/3""","=""91/3""","=""96/3""","=""100/3""","=""103/4""","=""107/4""","=""112/4""","=""114/4""","=""121/4""","=""123/5""","=""136/5""","=""140/5""","=""144/5""","=""154/5""","=""162/5""","=""167/5""","=""173/5""","=""180/5""","=""183/5""","=""185/5""","=""187/6""","=""189/6""","=""195/6""","=""197/6""","=""201/6""","=""207/6""","=""214/6""","=""220/7""","=""222/7""","=""225/7""","=""239/7""","=""243/8""","=""246/9"""
Match 359,Ireland,Bangladesh,"County Ground, Chelmsford",2,2023-05-09,"=""2/0""","=""7/0""","=""15/0""","=""23/1""","=""27/2""","=""28/2""","=""31/2""","=""33/2""","=""38/2""","=""39/2""","=""43/2""","=""47/2""","=""50/2""","=""53/2""","=""62/2""","=""64/3""","=""65/3""",N/A,N/A,N/A,N/A,N/A,N/A,N/A,N/A,N/A,N/A,N/A,N/A,N/A,N/A,N/A,N/A,N/A,N/A,N/A,N/A,N/A,N/A,N/A,N/A,N/A,N/A,N/A,N/A,N/A,N/A,N/A,N/A,N/A
Match 360,Ireland,Bangladesh,"County Ground, Chelmsford",1,2023-05-12,"=""1/1""","=""4/1""","=""9/1""","=""9/1""","=""10/1""","=""16/1""","=""17/2""","=""22/2""","=""26/2""","=""30/2""","=""31/2""","=""45/2""","=""53/2""","=""56/2""","=""59/2""","=""62/2""","=""64/2""","=""68/2""","=""71/2""","=""91/2""","=""100/2""","=""102/2""","=""108/2""","=""118/3""","=""124/3""","=""138/4""","=""144/4""","=""152/4""","=""160/4""","=""165/4""","=""167/5""","=""175/5""","=""182/5""","=""194/5""","=""196/5""","=""201/5""","=""217/5""","=""241/5""","=""254/5""","=""263/5""","=""271/5""","=""282/6""","=""287/6""","=""302/6""","=""319/6""",N/A,N/A,N/A,N/A,N/A
Match 361,Bangladesh,Ireland,"County Ground, Chelmsford",2,2023-05-12,"=""1/0""","=""7/0""","=""9/0""","=""9/1""","=""15/1""","=""25/1""","=""36/1""","=""37/1""","=""40/1""","=""46/2""","=""51/2""","=""55/2""","=""66/2""","=""72/2""","=""86/2""","=""98/2""","=""101/3""","=""105/3""","=""113/3""","=""118/3""","=""126/3""","=""135/3""","=""145/3""","=""154/3""","=""162/3""","=""168/3""","=""179/3""","=""185/3""","=""188/3""","=""194/3""","=""206/3""","=""214/3""","=""227/3""","=""232/4""","=""241/4""","=""248/4""","=""257/5""","=""264/5""","=""277/5""","=""286/6""","=""293/6""","=""299/6""","=""308/6""","=""315/7""","=""320/7""",N/A,N/A,N/A,N/A,N/A
Match 362,Bangladesh,Ireland,"County Ground, Chelmsford",1,2023-05-14,"=""8/0""","=""10/0""","=""14/0""","=""18/1""","=""31/1""","=""37/1""","=""46/1""","=""49/1""","=""53/1""","=""62/1""","=""67/2""","=""78/2""","=""80/2""","=""88/2""","=""95/2""","=""98/2""","=""100/2""","=""107/2""","=""114/2""","=""117/2""","=""123/2""","=""126/2""","=""135/2""","=""139/3""","=""145/3""","=""148/3""","=""156/3""","=""159/4""","=""160/4""","=""165/4""","=""173/4""","=""176/4""","=""185/4""","=""186/5""","=""192/5""","=""195/5""","=""204/5""","=""209/5""","=""212/5""","=""223/5""","=""229/5""","=""232/5""","=""241/5""","=""246/5""","=""255/5""","=""263/6""","=""268/7""","=""273/8""","=""274/10""",N/A
Match 363,Ireland,Bangladesh,"County Ground, Chelmsford",2,2023-05-14,"=""2/0""","=""3/0""","=""6/0""","=""10/0""","=""17/0""","=""21/1""","=""29/1""","=""33/1""","=""38/1""","=""49/1""","=""56/1""","=""57/1""","=""62/1""","=""70/1""","=""70/1""","=""73/1""","=""75/1""","=""80/1""","=""89/1""","=""91/1""","=""102/1""","=""104/1""","=""111/1""","=""116/1""","=""120/1""","=""126/1""","=""128/2""","=""135/2""","=""138/2""","=""138/2""","=""146/2""","=""153/3""","=""160/3""","=""161/3""","=""165/3""","=""174/3""","=""195/3""","=""196/3""","=""207/3""","=""213/3""","=""223/3""","=""226/4""","=""228/5""","=""233/5""","=""237/6""","=""240/6""","=""243/7""","=""251/7""","=""265/7""","=""269/9"""
Match 364,South Africa,Australia,"Mangaung Oval, Bloemfontein",1,2023-09-07,"=""0/0""","=""2/0""","=""6/0""","=""8/0""","=""8/0""","=""12/0""","=""17/0""","=""19/0""","=""21/1""","=""25/1""","=""30/1""","=""33/2""","=""37/2""","=""42/2""","=""45/2""","=""54/2""","=""61/2""","=""66/2""","=""73/3""","=""76/3""","=""80/3""","=""88/3""","=""92/3""","=""94/3""","=""97/4""","=""101/5""","=""108/5""","=""113/5""","=""115/5""","=""117/5""","=""129/5""","=""130/5""","=""136/5""","=""141/5""","=""148/5""","=""155/5""","=""157/6""","=""160/6""","=""165/6""","=""168/7""","=""175/7""","=""182/7""","=""185/8""","=""185/9""","=""194/9""","=""195/9""","=""196/9""","=""207/9""","=""222/10""",N/A
Match 365,Australia,South Africa,"Mangaung Oval, Bloemfontein",2,2023-09-07,"=""3/1""","=""16/1""","=""25/1""","=""29/1""","=""38/1""","=""38/3""","=""49/3""","=""56/4""","=""60/5""","=""69/5""","=""72/5""","=""74/6""","=""84/6""","=""97/7""","=""107/7""","=""112/7""","=""113/8""","=""128/8""","=""135/8""","=""138/8""","=""140/8""","=""149/8""","=""156/8""","=""158/8""","=""163/8""","=""165/8""","=""170/8""","=""172/8""","=""173/8""","=""174/8""","=""177/8""","=""183/8""","=""189/8""","=""192/8""","=""193/8""","=""198/8""","=""208/8""","=""213/8""","=""218/8""","=""221/8""","=""225/8""",N/A,N/A,N/A,N/A,N/A,N/A,N/A,N/A,N/A
Match 366,Australia,South Africa,"Mangaung Oval, Bloemfontein",1,2023-09-09,"=""10/0""","=""22/0""","=""24/0""","=""32/0""","=""41/0""","=""44/0""","=""54/0""","=""71/0""","=""83/0""","=""102/0""","=""106/0""","=""109/2""","=""110/2""","=""113/2""","=""120/2""","=""121/2""","=""136/2""","=""147/2""","=""149/2""","=""159/2""","=""170/2""","=""177/2""","=""184/2""","=""187/2""","=""193/2""","=""203/2""","=""211/2""","=""212/2""","=""216/2""","=""232/2""","=""247/2""","=""258/2""","=""261/3""","=""269/3""","=""270/3""","=""273/3""","=""280/3""","=""288/3""","=""299/3""","=""301/3""","=""307/3""","=""330/3""","=""343/4""","=""350/4""","=""358/5""","=""361/6""","=""367/7""","=""373/8""","=""379/8""","=""392/8"""
Match 367,South Africa,Australia,"Mangaung Oval, Bloemfontein",2,2023-09-09,"=""9/0""","=""17/0""","=""27/0""","=""30/0""","=""44/0""","=""51/0""","=""66/0""","=""72/0""","=""81/0""","=""84/1""","=""92/1""","=""99/1""","=""99/2""","=""103/2""","=""107/3""","=""111/3""","=""117/3""","=""125/4""","=""137/4""","=""144/4""","=""159/4""","=""163/4""","=""167/4""","=""171/4""","=""174/4""","=""175/4""","=""179/5""","=""182/5""","=""193/5""","=""199/5""","=""207/5""","=""209/5""","=""217/5""","=""224/5""","=""241/5""","=""241/6""","=""243/7""","=""250/8""","=""253/8""","=""259/8""","=""267/8""","=""269/10""",N/A,N/A,N/A,N/A,N/A,N/A,N/A,N/A
Match 368,South Africa,Australia,"Sedgars Park, Potchefstroom",1,2023-09-12,"=""2/0""","=""7/0""","=""8/0""","=""11/0""","=""23/0""","=""26/0""","=""36/0""","=""48/0""","=""51/0""","=""64/0""","=""70/0""","=""76/0""","=""82/0""","=""85/0""","=""97/0""","=""105/0""","=""108/0""","=""112/0""","=""126/0""","=""130/0""","=""132/0""","=""144/0""","=""147/1""","=""150/2""","=""157/2""","=""166/2""","=""168/2""","=""178/2""","=""182/2""","=""190/2""","=""195/2""","=""201/2""","=""210/2""","=""221/2""","=""224/2""","=""227/3""","=""229/4""","=""232/4""","=""236/4""","=""242/4""","=""244/4""","=""245/5""","=""255/5""","=""265/5""","=""288/5""","=""293/5""","=""314/6""","=""323/6""","=""330/6""","=""338/6"""
Match 369,Australia,South Africa,"Sedgars Park, Potchefstroom",2,2023-09-12,"=""8/0""","=""21/0""","=""28/0""","=""37/0""","=""40/0""","=""48/0""","=""63/0""","=""79/1""","=""94/1""","=""104/1""","=""112/1""","=""118/1""","=""121/1""","=""135/1""","=""140/2""","=""142/2""","=""150/2""","=""155/2""","=""157/3""","=""160/3""","=""165/4""","=""171/4""","=""172/4""","=""178/5""","=""183/5""","=""187/5""","=""193/5""","=""194/5""","=""198/6""","=""198/7""","=""200/8""","=""200/8""","=""212/9""","=""223/9""","=""227/10""",N/A,N/A,N/A,N/A,N/A,N/A,N/A,N/A,N/A,N/A,N/A,N/A,N/A,N/A,N/A
Match 370,South Africa,Australia,"SuperSport Park, Centurion",1,2023-09-15,"=""1/0""","=""1/0""","=""7/0""","=""10/0""","=""15/0""","=""21/0""","=""26/0""","=""30/0""","=""39/0""","=""44/0""","=""50/0""","=""58/0""","=""64/1""","=""65/1""","=""67/1""","=""73/1""","=""76/1""","=""79/1""","=""82/1""","=""95/1""","=""97/2""","=""100/2""","=""103/2""","=""117/2""","=""120/2""","=""127/3""","=""132/3""","=""141/3""","=""144/3""","=""148/3""","=""153/3""","=""157/3""","=""171/3""","=""183/3""","=""195/4""","=""207/4""","=""219/4""","=""226/4""","=""233/4""","=""243/4""","=""251/4""","=""275/4""","=""293/4""","=""313/4""","=""329/4""","=""336/4""","=""353/4""","=""379/4""","=""395/4""","=""416/5"""
Match 371,Australia,South Africa,"SuperSport Park, Centurion",2,2023-09-15,"=""5/0""","=""15/0""","=""17/1""","=""22/1""","=""29/2""","=""35/2""","=""46/2""","=""53/2""","=""63/3""","=""71/3""","=""76/3""","=""91/4""","=""96/4""","=""108/4""","=""111/4""","=""113/5""","=""124/5""","=""131/5""","=""140/5""","=""143/5""","=""161/5""","=""167/5""","=""177/5""","=""187/6""","=""190/6""","=""200/6""","=""200/7""","=""207/7""","=""212/7""","=""223/7""","=""232/7""","=""233/8""","=""237/8""","=""248/8""","=""252/10""",N/A,N/A,N/A,N/A,N/A,N/A,N/A,N/A,N/A,N/A,N/A,N/A,N/A,N/A,N/A
Match 372,South Africa,Australia,"The Wanderers Stadium, Johannesburg",1,2023-09-17,"=""2/0""","=""7/1""","=""14/1""","=""16/1""","=""22/1""","=""22/1""","=""22/1""","=""26/1""","=""27/1""","=""32/1""","=""35/1""","=""37/2""","=""42/2""","=""55/2""","=""65/2""","=""67/2""","=""75/2""","=""79/2""","=""82/3""","=""90/3""","=""91/3""","=""99/3""","=""102/3""","=""103/4""","=""110/4""","=""113/4""","=""121/4""","=""128/4""","=""134/4""","=""137/4""","=""140/4""","=""153/4""","=""158/4""","=""159/4""","=""169/4""","=""174/4""","=""181/4""","=""188/4""","=""194/4""","=""202/4""","=""212/4""","=""217/5""","=""236/5""","=""243/5""","=""258/6""","=""273/6""","=""280/7""","=""281/9""","=""291/9""","=""315/9"""
Match 373,Australia,South Africa,"The Wanderers Stadium, Johannesburg",2,2023-09-17,"=""5/0""","=""23/0""","=""34/0""","=""34/2""","=""40/2""","=""41/2""","=""42/2""","=""55/2""","=""56/2""","=""60/2""","=""71/2""","=""80/2""","=""83/2""","=""84/2""","=""91/2""","=""92/2""","=""96/2""","=""108/2""","=""111/2""","=""124/3""","=""133/3""","=""136/5""","=""138/5""","=""143/5""","=""143/6""","=""144/6""","=""155/6""","=""165/6""","=""165/6""","=""173/6""","=""174/7""","=""178/8""","=""181/9""","=""193/9""","=""193/10""",N/A,N/A,N/A,N/A,N/A,N/A,N/A,N/A,N/A,N/A,N/A,N/A,N/A,N/A,N/A
Match 374,England,West Indies,"Sir Vivian Richards Stadium, North Sound, Antigua",1,2023-12-03,"=""8/0""","=""19/0""","=""25/0""","=""32/0""","=""43/0""","=""59/0""","=""70/0""","=""76/0""","=""77/1""","=""78/2""","=""79/2""","=""91/2""","=""92/2""","=""100/2""","=""105/2""","=""110/3""","=""118/3""","=""121/3""","=""128/3""","=""137/3""","=""141/3""","=""144/3""","=""152/3""","=""158/3""","=""163/3""","=""167/3""","=""170/3""","=""178/3""","=""180/3""","=""183/4""","=""187/4""","=""188/4""","=""190/4""","=""192/5""","=""193/5""","=""196/5""","=""204/5""","=""227/5""","=""232/6""","=""236/6""","=""239/7""","=""246/7""","=""256/7""","=""264/7""","=""274/7""","=""291/7""","=""299/7""","=""307/8""","=""313/8""","=""325/10"""
Match 375,West Indies,England,"Sir Vivian Richards Stadium, North Sound, Antigua",2,2023-12-03,"=""11/0""","=""17/0""","=""25/0""","=""26/0""","=""33/0""","=""37/0""","=""41/0""","=""42/0""","=""45/0""","=""55/0""","=""59/0""","=""62/0""","=""71/0""","=""79/0""","=""92/0""","=""94/0""","=""103/0""","=""104/1""","=""106/2""","=""109/2""","=""112/2""","=""112/2""","=""114/2""","=""120/2""","=""125/2""","=""130/2""","=""137/2""","=""141/2""","=""144/2""","=""148/3""","=""150/3""","=""153/3""","=""165/3""","=""175/3""","=""180/3""","=""190/3""","=""194/3""","=""206/4""","=""214/5""","=""220/5""","=""225/5""","=""236/5""","=""255/5""","=""265/5""","=""280/5""","=""285/5""","=""302/5""","=""307/6""","=""326/6""",N/A
Match 376,West Indies,England,"Sir Vivian Richards Stadium, North Sound, Antigua",1,2023-12-06,"=""5/0""","=""6/0""","=""13/0""","=""15/1""","=""20/2""","=""22/2""","=""23/4""","=""35/4""","=""36/4""","=""41/4""","=""45/4""","=""49/4""","=""57/4""","=""60/4""","=""72/4""","=""83/4""","=""85/4""","=""94/4""","=""98/4""","=""100/4""","=""102/4""","=""105/4""","=""110/4""","=""115/4""","=""119/4""","=""124/4""","=""130/4""","=""139/4""","=""148/4""","=""152/5""","=""157/5""","=""160/6""","=""163/6""","=""165/7""","=""172/7""","=""188/7""","=""195/8""","=""200/8""","=""200/9""","=""202/10""",N/A,N/A,N/A,N/A,N/A,N/A,N/A,N/A,N/A,N/A
Match 377,England,West Indies,"Sir Vivian Richards Stadium, North Sound, Antigua",2,2023-12-06,"=""12/0""","=""15/0""","=""25/0""","=""27/0""","=""44/0""","=""51/1""","=""57/1""","=""64/1""","=""67/1""","=""74/1""","=""75/2""","=""78/2""","=""85/3""","=""87/3""","=""89/3""","=""92/3""","=""101/3""","=""108/3""","=""114/3""","=""117/4""","=""120/4""","=""121/4""","=""126/4""","=""135/4""","=""146/4""","=""148/4""","=""162/4""","=""167/4""","=""171/4""","=""180/4""","=""186/4""","=""202/4""","=""206/4""",N/A,N/A,N/A,N/A,N/A,N/A,N/A,N/A,N/A,N/A,N/A,N/A,N/A,N/A,N/A,N/A,N/A
Match 378,England,West Indies,"Kensington Oval, Bridgetown, Barbados",1,2023-12-09,"=""4/1""","=""8/1""","=""11/2""","=""19/2""","=""20/2""","=""27/2""","=""33/2""","=""45/2""","=""47/3""","=""49/5""","=""51/5""","=""55/5""","=""58/5""","=""69/5""","=""71/5""","=""81/5""","=""84/5""","=""88/5""","=""91/5""","=""97/5""","=""101/5""","=""118/5""","=""121/5""","=""128/5""","=""137/5""","=""138/6""","=""140/6""","=""142/7""","=""147/7""","=""152/7""","=""156/7""","=""158/7""","=""161/7""","=""168/8""","=""171/8""","=""172/9""","=""174/9""","=""186/9""","=""195/9""","=""206/9""",N/A,N/A,N/A,N/A,N/A,N/A,N/A,N/A,N/A,N/A
Match 379,West Indies,England,"Kensington Oval, Bridgetown, Barbados",2,2023-12-09,"=""2/0""","=""8/1""","=""14/1""","=""21/1""","=""30/1""","=""40/1""","=""45/1""","=""47/1""","=""57/1""","=""62/1""","=""67/1""","=""75/1""","=""76/1""","=""78/2""","=""80/2""","=""91/2""","=""100/3""","=""103/3""","=""106/3""","=""112/3""","=""116/3""","=""116/4""","=""121/4""","=""122/5""","=""132/5""","=""140/6""","=""142/6""","=""144/6""","=""152/6""","=""155/6""","=""179/6""","=""191/6""",N/A,N/A,N/A,N/A,N/A,N/A,N/A,N/A,N/A,N/A,N/A,N/A,N/A,N/A,N/A,N/A,N/A,N/A
Match 380,West Indies,Australia,Melbourne Cricket Ground,1,2024-02-02,"=""6/0""","=""7/1""","=""17/1""","=""17/2""","=""17/2""","=""20/2""","=""28/2""","=""31/2""","=""32/2""","=""37/3""","=""40/3""","=""42/3""","=""48/3""","=""55/3""","=""59/3""","=""60/4""","=""60/4""","=""63/4""","=""65/4""","=""67/4""","=""71/4""","=""76/4""","=""86/4""","=""90/4""","=""96/4""","=""103/4""","=""109/4""","=""112/4""","=""118/4""","=""119/4""","=""125/4""","=""138/4""","=""142/4""","=""150/4""","=""155/4""","=""167/4""","=""174/5""","=""177/5""","=""181/5""","=""185/5""","=""193/6""","=""194/7""","=""199/7""","=""205/7""","=""213/7""","=""221/7""","=""226/8""","=""229/9""","=""231/10""",N/A
Match 381,Australia,West Indies,Melbourne Cricket Ground,2,2024-02-02,"=""4/1""","=""9/1""","=""19/1""","=""21/1""","=""32/1""","=""49/1""","=""62/1""","=""65/1""","=""66/1""","=""79/1""","=""82/1""","=""84/2""","=""87/2""","=""99/2""","=""106/2""","=""110/2""","=""113/2""","=""120/2""","=""123/2""","=""127/2""","=""130/2""","=""138/2""","=""144/2""","=""147/2""","=""158/2""","=""165/2""","=""172/2""","=""174/2""","=""183/2""","=""185/2""","=""188/2""","=""196/2""","=""203/2""","=""208/2""","=""215/2""","=""221/2""","=""225/2""","=""228/2""","=""232/2""",N/A,N/A,N/A,N/A,N/A,N/A,N/A,N/A,N/A,N/A,N/A
Match 382,Australia,West Indies,Sydney Cricket Ground,1,2024-02-04,"=""10/1""","=""15/1""","=""21/2""","=""21/2""","=""35/2""","=""39/2""","=""50/2""","=""51/3""","=""58/3""","=""61/3""","=""62/3""","=""67/3""","=""69/3""","=""84/3""","=""86/3""","=""91/4""","=""93/5""","=""95/5""","=""97/5""","=""108/5""","=""109/5""","=""111/5""","=""114/5""","=""126/5""","=""130/5""","=""137/5""","=""140/5""","=""142/5""","=""144/6""","=""150/6""","=""152/6""","=""155/6""","=""162/6""","=""165/6""","=""167/7""","=""170/7""","=""176/7""","=""180/7""","=""184/7""","=""189/7""","=""194/7""","=""198/7""","=""205/7""","=""209/7""","=""213/7""","=""226/8""","=""233/8""","=""239/8""","=""254/9""","=""258/9"""
Match 383,West Indies,Australia,Sydney Cricket Ground,2,2024-02-04,"=""7/0""","=""7/0""","=""11/0""","=""20/1""","=""22/2""","=""25/2""","=""32/2""","=""32/2""","=""34/3""","=""40/3""","=""48/3""","=""49/3""","=""53/3""","=""56/3""","=""57/3""","=""63/3""","=""67/3""","=""70/3""","=""72/3""","=""76/3""","=""83/3""","=""84/3""","=""87/4""","=""92/4""","=""96/4""","=""98/4""","=""99/4""","=""108/4""","=""110/5""","=""113/5""","=""121/5""","=""124/5""","=""127/6""","=""134/6""","=""140/7""","=""144/7""","=""154/7""","=""157/8""","=""159/8""","=""160/8""","=""167/9""","=""169/9""","=""175/9""","=""175/10""",N/A,N/A,N/A,N/A,N/A,N/A
Match 384,West Indies,Australia,"Manuka Oval, Canberra",1,2024-02-06,"=""2/0""","=""12/0""","=""13/1""","=""19/1""","=""21/1""","=""23/1""","=""27/1""","=""33/1""","=""35/1""","=""36/1""","=""42/2""","=""43/3""","=""44/4""","=""50/4""","=""55/4""","=""58/4""","=""58/4""","=""63/4""","=""69/4""","=""73/5""","=""74/7""","=""76/7""","=""85/8""","=""86/9""","=""86/10""",N/A,N/A,N/A,N/A,N/A,N/A,N/A,N/A,N/A,N/A,N/A,N/A,N/A,N/A,N/A,N/A,N/A,N/A,N/A,N/A,N/A,N/A,N/A,N/A,N/A
Match 385,Australia,West Indies,"Manuka Oval, Canberra",2,2024-02-06,"=""11/0""","=""27/0""","=""35/0""","=""59/0""","=""70/1""","=""80/1""","=""87/2""",N/A,N/A,N/A,N/A,N/A,N/A,N/A,N/A,N/A,N/A,N/A,N/A,N/A,N/A,N/A,N/A,N/A,N/A,N/A,N/A,N/A,N/A,N/A,N/A,N/A,N/A,N/A,N/A,N/A,N/A,N/A,N/A,N/A,N/A,N/A,N/A,N/A,N/A,N/A,N/A,N/A,N/A,N/A
Match 386,Zimbabwe,West Indies,Harare Sports Club,1,2023-06-24,"=""0/0""","=""6/0""","=""10/0""","=""10/0""","=""14/0""","=""23/0""","=""24/0""","=""32/0""","=""37/0""","=""37/0""","=""41/0""","=""46/0""","=""50/0""","=""55/0""","=""63/0""","=""64/1""","=""67/1""","=""73/1""","=""76/2""","=""80/2""","=""87/2""","=""91/3""","=""97/3""","=""106/3""","=""112/4""","=""114/4""","=""115/4""","=""127/4""","=""128/4""","=""135/4""","=""140/4""","=""147/4""","=""150/4""","=""162/4""","=""170/4""","=""175/4""","=""179/4""","=""181/4""","=""188/4""","=""193/4""","=""201/5""","=""212/5""","=""221/5""","=""225/5""","=""227/6""","=""233/7""","=""243/8""","=""243/9""","=""259/9""","=""268/10"""
Match 387,West Indies,Zimbabwe,Harare Sports Club,2,2023-06-24,"=""3/0""","=""12/0""","=""14/0""","=""19/0""","=""25/0""","=""39/0""","=""43/1""","=""43/1""","=""46/1""","=""55/2""","=""60/2""","=""60/2""","=""60/2""","=""63/2""","=""76/2""","=""83/2""","=""92/2""","=""99/2""","=""104/2""","=""109/2""","=""110/3""","=""115/3""","=""133/3""","=""135/4""","=""139/4""","=""146/4""","=""152/4""","=""155/4""","=""157/4""","=""162/4""","=""172/4""","=""177/5""","=""180/6""","=""188/6""","=""193/6""","=""197/6""","=""199/6""","=""203/6""","=""210/6""","=""217/6""","=""219/7""","=""222/8""","=""225/9""","=""232/9""","=""233/10""",N/A,N/A,N/A,N/A,N/A
Match 388,Sri Lanka,Ireland,"Queens Sports Club, Bulawayo",1,2023-06-25,"=""13/0""","=""17/0""","=""31/0""","=""31/0""","=""31/0""","=""36/0""","=""46/0""","=""48/0""","=""53/2""","=""58/2""","=""64/2""","=""73/2""","=""79/2""","=""84/2""","=""89/2""","=""93/2""","=""101/2""","=""106/2""","=""112/2""","=""121/2""","=""128/2""","=""136/2""","=""144/2""","=""149/2""","=""157/2""","=""163/2""","=""173/2""","=""177/2""","=""183/2""","=""191/2""","=""196/2""","=""201/2""","=""209/2""","=""212/2""","=""216/2""","=""224/3""","=""230/3""","=""237/4""","=""241/4""","=""247/4""","=""253/4""","=""262/4""","=""266/4""","=""281/4""","=""285/5""","=""299/5""","=""304/6""","=""308/8""","=""324/8""","=""325/10"""
Match 389,Ireland,Sri Lanka,"Queens Sports Club, Bulawayo",2,2023-06-25,"=""5/0""","=""14/0""","=""20/0""","=""21/1""","=""21/1""","=""37/1""","=""40/2""","=""45/2""","=""53/2""","=""56/2""","=""57/3""","=""62/4""","=""66/4""","=""70/4""","=""80/4""","=""86/4""","=""90/5""","=""93/5""","=""108/5""","=""116/6""","=""122/6""","=""133/6""","=""145/8""","=""148/8""","=""152/8""","=""154/8""","=""161/8""","=""167/9""","=""179/9""","=""182/9""","=""192/10""",N/A,N/A,N/A,N/A,N/A,N/A,N/A,N/A,N/A,N/A,N/A,N/A,N/A,N/A,N/A,N/A,N/A,N/A,N/A
Match 390,Zimbabwe,Sri Lanka,"Queens Sports Club, Bulawayo",1,2023-07-02,"=""2/1""","=""8/1""","=""11/2""","=""19/2""","=""22/2""","=""30/2""","=""34/3""","=""35/3""","=""38/3""","=""40/3""","=""43/3""","=""46/3""","=""56/3""","=""60/3""","=""66/3""","=""77/3""","=""83/3""","=""90/3""","=""96/3""","=""100/4""","=""119/4""","=""124/4""","=""127/5""","=""128/5""","=""132/6""","=""139/6""","=""139/6""","=""144/6""","=""149/7""","=""157/7""","=""159/7""","=""164/9""","=""165/10""",N/A,N/A,N/A,N/A,N/A,N/A,N/A,N/A,N/A,N/A,N/A,N/A,N/A,N/A,N/A,N/A,N/A
Match 391,Sri Lanka,Zimbabwe,"Queens Sports Club, Bulawayo",2,2023-07-02,"=""6/0""","=""9/0""","=""10/0""","=""13/0""","=""18/0""","=""20/0""","=""27/0""","=""34/0""","=""41/0""","=""47/0""","=""50/0""","=""57/0""","=""69/0""","=""77/0""","=""81/0""","=""88/0""","=""93/0""","=""96/0""","=""100/0""","=""104/1""","=""106/1""","=""120/1""","=""123/1""","=""127/1""","=""128/1""","=""132/1""","=""143/1""","=""145/1""","=""146/1""","=""153/1""","=""156/1""","=""163/1""","=""164/1""","=""169/1""",N/A,N/A,N/A,N/A,N/A,N/A,N/A,N/A,N/A,N/A,N/A,N/A,N/A,N/A,N/A,N/A
Match 392,West Indies,Sri Lanka,Harare Sports Club,1,2023-07-07,"=""2/0""","=""14/0""","=""27/0""","=""31/0""","=""33/0""","=""35/0""","=""37/1""","=""42/1""","=""50/2""","=""55/2""","=""58/3""","=""63/4""","=""66/4""","=""69/4""","=""70/4""","=""76/4""","=""81/5""","=""88/5""","=""91/5""","=""93/5""","=""94/5""","=""98/5""","=""107/5""","=""112/5""","=""113/5""","=""117/5""","=""120/5""","=""123/6""","=""127/7""","=""127/7""","=""134/7""","=""146/7""","=""151/7""","=""153/7""","=""158/8""","=""163/8""","=""165/8""","=""174/8""","=""177/8""","=""182/8""","=""192/8""","=""203/8""","=""210/8""","=""217/8""","=""220/9""","=""228/9""","=""232/9""","=""243/9""","=""243/10""",N/A
Match 393,Sri Lanka,West Indies,Harare Sports Club,2,2023-07-07,"=""8/0""","=""13/0""","=""16/0""","=""22/0""","=""24/0""","=""32/0""","=""37/0""","=""46/0""","=""53/0""","=""56/0""","=""61/0""","=""64/0""","=""65/0""","=""69/0""","=""79/0""","=""85/0""","=""94/0""","=""101/0""","=""105/0""","=""113/0""","=""118/0""","=""119/0""","=""123/0""","=""127/0""","=""136/0""","=""140/0""","=""149/0""","=""150/0""","=""155/0""","=""163/0""","=""171/0""","=""176/0""","=""187/0""","=""191/1""","=""196/1""","=""203/1""","=""205/2""","=""213/2""","=""218/2""","=""223/2""","=""228/2""","=""232/2""","=""235/2""","=""241/2""","=""244/2""",N/A,N/A,N/A,N/A,N/A
Match 394,West Indies,India,"Kensington Oval, Bridgetown, Barbados",1,2023-07-27,"=""4/0""","=""4/0""","=""7/1""","=""9/1""","=""19/1""","=""27/1""","=""39/1""","=""45/2""","=""45/3""","=""52/3""","=""54/3""","=""63/3""","=""73/3""","=""84/3""","=""87/3""","=""92/4""","=""96/4""","=""97/6""","=""103/7""","=""107/7""","=""107/8""","=""114/8""","=""114/10""",N/A,N/A,N/A,N/A,N/A,N/A,N/A,N/A,N/A,N/A,N/A,N/A,N/A,N/A,N/A,N/A,N/A,N/A,N/A,N/A,N/A,N/A,N/A,N/A,N/A,N/A,N/A
Match 395,India,West Indies,"Kensington Oval, Bridgetown, Barbados",2,2023-07-27,"=""6/0""","=""13/0""","=""15/0""","=""18/1""","=""23/1""","=""28/1""","=""36/1""","=""42/1""","=""48/1""","=""50/1""","=""54/2""","=""66/2""","=""70/2""","=""80/3""","=""86/3""","=""93/3""","=""96/4""","=""98/5""","=""100/5""","=""107/5""","=""110/5""","=""114/5""","=""118/5""",N/A,N/A,N/A,N/A,N/A,N/A,N/A,N/A,N/A,N/A,N/A,N/A,N/A,N/A,N/A,N/A,N/A,N/A,N/A,N/A,N/A,N/A,N/A,N/A,N/A,N/A,N/A
Match 396,India,West Indies,"Kensington Oval, Bridgetown, Barbados",1,2023-07-29,"=""2/0""","=""7/0""","=""9/0""","=""18/0""","=""20/0""","=""24/0""","=""35/0""","=""44/0""","=""45/0""","=""49/0""","=""51/0""","=""60/0""","=""62/0""","=""67/0""","=""78/0""","=""85/0""","=""90/1""","=""95/2""","=""97/2""","=""97/3""","=""101/3""","=""105/3""","=""110/3""","=""113/4""","=""122/5""","=""124/5""","=""127/5""","=""132/5""","=""136/5""","=""141/5""","=""145/5""","=""148/6""","=""149/7""","=""154/7""","=""157/7""","=""164/7""","=""167/7""","=""171/9""","=""176/9""","=""180/9""","=""181/10""",N/A,N/A,N/A,N/A,N/A,N/A,N/A,N/A,N/A
Match 397,West Indies,India,"Kensington Oval, Bridgetown, Barbados",2,2023-07-29,"=""7/0""","=""18/0""","=""21/0""","=""23/0""","=""30/0""","=""34/0""","=""38/0""","=""46/0""","=""54/2""","=""64/2""","=""66/2""","=""72/2""","=""75/3""","=""81/3""","=""84/3""","=""89/3""","=""91/4""","=""92/4""","=""94/4""","=""97/4""","=""97/4""","=""103/4""","=""107/4""","=""116/4""","=""117/4""","=""122/4""","=""126/4""","=""130/4""","=""135/4""","=""137/4""","=""141/4""","=""148/4""","=""152/4""","=""159/4""","=""163/4""","=""173/4""","=""182/4""",N/A,N/A,N/A,N/A,N/A,N/A,N/A,N/A,N/A,N/A,N/A,N/A,N/A
Match 398,India,West Indies,"Brian Lara Stadium, Tarouba, Trinidad",1,2023-08-01,"=""9/0""","=""11/0""","=""15/0""","=""17/0""","=""27/0""","=""37/0""","=""40/0""","=""52/0""","=""69/0""","=""73/0""","=""85/0""","=""91/0""","=""98/0""","=""102/0""","=""110/0""","=""116/0""","=""122/0""","=""128/0""","=""141/0""","=""144/1""","=""145/1""","=""149/1""","=""154/2""","=""171/2""","=""175/2""","=""178/2""","=""185/2""","=""195/2""","=""207/2""","=""208/2""","=""221/2""","=""224/3""","=""231/3""","=""234/3""","=""235/3""","=""238/3""","=""238/3""","=""242/3""","=""245/4""","=""247/4""","=""257/4""","=""266/4""","=""280/4""","=""287/4""","=""295/4""","=""305/4""","=""310/5""","=""323/5""","=""333/5""","=""351/5"""
Match 399,West Indies,India,"Brian Lara Stadium, Tarouba, Trinidad",2,2023-08-01,"=""1/1""","=""1/1""","=""7/2""","=""10/2""","=""15/2""","=""17/2""","=""17/3""","=""25/3""","=""28/3""","=""34/3""","=""35/4""","=""40/5""","=""41/5""","=""50/6""","=""55/6""","=""59/6""","=""62/6""","=""62/6""","=""68/6""","=""68/6""","=""75/6""","=""81/7""","=""82/7""","=""92/8""","=""105/8""","=""110/8""","=""110/8""","=""111/8""","=""125/8""","=""128/8""","=""135/8""","=""140/8""","=""143/8""","=""150/9""","=""150/9""","=""151/10""",N/A,N/A,N/A,N/A,N/A,N/A,N/A,N/A,N/A,N/A,N/A,N/A,N/A,N/A
Match 400,England,New Zealand,"Narendra Modi Stadium, Ahmedabad",1,2023-10-05,"=""12/0""","=""12/0""","=""16/0""","=""21/0""","=""26/0""","=""35/0""","=""39/0""","=""41/1""","=""46/1""","=""51/1""","=""54/1""","=""61/1""","=""64/2""","=""69/2""","=""73/2""","=""79/2""","=""94/3""","=""105/3""","=""109/3""","=""112/3""","=""118/3""","=""121/4""","=""125/4""","=""128/4""","=""135/4""","=""139/4""","=""150/4""","=""155/4""","=""165/4""","=""166/4""","=""171/4""","=""179/4""","=""187/4""","=""191/5""","=""203/5""","=""208/5""","=""214/5""","=""221/5""","=""221/6""","=""224/6""","=""229/6""","=""235/7""","=""239/7""","=""247/7""","=""250/8""","=""254/9""","=""258/9""","=""263/9""","=""268/9""","=""282/9"""
Match 401,New Zealand,England,"Narendra Modi Stadium, Ahmedabad",2,2023-10-05,"=""10/0""","=""10/1""","=""19/1""","=""19/1""","=""27/1""","=""37/1""","=""54/1""","=""63/1""","=""73/1""","=""81/1""","=""92/1""","=""99/1""","=""107/1""","=""111/1""","=""121/1""","=""130/1""","=""138/1""","=""143/1""","=""145/1""","=""154/1""","=""162/1""","=""168/1""","=""176/1""","=""178/1""","=""187/1""","=""192/1""","=""200/1""","=""208/1""","=""209/1""","=""211/1""","=""222/1""","=""226/1""","=""234/1""","=""245/1""","=""265/1""","=""281/1""","=""283/1""",N/A,N/A,N/A,N/A,N/A,N/A,N/A,N/A,N/A,N/A,N/A,N/A,N/A
Match 402,South Africa,Sri Lanka,"Arun Jaitley Stadium, Delhi",1,2023-10-07,"=""5/0""","=""18/1""","=""27/1""","=""29/1""","=""29/1""","=""31/1""","=""34/1""","=""37/1""","=""45/1""","=""48/1""","=""64/1""","=""67/1""","=""75/1""","=""80/1""","=""84/1""","=""91/1""","=""97/1""","=""105/1""","=""111/1""","=""118/1""","=""121/1""","=""127/1""","=""139/1""","=""144/1""","=""158/1""","=""159/1""","=""168/1""","=""182/1""","=""196/1""","=""206/1""","=""215/2""","=""219/2""","=""225/2""","=""239/2""","=""245/2""","=""257/2""","=""264/2""","=""267/3""","=""272/3""","=""291/3""","=""303/3""","=""316/3""","=""342/3""","=""352/4""","=""362/4""","=""376/4""","=""383/4""","=""396/5""","=""419/5""","=""428/5"""
Match 403,Sri Lanka,South Africa,"Arun Jaitley Stadium, Delhi",2,2023-10-07,"=""1/0""","=""3/1""","=""12/1""","=""19/1""","=""37/1""","=""54/1""","=""58/1""","=""71/2""","=""87/2""","=""94/2""","=""98/2""","=""107/2""","=""111/3""","=""114/4""","=""120/4""","=""121/4""","=""123/4""","=""134/4""","=""139/4""","=""150/4""","=""154/5""","=""155/5""","=""162/5""","=""174/5""","=""176/5""","=""179/5""","=""186/5""","=""196/5""","=""201/5""","=""214/5""","=""226/5""","=""232/6""","=""235/7""","=""238/7""","=""244/7""","=""246/7""","=""269/7""","=""273/7""","=""276/7""","=""291/8""","=""303/8""","=""307/8""","=""320/8""","=""326/9""","=""326/10""",N/A,N/A,N/A,N/A,N/A
Match 404,Australia,India,"MA Chidambaram Stadium, Chepauk, Chennai",1,2023-10-08,"=""1/0""","=""5/0""","=""6/1""","=""11/1""","=""16/1""","=""16/1""","=""29/1""","=""32/1""","=""36/1""","=""43/1""","=""51/1""","=""54/1""","=""59/1""","=""66/1""","=""71/1""","=""73/1""","=""74/2""","=""76/2""","=""77/2""","=""85/2""","=""88/2""","=""89/2""","=""93/2""","=""98/2""","=""102/2""","=""104/2""","=""110/2""","=""112/3""","=""118/3""","=""119/5""","=""123/5""","=""130/5""","=""131/5""","=""134/5""","=""138/5""","=""140/6""","=""140/7""","=""142/7""","=""145/7""","=""156/7""","=""160/7""","=""164/7""","=""168/8""","=""168/8""","=""172/8""","=""175/8""","=""183/8""","=""188/8""","=""195/9""","=""199/10"""
Match 405,India,Australia,"MA Chidambaram Stadium, Chepauk, Chennai",2,2023-10-08,"=""2/1""","=""2/3""","=""5/3""","=""10/3""","=""12/3""","=""18/3""","=""20/3""","=""21/3""","=""26/3""","=""27/3""","=""33/3""","=""35/3""","=""38/3""","=""41/3""","=""49/3""","=""52/3""","=""56/3""","=""69/3""","=""73/3""","=""80/3""","=""82/3""","=""87/3""","=""90/3""","=""92/3""","=""97/3""","=""100/3""","=""105/3""","=""116/3""","=""119/3""","=""120/3""","=""124/3""","=""132/3""","=""139/3""","=""146/3""","=""151/3""","=""159/3""","=""167/3""","=""168/4""","=""172/4""","=""182/4""","=""195/4""","=""201/4""",N/A,N/A,N/A,N/A,N/A,N/A,N/A,N/A
Match 406,England,Bangladesh,"Himachal Pradesh Cricket Association Stadium, Dharamsala",1,2023-10-10,"=""5/0""","=""10/0""","=""11/0""","=""15/0""","=""25/0""","=""31/0""","=""43/0""","=""49/0""","=""59/0""","=""61/0""","=""69/0""","=""77/0""","=""84/0""","=""89/0""","=""98/0""","=""102/0""","=""113/0""","=""116/1""","=""123/1""","=""128/1""","=""136/1""","=""140/1""","=""143/1""","=""147/1""","=""149/1""","=""155/1""","=""165/1""","=""177/1""","=""184/1""","=""187/1""","=""193/1""","=""199/1""","=""221/1""","=""232/1""","=""239/1""","=""251/1""","=""262/1""","=""279/2""","=""290/2""","=""298/3""","=""304/3""","=""307/5""","=""317/5""","=""323/5""","=""329/6""","=""333/6""","=""337/7""","=""346/7""","=""358/8""","=""364/9"""
Match 407,Bangladesh,England,"Himachal Pradesh Cricket Association Stadium, Dharamsala",2,2023-10-10,"=""12/0""","=""14/2""","=""17/2""","=""22/2""","=""26/2""","=""26/3""","=""41/3""","=""46/3""","=""49/4""","=""57/4""","=""65/4""","=""68/4""","=""71/4""","=""74/4""","=""81/4""","=""87/4""","=""93/4""","=""96/4""","=""106/4""","=""116/4""","=""121/5""","=""126/5""","=""131/5""","=""133/5""","=""135/5""","=""137/5""","=""144/5""","=""148/5""","=""155/5""","=""160/5""","=""164/6""","=""166/6""","=""168/6""","=""169/6""","=""174/6""","=""176/6""","=""180/6""","=""186/6""","=""189/6""","=""191/7""","=""195/8""","=""198/8""","=""201/8""","=""209/8""","=""220/8""","=""221/9""","=""225/9""","=""227/9""","=""227/10""",N/A
Match 408,Sri Lanka,Pakistan,"Rajiv Gandhi International Stadium, Uppal, Hyderabad",1,2023-10-10,"=""4/0""","=""6/1""","=""14/1""","=""19/1""","=""29/1""","=""34/1""","=""37/1""","=""48/1""","=""53/1""","=""58/1""","=""65/1""","=""73/1""","=""79/1""","=""88/1""","=""90/1""","=""98/1""","=""107/1""","=""112/2""","=""115/2""","=""127/2""","=""147/2""","=""154/2""","=""166/2""","=""167/2""","=""181/2""","=""186/2""","=""199/2""","=""204/2""","=""218/3""","=""229/3""","=""230/4""","=""232/4""","=""239/4""","=""244/4""","=""247/4""","=""255/4""","=""262/4""","=""270/4""","=""273/4""","=""283/4""","=""294/4""","=""296/5""","=""298/5""","=""309/5""","=""315/5""","=""321/5""","=""331/6""","=""335/7""","=""343/7""","=""344/9"""
Match 409,Pakistan,Sri Lanka,"Rajiv Gandhi International Stadium, Uppal, Hyderabad",2,2023-10-10,"=""6/0""","=""10/0""","=""14/0""","=""20/1""","=""22/1""","=""27/1""","=""36/1""","=""37/2""","=""40/2""","=""48/2""","=""52/2""","=""55/2""","=""61/2""","=""69/2""","=""71/2""","=""81/2""","=""86/2""","=""95/2""","=""104/2""","=""110/2""","=""120/2""","=""121/2""","=""125/2""","=""133/2""","=""138/2""","=""141/2""","=""151/2""","=""158/2""","=""170/2""","=""182/2""","=""188/2""","=""207/2""","=""213/2""","=""223/3""","=""228/3""","=""239/3""","=""251/3""","=""255/3""","=""264/3""","=""271/3""","=""275/3""","=""283/3""","=""294/3""","=""306/3""","=""314/4""","=""319/4""","=""325/4""","=""344/4""","=""345/4""",N/A
Match 410,South Africa,Australia,"Bharat Ratna Shri Atal Bihari Vajpayee Ekana Cricket Stadium, Lucknow",1,2023-10-12,"=""4/0""","=""6/0""","=""7/0""","=""11/0""","=""19/0""","=""32/0""","=""38/0""","=""45/0""","=""46/0""","=""53/0""","=""59/0""","=""66/0""","=""68/0""","=""74/0""","=""80/0""","=""88/0""","=""97/0""","=""100/0""","=""105/0""","=""108/1""","=""109/1""","=""109/1""","=""126/1""","=""131/1""","=""136/1""","=""143/1""","=""150/1""","=""156/1""","=""161/2""","=""171/2""","=""177/2""","=""181/2""","=""185/2""","=""196/2""","=""197/3""","=""200/3""","=""205/3""","=""219/3""","=""223/3""","=""232/3""","=""243/3""","=""249/3""","=""263/3""","=""267/4""","=""272/5""","=""279/5""","=""284/5""","=""296/5""","=""310/5""","=""311/7"""
Match 411,Australia,South Africa,"Bharat Ratna Shri Atal Bihari Vajpayee Ekana Cricket Stadium, Lucknow",2,2023-10-12,"=""3/0""","=""7/0""","=""7/0""","=""15/0""","=""16/0""","=""27/1""","=""27/2""","=""36/2""","=""42/2""","=""50/3""","=""56/3""","=""57/4""","=""58/4""","=""60/4""","=""61/4""","=""65/4""","=""70/5""","=""71/6""","=""73/6""","=""80/6""","=""84/6""","=""87/6""","=""90/6""","=""93/6""","=""95/6""","=""104/6""","=""108/6""","=""111/6""","=""115/6""","=""125/6""","=""128/6""","=""134/6""","=""138/6""","=""142/7""","=""143/8""","=""156/8""","=""162/8""","=""168/8""","=""169/8""","=""174/8""","=""177/10""",N/A,N/A,N/A,N/A,N/A,N/A,N/A,N/A,N/A
Match 412,Bangladesh,New Zealand,"MA Chidambaram Stadium, Chepauk, Chennai",1,2023-10-13,"=""5/1""","=""10/1""","=""16/1""","=""22/1""","=""30/1""","=""37/1""","=""38/1""","=""40/2""","=""41/2""","=""46/2""","=""55/2""","=""56/3""","=""57/4""","=""61/4""","=""73/4""","=""78/4""","=""78/4""","=""81/4""","=""83/4""","=""93/4""","=""100/4""","=""106/4""","=""110/4""","=""114/4""","=""118/4""","=""124/4""","=""126/4""","=""133/4""","=""145/4""","=""152/5""","=""156/5""","=""159/5""","=""161/5""","=""167/5""","=""168/5""","=""175/6""","=""179/6""","=""180/7""","=""185/7""","=""189/7""","=""195/7""","=""200/7""","=""204/7""","=""213/7""","=""214/8""","=""218/8""","=""220/8""","=""225/9""","=""234/9""","=""245/9"""
Match 413,New Zealand,Bangladesh,"MA Chidambaram Stadium, Chepauk, Chennai",2,2023-10-13,"=""1/0""","=""4/0""","=""12/1""","=""14/1""","=""15/1""","=""15/1""","=""18/1""","=""27/1""","=""28/1""","=""37/1""","=""41/1""","=""45/1""","=""60/1""","=""65/1""","=""68/1""","=""73/1""","=""76/1""","=""83/1""","=""86/1""","=""92/1""","=""100/2""","=""103/2""","=""113/2""","=""116/2""","=""123/2""","=""125/2""","=""126/2""","=""130/2""","=""141/2""","=""146/2""","=""150/2""","=""158/2""","=""161/2""","=""169/2""","=""174/2""","=""182/2""","=""190/2""","=""198/2""","=""206/3""","=""221/3""","=""227/3""","=""240/3""","=""248/3""",N/A,N/A,N/A,N/A,N/A,N/A,N/A
Match 414,Pakistan,India,"Narendra Modi Stadium, Ahmedabad",1,2023-10-14,"=""4/0""","=""16/0""","=""17/0""","=""23/0""","=""23/0""","=""28/0""","=""37/0""","=""41/1""","=""48/1""","=""49/1""","=""60/1""","=""68/1""","=""74/2""","=""75/2""","=""79/2""","=""84/2""","=""90/2""","=""96/2""","=""102/2""","=""103/2""","=""105/2""","=""114/2""","=""120/2""","=""123/2""","=""125/2""","=""129/2""","=""131/2""","=""144/2""","=""150/2""","=""156/3""","=""157/3""","=""162/3""","=""166/5""","=""168/6""","=""170/6""","=""172/7""","=""174/7""","=""176/7""","=""182/7""","=""187/8""","=""189/9""","=""190/9""","=""191/10""",N/A,N/A,N/A,N/A,N/A,N/A,N/A
Match 415,India,Pakistan,"Narendra Modi Stadium, Ahmedabad",2,2023-10-14,"=""10/0""","=""22/0""","=""23/1""","=""31/1""","=""38/1""","=""39/1""","=""54/1""","=""63/1""","=""77/1""","=""79/2""","=""81/2""","=""88/2""","=""96/2""","=""101/2""","=""111/2""","=""116/2""","=""118/2""","=""126/2""","=""129/2""","=""142/2""","=""154/2""","=""157/3""","=""161/3""","=""162/3""","=""165/3""","=""168/3""","=""170/3""","=""176/3""","=""182/3""","=""186/3""","=""192/3""",N/A,N/A,N/A,N/A,N/A,N/A,N/A,N/A,N/A,N/A,N/A,N/A,N/A,N/A,N/A,N/A,N/A,N/A,N/A
Match 416,Sri Lanka,Australia,"Bharat Ratna Shri Atal Bihari Vajpayee Ekana Cricket Stadium, Lucknow",1,2023-10-16,"=""9/0""","=""10/0""","=""13/0""","=""21/0""","=""26/0""","=""34/0""","=""39/0""","=""42/0""","=""47/0""","=""51/0""","=""57/0""","=""63/0""","=""70/0""","=""79/0""","=""84/0""","=""91/0""","=""96/0""","=""102/0""","=""110/0""","=""114/0""","=""121/0""","=""127/1""","=""137/1""","=""145/1""","=""152/1""","=""156/1""","=""158/2""","=""165/3""","=""166/3""","=""166/4""","=""169/4""","=""177/4""","=""180/5""","=""183/5""","=""184/6""","=""186/6""","=""187/6""","=""196/7""","=""198/7""","=""199/8""","=""204/9""","=""205/9""","=""207/9""","=""209/10""",N/A,N/A,N/A,N/A,N/A,N/A
Match 417,Australia,Sri Lanka,"Bharat Ratna Shri Atal Bihari Vajpayee Ekana Cricket Stadium, Lucknow",2,2023-10-16,"=""15/0""","=""15/0""","=""24/0""","=""24/2""","=""35/2""","=""42/2""","=""45/2""","=""50/2""","=""62/2""","=""64/2""","=""70/2""","=""75/2""","=""76/2""","=""79/2""","=""89/3""","=""92/3""","=""97/3""","=""101/3""","=""106/3""","=""109/3""","=""112/3""","=""115/3""","=""122/3""","=""127/3""","=""141/3""","=""146/3""","=""153/3""","=""157/3""","=""158/4""","=""163/4""","=""176/4""","=""189/4""","=""192/4""","=""202/5""","=""209/5""","=""215/5""",N/A,N/A,N/A,N/A,N/A,N/A,N/A,N/A,N/A,N/A,N/A,N/A,N/A,N/A
Match 418,Bangladesh,India,"Maharashtra Cricket Association Stadium, Pune",1,2023-10-19,"=""1/0""","=""5/0""","=""5/0""","=""6/0""","=""10/0""","=""19/0""","=""27/0""","=""37/0""","=""47/0""","=""63/0""","=""68/0""","=""72/0""","=""82/0""","=""90/0""","=""94/1""","=""96/1""","=""98/1""","=""103/1""","=""107/1""","=""110/2""","=""113/2""","=""114/2""","=""118/2""","=""129/2""","=""131/3""","=""133/3""","=""136/3""","=""138/4""","=""140/4""","=""143/4""","=""149/4""","=""156/4""","=""161/4""","=""164/4""","=""165/4""","=""170/4""","=""178/4""","=""181/5""","=""186/5""","=""189/5""","=""198/5""","=""199/5""","=""201/6""","=""205/6""","=""210/6""","=""225/6""","=""233/7""","=""238/7""","=""248/7""","=""256/8"""
Match 419,India,Bangladesh,"Maharashtra Cricket Association Stadium, Pune",2,2023-10-19,"=""8/0""","=""14/0""","=""26/0""","=""28/0""","=""33/0""","=""37/0""","=""43/0""","=""48/0""","=""50/0""","=""63/0""","=""68/0""","=""80/0""","=""103/1""","=""106/1""","=""111/1""","=""115/1""","=""122/1""","=""125/1""","=""130/1""","=""142/2""","=""143/2""","=""146/2""","=""150/2""","=""154/2""","=""161/2""","=""164/2""","=""171/2""","=""174/2""","=""178/2""","=""184/3""","=""188/3""","=""192/3""","=""198/3""","=""201/3""","=""206/3""","=""209/3""","=""223/3""","=""229/3""","=""238/3""","=""249/3""","=""255/3""","=""261/3""",N/A,N/A,N/A,N/A,N/A,N/A,N/A,N/A
Match 420,Australia,Pakistan,"M Chinnaswamy Stadium, Bengaluru",1,2023-10-20,"=""7/0""","=""9/0""","=""11/0""","=""22/0""","=""27/0""","=""37/0""","=""37/0""","=""43/0""","=""67/0""","=""82/0""","=""88/0""","=""96/0""","=""103/0""","=""119/0""","=""128/0""","=""134/0""","=""143/0""","=""144/0""","=""148/0""","=""149/0""","=""158/0""","=""162/0""","=""169/0""","=""171/0""","=""172/0""","=""176/0""","=""185/0""","=""192/0""","=""199/0""","=""208/0""","=""214/0""","=""226/0""","=""245/0""","=""259/2""","=""264/2""","=""269/2""","=""274/2""","=""284/2""","=""291/3""","=""297/3""","=""312/3""","=""319/3""","=""330/4""","=""338/4""","=""340/5""","=""347/5""","=""354/5""","=""358/6""","=""363/7""","=""367/9"""
Match 421,Pakistan,Australia,"M Chinnaswamy Stadium, Bengaluru",2,2023-10-20,"=""8/0""","=""12/0""","=""20/0""","=""28/0""","=""40/0""","=""40/0""","=""46/0""","=""48/0""","=""55/0""","=""59/0""","=""61/0""","=""73/0""","=""81/0""","=""90/0""","=""94/0""","=""97/0""","=""104/0""","=""112/0""","=""116/0""","=""131/0""","=""134/0""","=""143/1""","=""151/1""","=""159/2""","=""169/2""","=""174/2""","=""179/3""","=""181/3""","=""190/3""","=""200/3""","=""208/3""","=""213/3""","=""222/3""","=""231/3""","=""232/4""","=""238/4""","=""252/4""","=""265/4""","=""269/5""","=""272/5""","=""274/6""","=""277/7""","=""287/8""","=""292/8""","=""301/9""","=""305/10""",N/A,N/A,N/A,N/A
Match 422,South Africa,England,"Wankhede Stadium, Mumbai",1,2023-10-21,"=""5/1""","=""5/1""","=""7/1""","=""12/1""","=""16/1""","=""18/1""","=""29/1""","=""39/1""","=""49/1""","=""59/1""","=""60/1""","=""70/1""","=""76/1""","=""83/1""","=""91/1""","=""104/1""","=""107/1""","=""117/1""","=""123/1""","=""126/2""","=""134/2""","=""140/2""","=""156/2""","=""161/2""","=""163/2""","=""165/3""","=""170/3""","=""178/3""","=""189/3""","=""192/3""","=""201/3""","=""208/3""","=""222/3""","=""227/3""","=""233/4""","=""239/4""","=""245/5""","=""249/5""","=""254/5""","=""256/5""","=""264/5""","=""275/5""","=""287/5""","=""306/5""","=""315/5""","=""333/5""","=""348/5""","=""368/5""","=""394/5""","=""399/7"""
Match 423,England,South Africa,"Wankhede Stadium, Mumbai",2,2023-10-21,"=""7/0""","=""14/0""","=""20/1""","=""23/2""","=""24/2""","=""29/3""","=""33/3""","=""38/3""","=""50/4""","=""67/4""","=""67/4""","=""70/6""","=""74/6""","=""81/6""","=""84/6""","=""94/7""","=""101/8""","=""118/8""","=""125/8""","=""135/8""","=""153/8""","=""170/9""",N/A,N/A,N/A,N/A,N/A,N/A,N/A,N/A,N/A,N/A,N/A,N/A,N/A,N/A,N/A,N/A,N/A,N/A,N/A,N/A,N/A,N/A,N/A,N/A,N/A,N/A,N/A,N/A
Match 424,New Zealand,India,"Himachal Pradesh Cricket Association Stadium, Dharamsala",1,2023-10-22,"=""0/0""","=""5/0""","=""9/0""","=""9/1""","=""11/1""","=""13/1""","=""18/1""","=""19/1""","=""26/2""","=""34/2""","=""40/2""","=""48/2""","=""53/2""","=""56/2""","=""61/2""","=""65/2""","=""72/2""","=""74/2""","=""90/2""","=""91/2""","=""100/2""","=""107/2""","=""110/2""","=""117/2""","=""125/2""","=""128/2""","=""131/2""","=""138/2""","=""141/2""","=""147/2""","=""160/2""","=""167/2""","=""173/2""","=""180/3""","=""187/3""","=""197/3""","=""205/4""","=""209/4""","=""214/4""","=""219/4""","=""222/4""","=""226/4""","=""232/4""","=""243/4""","=""245/5""","=""249/5""","=""257/6""","=""260/8""","=""263/8""","=""273/10"""
Match 425,India,New Zealand,"Himachal Pradesh Cricket Association Stadium, Dharamsala",2,2023-10-22,"=""4/0""","=""15/0""","=""22/0""","=""26/0""","=""32/0""","=""36/0""","=""48/0""","=""52/0""","=""53/0""","=""63/0""","=""71/0""","=""75/1""","=""76/1""","=""84/2""","=""91/2""","=""102/2""","=""106/2""","=""117/2""","=""119/2""","=""121/2""","=""127/2""","=""128/3""","=""129/3""","=""135/3""","=""140/3""","=""146/3""","=""147/3""","=""151/3""","=""160/3""","=""168/3""","=""174/3""","=""182/3""","=""186/4""","=""191/5""","=""192/5""","=""201/5""","=""208/5""","=""217/5""","=""222/5""","=""225/5""","=""230/5""","=""239/5""","=""243/5""","=""245/5""","=""248/5""","=""255/5""","=""267/5""","=""274/6""",N/A,N/A
Match 426,South Africa,Bangladesh,"Wankhede Stadium, Mumbai",1,2023-10-24,"=""6/0""","=""9/0""","=""14/0""","=""18/0""","=""25/0""","=""33/0""","=""35/1""","=""36/2""","=""41/2""","=""44/2""","=""49/2""","=""51/2""","=""56/2""","=""60/2""","=""67/2""","=""77/2""","=""80/2""","=""92/2""","=""98/2""","=""99/2""","=""104/2""","=""113/2""","=""116/2""","=""126/2""","=""131/2""","=""141/2""","=""143/2""","=""148/2""","=""157/2""","=""165/2""","=""169/3""","=""174/3""","=""184/3""","=""186/3""","=""196/3""","=""203/3""","=""208/3""","=""217/3""","=""227/3""","=""238/3""","=""248/3""","=""261/3""","=""283/3""","=""300/3""","=""309/3""","=""317/4""","=""337/4""","=""349/4""","=""368/4""","=""382/5"""
Match 427,Bangladesh,South Africa,"Wankhede Stadium, Mumbai",2,2023-10-24,"=""2/0""","=""7/0""","=""12/0""","=""14/0""","=""19/0""","=""30/0""","=""31/2""","=""32/3""","=""34/3""","=""35/3""","=""41/3""","=""46/4""","=""48/4""","=""55/4""","=""58/5""","=""63/5""","=""63/5""","=""64/5""","=""69/5""","=""72/5""","=""80/5""","=""81/6""","=""88/6""","=""89/6""","=""93/6""","=""96/6""","=""103/6""","=""114/6""","=""123/7""","=""125/7""","=""131/7""","=""133/7""","=""140/7""","=""143/7""","=""148/7""","=""158/7""","=""159/8""","=""166/8""","=""177/8""","=""184/8""","=""192/8""","=""200/8""","=""201/8""","=""211/8""","=""223/8""","=""228/9""","=""233/10""",N/A,N/A,N/A
Match 428,England,Sri Lanka,"M Chinnaswamy Stadium, Bengaluru",1,2023-10-26,"=""3/0""","=""7/0""","=""12/0""","=""27/0""","=""39/0""","=""44/0""","=""49/1""","=""52/1""","=""55/1""","=""59/2""","=""62/2""","=""66/2""","=""68/2""","=""71/3""","=""77/4""","=""80/4""","=""85/5""","=""85/5""","=""88/5""","=""89/5""","=""98/5""","=""108/5""","=""116/5""","=""119/5""","=""122/6""","=""123/7""","=""124/7""","=""130/7""","=""133/7""","=""137/7""","=""144/8""","=""147/9""","=""156/9""","=""156/10""",N/A,N/A,N/A,N/A,N/A,N/A,N/A,N/A,N/A,N/A,N/A,N/A,N/A,N/A,N/A,N/A
Match 429,Sri Lanka,England,"M Chinnaswamy Stadium, Bengaluru",2,2023-10-26,"=""5/0""","=""13/1""","=""15/1""","=""21/1""","=""23/1""","=""29/2""","=""38/2""","=""43/2""","=""51/2""","=""56/2""","=""64/2""","=""69/2""","=""72/2""","=""75/2""","=""87/2""","=""95/2""","=""103/2""","=""110/2""","=""113/2""","=""118/2""","=""124/2""","=""129/2""","=""135/2""","=""146/2""","=""152/2""","=""160/2""",N/A,N/A,N/A,N/A,N/A,N/A,N/A,N/A,N/A,N/A,N/A,N/A,N/A,N/A,N/A,N/A,N/A,N/A,N/A,N/A,N/A,N/A,N/A,N/A
Match 430,Pakistan,South Africa,"MA Chidambaram Stadium, Chepauk, Chennai",1,2023-10-27,"=""0/0""","=""6/0""","=""11/0""","=""20/0""","=""28/1""","=""38/1""","=""42/2""","=""44/2""","=""53/2""","=""58/2""","=""63/2""","=""70/2""","=""71/2""","=""77/2""","=""84/2""","=""86/3""","=""88/3""","=""90/3""","=""97/3""","=""102/3""","=""111/3""","=""113/3""","=""120/3""","=""124/3""","=""129/3""","=""134/4""","=""136/4""","=""141/5""","=""148/5""","=""151/5""","=""154/5""","=""162/5""","=""174/5""","=""183/5""","=""189/5""","=""198/5""","=""201/5""","=""214/5""","=""222/5""","=""225/6""","=""231/6""","=""239/6""","=""251/7""","=""259/7""","=""265/8""","=""268/9""","=""270/10""",N/A,N/A,N/A
Match 431,South Africa,Pakistan,"MA Chidambaram Stadium, Chepauk, Chennai",2,2023-10-27,"=""11/0""","=""30/0""","=""34/0""","=""35/1""","=""38/1""","=""39/1""","=""52/1""","=""57/1""","=""66/1""","=""67/2""","=""74/2""","=""85/2""","=""93/2""","=""102/2""","=""107/2""","=""110/2""","=""115/2""","=""118/2""","=""121/3""","=""125/3""","=""134/3""","=""136/4""","=""145/4""","=""146/4""","=""154/4""","=""161/4""","=""168/4""","=""180/4""","=""188/4""","=""191/4""","=""194/4""","=""199/4""","=""206/4""","=""208/5""","=""214/5""","=""224/5""","=""235/6""","=""237/6""","=""243/6""","=""249/6""","=""250/7""","=""251/8""","=""254/8""","=""256/8""","=""260/8""","=""263/9""","=""266/9""","=""271/9""",N/A,N/A
Match 432,Australia,New Zealand,"Himachal Pradesh Cricket Association Stadium, Dharamsala",1,2023-10-28,"=""8/0""","=""14/0""","=""36/0""","=""46/0""","=""60/0""","=""67/0""","=""86/0""","=""93/0""","=""108/0""","=""118/0""","=""124/0""","=""133/0""","=""144/0""","=""146/0""","=""151/0""","=""155/0""","=""158/0""","=""165/0""","=""175/0""","=""177/1""","=""187/1""","=""191/1""","=""200/1""","=""201/2""","=""206/2""","=""209/2""","=""215/2""","=""219/2""","=""227/2""","=""230/3""","=""233/3""","=""240/3""","=""246/3""","=""248/3""","=""254/3""","=""260/3""","=""266/4""","=""274/4""","=""279/5""","=""292/5""","=""295/5""","=""306/5""","=""322/5""","=""324/5""","=""329/6""","=""344/6""","=""360/6""","=""387/6""","=""388/9""","=""388/10"""
Match 433,New Zealand,Australia,"Himachal Pradesh Cricket Association Stadium, Dharamsala",2,2023-10-28,"=""12/0""","=""21/0""","=""29/0""","=""35/0""","=""46/0""","=""55/0""","=""60/0""","=""63/1""","=""67/1""","=""73/2""","=""79/2""","=""87/2""","=""93/2""","=""101/2""","=""107/2""","=""109/2""","=""120/2""","=""125/2""","=""129/2""","=""142/2""","=""149/2""","=""154/2""","=""159/2""","=""168/3""","=""171/3""","=""175/3""","=""177/3""","=""187/3""","=""198/3""","=""208/3""","=""221/3""","=""224/4""","=""236/4""","=""240/4""","=""244/4""","=""256/4""","=""265/5""","=""273/5""","=""283/5""","=""292/5""","=""296/6""","=""306/6""","=""314/6""","=""324/7""","=""331/7""","=""340/7""","=""346/8""","=""357/8""","=""370/8""","=""383/9"""
Match 434,India,England,"Bharat Ratna Shri Atal Bihari Vajpayee Ekana Cricket Stadium, Lucknow",1,2023-10-29,"=""0/0""","=""4/0""","=""22/0""","=""26/1""","=""27/1""","=""27/1""","=""28/2""","=""31/2""","=""31/2""","=""35/2""","=""39/2""","=""40/3""","=""42/3""","=""49/3""","=""50/3""","=""55/3""","=""62/3""","=""67/3""","=""70/3""","=""73/3""","=""78/3""","=""81/3""","=""81/3""","=""89/3""","=""100/3""","=""105/3""","=""116/3""","=""118/3""","=""125/3""","=""131/3""","=""137/4""","=""141/4""","=""145/4""","=""147/4""","=""155/4""","=""163/4""","=""165/5""","=""171/5""","=""172/5""","=""180/5""","=""183/6""","=""183/7""","=""190/7""","=""194/7""","=""195/7""","=""208/7""","=""214/8""","=""220/8""","=""225/8""","=""229/9"""
Match 435,England,India,"Bharat Ratna Shri Atal Bihari Vajpayee Ekana Cricket Stadium, Lucknow",2,2023-10-29,"=""4/0""","=""17/0""","=""20/0""","=""26/0""","=""30/2""","=""33/2""","=""33/2""","=""33/3""","=""39/3""","=""40/4""","=""41/4""","=""42/4""","=""45/4""","=""47/4""","=""52/4""","=""54/5""","=""61/5""","=""64/5""","=""67/5""","=""68/5""","=""72/5""","=""79/5""","=""81/5""","=""81/6""","=""84/6""","=""91/6""","=""94/6""","=""98/6""","=""98/7""","=""101/8""","=""102/8""","=""104/8""","=""112/8""","=""122/9""","=""129/10""",N/A,N/A,N/A,N/A,N/A,N/A,N/A,N/A,N/A,N/A,N/A,N/A,N/A,N/A,N/A
Match 436,Bangladesh,Pakistan,"Eden Gardens, Kolkata",1,2023-10-31,"=""0/1""","=""5/1""","=""6/2""","=""9/2""","=""10/2""","=""23/3""","=""27/3""","=""32/3""","=""36/3""","=""37/3""","=""48/3""","=""56/3""","=""61/3""","=""66/3""","=""66/3""","=""68/3""","=""75/3""","=""81/3""","=""85/3""","=""96/3""","=""102/4""","=""103/4""","=""104/4""","=""108/4""","=""109/4""","=""113/4""","=""117/4""","=""121/4""","=""124/4""","=""128/4""","=""133/5""","=""141/6""","=""145/6""","=""149/6""","=""153/6""","=""158/6""","=""172/6""","=""182/6""","=""183/6""","=""188/7""","=""191/7""","=""198/7""","=""200/7""","=""201/9""","=""204/9""","=""204/10""",N/A,N/A,N/A,N/A
Match 437,Pakistan,Bangladesh,"Eden Gardens, Kolkata",2,2023-10-31,"=""6/0""","=""6/0""","=""6/0""","=""16/0""","=""23/0""","=""28/0""","=""33/0""","=""42/0""","=""47/0""","=""52/0""","=""54/0""","=""65/0""","=""77/0""","=""84/0""","=""86/0""","=""91/0""","=""97/0""","=""105/0""","=""114/0""","=""124/0""","=""128/0""","=""132/1""","=""142/1""","=""151/1""","=""153/1""","=""165/2""","=""168/2""","=""171/3""","=""185/3""","=""191/3""","=""198/3""","=""203/3""","=""205/3""",N/A,N/A,N/A,N/A,N/A,N/A,N/A,N/A,N/A,N/A,N/A,N/A,N/A,N/A,N/A,N/A,N/A
Match 438,South Africa,New Zealand,"Maharashtra Cricket Association Stadium, Pune",1,2023-11-01,"=""2/0""","=""4/0""","=""6/0""","=""14/0""","=""15/0""","=""22/0""","=""29/0""","=""37/0""","=""38/1""","=""43/1""","=""47/1""","=""53/1""","=""57/1""","=""59/1""","=""61/1""","=""73/1""","=""76/1""","=""83/1""","=""93/1""","=""94/1""","=""106/1""","=""109/1""","=""114/1""","=""117/1""","=""124/1""","=""136/1""","=""138/1""","=""147/1""","=""154/1""","=""155/1""","=""162/1""","=""169/1""","=""179/1""","=""188/1""","=""194/1""","=""205/1""","=""214/1""","=""223/1""","=""230/1""","=""238/2""","=""242/2""","=""252/2""","=""258/2""","=""278/2""","=""290/2""","=""308/2""","=""316/2""","=""325/3""","=""339/3""","=""357/4"""
Match 439,New Zealand,South Africa,"Maharashtra Cricket Association Stadium, Pune",2,2023-11-01,"=""6/0""","=""6/0""","=""8/1""","=""14/1""","=""20/1""","=""25/1""","=""28/1""","=""38/1""","=""45/2""","=""51/2""","=""57/3""","=""57/3""","=""62/3""","=""64/3""","=""67/3""","=""69/4""","=""84/4""","=""90/4""","=""91/5""","=""91/5""","=""93/5""","=""95/5""","=""100/6""","=""106/6""","=""109/6""","=""109/7""","=""112/8""","=""119/8""","=""128/8""","=""132/8""","=""133/9""","=""134/9""","=""141/9""","=""146/9""","=""161/9""","=""167/10""",N/A,N/A,N/A,N/A,N/A,N/A,N/A,N/A,N/A,N/A,N/A,N/A,N/A,N/A
Match 440,India,Sri Lanka,"Wankhede Stadium, Mumbai",1,2023-11-02,"=""8/1""","=""8/1""","=""14/1""","=""14/1""","=""25/1""","=""33/1""","=""42/1""","=""47/1""","=""57/1""","=""60/1""","=""68/1""","=""72/1""","=""82/1""","=""85/1""","=""88/1""","=""97/1""","=""106/1""","=""113/1""","=""119/1""","=""120/1""","=""126/1""","=""132/1""","=""136/1""","=""140/1""","=""151/1""","=""162/1""","=""164/1""","=""172/1""","=""185/1""","=""193/2""","=""195/2""","=""199/3""","=""201/3""","=""214/3""","=""225/3""","=""239/3""","=""240/3""","=""248/3""","=""255/3""","=""264/4""","=""274/4""","=""279/5""","=""288/5""","=""295/5""","=""304/5""","=""309/5""","=""320/5""","=""339/6""","=""352/6""","=""357/8"""
Match 441,Sri Lanka,India,"Wankhede Stadium, Mumbai",2,2023-11-02,"=""2/1""","=""2/3""","=""3/3""","=""7/4""","=""7/4""","=""9/4""","=""12/4""","=""12/4""","=""14/4""","=""14/6""","=""21/6""","=""22/7""","=""29/7""","=""36/8""","=""37/8""","=""42/8""","=""43/8""","=""49/9""","=""51/9""","=""55/10""",N/A,N/A,N/A,N/A,N/A,N/A,N/A,N/A,N/A,N/A,N/A,N/A,N/A,N/A,N/A,N/A,N/A,N/A,N/A,N/A,N/A,N/A,N/A,N/A,N/A,N/A,N/A,N/A,N/A,N/A
Match 442,New Zealand,Pakistan,"M Chinnaswamy Stadium, Bengaluru",1,2023-11-04,"=""1/0""","=""6/0""","=""12/0""","=""21/0""","=""29/0""","=""34/0""","=""47/0""","=""56/0""","=""59/0""","=""66/0""","=""69/1""","=""77/1""","=""82/1""","=""90/1""","=""97/1""","=""103/1""","=""105/1""","=""112/1""","=""119/1""","=""125/1""","=""133/1""","=""137/1""","=""150/1""","=""153/1""","=""168/1""","=""173/1""","=""181/1""","=""187/1""","=""200/1""","=""211/1""","=""218/1""","=""236/1""","=""240/1""","=""246/1""","=""252/2""","=""261/3""","=""271/3""","=""284/3""","=""291/3""","=""307/3""","=""318/3""","=""326/4""","=""337/4""","=""343/4""","=""347/5""","=""360/5""","=""366/5""","=""376/5""","=""389/6""","=""401/6"""
Match 443,Pakistan,New Zealand,"M Chinnaswamy Stadium, Bengaluru",2,2023-11-04,"=""5/0""","=""6/1""","=""10/1""","=""12/1""","=""29/1""","=""32/1""","=""48/1""","=""56/1""","=""67/1""","=""75/1""","=""75/1""","=""78/1""","=""83/1""","=""91/1""","=""106/1""","=""110/1""","=""125/1""","=""127/1""","=""138/1""","=""152/1""","=""159/1""","=""160/1""","=""172/1""","=""179/1""","=""199/1""","=""200/1""",N/A,N/A,N/A,N/A,N/A,N/A,N/A,N/A,N/A,N/A,N/A,N/A,N/A,N/A,N/A,N/A,N/A,N/A,N/A,N/A,N/A,N/A,N/A,N/A
Match 444,Australia,England,"Narendra Modi Stadium, Ahmedabad",1,2023-11-04,"=""9/0""","=""14/1""","=""15/1""","=""26/1""","=""32/1""","=""39/2""","=""39/2""","=""41/2""","=""47/2""","=""48/2""","=""51/2""","=""58/2""","=""61/2""","=""64/2""","=""70/2""","=""76/2""","=""82/2""","=""88/2""","=""98/2""","=""101/2""","=""111/2""","=""114/3""","=""117/3""","=""119/4""","=""124/4""","=""129/4""","=""138/4""","=""146/4""","=""152/4""","=""153/4""","=""162/4""","=""166/4""","=""178/5""","=""181/5""","=""190/5""","=""197/5""","=""202/5""","=""210/5""","=""212/5""","=""220/5""","=""224/6""","=""226/6""","=""231/6""","=""243/7""","=""250/8""","=""257/8""","=""268/8""","=""276/8""","=""285/8""","=""286/10"""
Match 445,England,Australia,"Narendra Modi Stadium, Ahmedabad",2,2023-11-04,"=""8/1""","=""11/1""","=""14/1""","=""19/1""","=""20/2""","=""20/2""","=""25/2""","=""29/2""","=""31/2""","=""38/2""","=""44/2""","=""45/2""","=""50/2""","=""53/2""","=""58/2""","=""62/2""","=""70/2""","=""75/2""","=""79/2""","=""82/2""","=""92/2""","=""101/2""","=""103/3""","=""106/3""","=""106/3""","=""107/4""","=""116/4""","=""119/4""","=""125/4""","=""128/4""","=""138/4""","=""146/4""","=""152/4""","=""162/4""","=""169/4""","=""171/5""","=""174/6""","=""177/6""","=""186/6""","=""187/7""","=""198/7""","=""199/7""","=""212/7""","=""223/8""","=""226/8""","=""233/8""","=""243/8""","=""253/9""","=""253/10""",N/A
Match 446,India,South Africa,"Eden Gardens, Kolkata",1,2023-11-05,"=""5/0""","=""22/0""","=""35/0""","=""45/0""","=""61/0""","=""62/1""","=""68/1""","=""72/1""","=""82/1""","=""91/1""","=""94/2""","=""96/2""","=""99/2""","=""103/2""","=""105/2""","=""107/2""","=""111/2""","=""118/2""","=""121/2""","=""124/2""","=""127/2""","=""133/2""","=""134/2""","=""141/2""","=""143/2""","=""151/2""","=""153/2""","=""163/2""","=""170/2""","=""179/2""","=""193/2""","=""196/2""","=""199/2""","=""213/2""","=""219/2""","=""223/2""","=""227/3""","=""233/3""","=""236/3""","=""239/3""","=""243/3""","=""249/3""","=""253/4""","=""262/4""","=""278/4""","=""285/5""","=""293/5""","=""300/5""","=""309/5""","=""326/5"""
Match 447,South Africa,India,"Eden Gardens, Kolkata",2,2023-11-05,"=""2/0""","=""6/1""","=""7/1""","=""12/1""","=""17/1""","=""19/1""","=""21/1""","=""21/1""","=""27/2""","=""35/3""","=""36/3""","=""37/3""","=""40/4""","=""42/5""","=""52/5""","=""59/5""","=""64/6""","=""65/6""","=""68/7""","=""69/7""","=""70/7""","=""70/7""","=""70/7""","=""74/7""","=""78/7""","=""79/8""","=""83/9""","=""83/10""",N/A,N/A,N/A,N/A,N/A,N/A,N/A,N/A,N/A,N/A,N/A,N/A,N/A,N/A,N/A,N/A,N/A,N/A,N/A,N/A,N/A,N/A
Match 448,Sri Lanka,Bangladesh,"Arun Jaitley Stadium, Delhi",1,2023-11-06,"=""5/1""","=""6/1""","=""18/1""","=""18/1""","=""24/1""","=""29/1""","=""38/1""","=""43/1""","=""47/1""","=""52/1""","=""64/1""","=""69/2""","=""72/3""","=""76/3""","=""84/3""","=""87/3""","=""96/3""","=""105/3""","=""108/3""","=""113/3""","=""117/3""","=""125/3""","=""128/3""","=""131/3""","=""137/4""","=""140/4""","=""149/4""","=""152/4""","=""158/4""","=""162/4""","=""169/4""","=""172/4""","=""186/4""","=""191/4""","=""196/4""","=""198/4""","=""208/4""","=""213/5""","=""216/5""","=""223/5""","=""226/5""","=""229/5""","=""235/5""","=""248/5""","=""252/5""","=""258/6""","=""262/6""","=""270/6""","=""278/8""","=""279/9"""
Match 449,Bangladesh,Sri Lanka,"Arun Jaitley Stadium, Delhi",2,2023-11-06,"=""10/0""","=""17/0""","=""23/1""","=""28/1""","=""28/1""","=""41/1""","=""43/2""","=""48/2""","=""54/2""","=""57/2""","=""61/2""","=""71/2""","=""72/2""","=""75/2""","=""81/2""","=""90/2""","=""97/2""","=""108/2""","=""119/2""","=""123/2""","=""133/2""","=""140/2""","=""147/2""","=""153/2""","=""161/2""","=""168/2""","=""173/2""","=""181/2""","=""187/2""","=""206/2""","=""210/2""","=""210/3""","=""211/3""","=""216/4""","=""224/4""","=""232/4""","=""247/4""","=""255/5""","=""256/6""","=""268/6""","=""278/7""","=""282/7""",N/A,N/A,N/A,N/A,N/A,N/A,N/A,N/A
Match 450,Sri Lanka,New Zealand,"M Chinnaswamy Stadium, Bengaluru",1,2023-11-09,"=""1/0""","=""3/1""","=""15/1""","=""30/1""","=""34/3""","=""52/3""","=""61/3""","=""70/3""","=""70/4""","=""74/5""","=""78/5""","=""84/5""","=""85/5""","=""91/5""","=""95/5""","=""102/5""","=""104/6""","=""105/6""","=""105/7""","=""111/7""","=""112/7""","=""112/7""","=""113/7""","=""113/8""","=""114/8""","=""115/8""","=""124/8""","=""125/8""","=""125/8""","=""125/8""","=""128/8""","=""128/8""","=""132/9""","=""137/9""","=""140/9""","=""142/9""","=""144/9""","=""150/9""","=""153/9""","=""155/9""","=""159/9""","=""162/9""","=""163/9""","=""165/9""","=""167/9""","=""170/9""","=""171/10""",N/A,N/A,N/A
Match 451,New Zealand,Sri Lanka,"M Chinnaswamy Stadium, Bengaluru",2,2023-11-09,"=""4/0""","=""12/0""","=""16/0""","=""18/0""","=""32/0""","=""42/0""","=""51/0""","=""63/0""","=""65/0""","=""73/0""","=""80/0""","=""86/0""","=""86/1""","=""92/2""","=""103/2""","=""108/2""","=""118/2""","=""126/2""","=""132/3""","=""144/3""","=""150/4""","=""157/4""","=""164/5""","=""172/5""",N/A,N/A,N/A,N/A,N/A,N/A,N/A,N/A,N/A,N/A,N/A,N/A,N/A,N/A,N/A,N/A,N/A,N/A,N/A,N/A,N/A,N/A,N/A,N/A,N/A,N/A
Match 452,Bangladesh,Australia,"Maharashtra Cricket Association Stadium, Pune",1,2023-11-11,"=""0/0""","=""10/0""","=""13/0""","=""16/0""","=""20/0""","=""29/0""","=""35/0""","=""48/0""","=""54/0""","=""62/0""","=""75/0""","=""83/1""","=""84/1""","=""96/1""","=""99/1""","=""105/1""","=""106/2""","=""108/2""","=""109/2""","=""114/2""","=""123/2""","=""132/2""","=""136/2""","=""148/2""","=""161/2""","=""163/2""","=""168/2""","=""170/3""","=""171/3""","=""180/3""","=""183/3""","=""201/3""","=""203/3""","=""206/3""","=""213/3""","=""214/4""","=""217/4""","=""221/4""","=""228/4""","=""239/4""","=""241/4""","=""251/4""","=""257/5""","=""267/5""","=""271/5""","=""283/5""","=""290/6""","=""292/6""","=""303/6""","=""306/8"""
Match 453,Australia,Bangladesh,"Maharashtra Cricket Association Stadium, Pune",2,2023-11-11,"=""4/0""","=""6/0""","=""12/1""","=""25/1""","=""36/1""","=""38/1""","=""48/1""","=""49/1""","=""57/1""","=""58/1""","=""64/1""","=""76/1""","=""84/1""","=""90/1""","=""100/1""","=""103/1""","=""107/1""","=""110/1""","=""122/1""","=""125/1""","=""130/1""","=""132/1""","=""139/2""","=""145/2""","=""151/2""","=""164/2""","=""168/2""","=""174/2""","=""178/2""","=""179/2""","=""192/2""","=""202/2""","=""211/2""","=""217/2""","=""217/2""","=""231/2""","=""240/2""","=""249/2""","=""254/2""","=""264/2""","=""270/2""","=""284/2""","=""293/2""","=""299/2""","=""307/2""",N/A,N/A,N/A,N/A,N/A
Match 454,England,Pakistan,"Eden Gardens, Kolkata",1,2023-11-11,"=""0/0""","=""6/0""","=""8/0""","=""21/0""","=""26/0""","=""38/0""","=""49/0""","=""59/0""","=""68/0""","=""72/0""","=""74/0""","=""79/0""","=""82/0""","=""84/1""","=""90/1""","=""96/1""","=""102/1""","=""106/1""","=""110/2""","=""112/2""","=""118/2""","=""125/2""","=""128/2""","=""134/2""","=""140/2""","=""146/2""","=""158/2""","=""162/2""","=""166/2""","=""170/2""","=""177/2""","=""180/2""","=""186/2""","=""192/2""","=""204/2""","=""220/2""","=""221/2""","=""223/2""","=""235/2""","=""240/2""","=""246/3""","=""256/3""","=""257/4""","=""269/4""","=""289/4""","=""296/4""","=""304/5""","=""316/6""","=""322/7""","=""337/9"""
Match 455,Pakistan,England,"Eden Gardens, Kolkata",2,2023-11-11,"=""9/1""","=""10/1""","=""11/2""","=""17/2""","=""18/2""","=""28/2""","=""30/2""","=""35/2""","=""38/2""","=""43/2""","=""50/2""","=""52/2""","=""57/2""","=""61/3""","=""62/3""","=""64/3""","=""74/3""","=""75/3""","=""82/3""","=""89/3""","=""94/3""","=""100/3""","=""101/4""","=""104/4""","=""108/4""","=""115/4""","=""122/4""","=""126/5""","=""135/5""","=""145/5""","=""149/6""","=""156/7""","=""168/7""","=""171/7""","=""174/7""","=""177/7""","=""186/8""","=""191/9""","=""193/9""","=""209/9""","=""222/9""","=""231/9""","=""244/9""","=""244/10""",N/A,N/A,N/A,N/A,N/A,N/A
Match 456,India,New Zealand,"Wankhede Stadium, Mumbai",1,2023-11-15,"=""10/0""","=""18/0""","=""25/0""","=""38/0""","=""47/0""","=""58/0""","=""61/0""","=""70/0""","=""75/1""","=""84/1""","=""89/1""","=""92/1""","=""104/1""","=""114/1""","=""118/1""","=""121/1""","=""132/1""","=""138/1""","=""142/1""","=""150/1""","=""153/1""","=""157/1""","=""165/1""","=""173/1""","=""178/1""","=""181/1""","=""194/1""","=""197/1""","=""203/1""","=""214/1""","=""221/1""","=""226/1""","=""238/1""","=""248/1""","=""248/1""","=""265/1""","=""270/1""","=""275/1""","=""277/1""","=""287/1""","=""292/1""","=""303/1""","=""314/1""","=""327/2""","=""341/2""","=""347/2""","=""354/2""","=""366/2""","=""382/3""","=""397/4"""
Match 457,New Zealand,India,"Wankhede Stadium, Mumbai",2,2023-11-15,"=""8/0""","=""12/0""","=""19/0""","=""23/0""","=""30/0""","=""34/1""","=""35/1""","=""40/2""","=""40/2""","=""46/2""","=""54/2""","=""62/2""","=""72/2""","=""74/2""","=""87/2""","=""93/2""","=""104/2""","=""114/2""","=""118/2""","=""124/2""","=""133/2""","=""141/2""","=""148/2""","=""151/2""","=""161/2""","=""165/2""","=""174/2""","=""180/2""","=""188/2""","=""199/2""","=""213/2""","=""219/2""","=""220/4""","=""221/4""","=""224/4""","=""231/4""","=""236/4""","=""245/4""","=""257/4""","=""266/4""","=""286/4""","=""288/4""","=""295/5""","=""299/6""","=""306/6""","=""308/7""","=""313/7""","=""320/8""","=""327/10""",N/A
Match 458,South Africa,Australia,"Eden Gardens, Kolkata",1,2023-11-16,"=""1/1""","=""2/1""","=""4/1""","=""6/1""","=""8/1""","=""8/2""","=""8/2""","=""10/2""","=""17/2""","=""18/2""","=""22/3""","=""28/4""","=""32/4""","=""44/4""","=""46/4""","=""46/4""","=""55/4""","=""55/4""","=""62/4""","=""67/4""","=""68/4""","=""70/4""","=""71/4""","=""77/4""","=""79/4""","=""81/4""","=""95/4""","=""100/4""","=""108/4""","=""111/4""","=""119/6""","=""125/6""","=""127/6""","=""129/6""","=""134/6""","=""139/6""","=""141/6""","=""149/6""","=""154/6""","=""156/6""","=""160/6""","=""164/6""","=""171/6""","=""174/7""","=""182/7""","=""190/7""","=""196/8""","=""203/9""","=""210/9""","=""212/10"""
Match 459,Australia,South Africa,"Eden Gardens, Kolkata",2,2023-11-16,"=""5/0""","=""10/0""","=""17/0""","=""24/0""","=""39/0""","=""60/0""","=""60/1""","=""61/2""","=""68/2""","=""74/2""","=""77/2""","=""92/2""","=""98/2""","=""106/2""","=""109/3""","=""114/3""","=""116/3""","=""118/3""","=""119/3""","=""124/3""","=""130/3""","=""133/4""","=""134/4""","=""140/5""","=""141/5""","=""146/5""","=""150/5""","=""155/5""","=""156/5""","=""162/5""","=""165/5""","=""172/5""","=""174/5""","=""175/6""","=""177/6""","=""182/6""","=""184/6""","=""188/6""","=""190/6""","=""193/7""","=""195/7""","=""201/7""","=""203/7""","=""204/7""","=""206/7""","=""210/7""","=""211/7""","=""215/7""",N/A,N/A
Match 460,India,Australia,"Narendra Modi Stadium, Ahmedabad",1,2023-11-19,"=""3/0""","=""13/0""","=""18/0""","=""30/0""","=""37/1""","=""40/1""","=""54/1""","=""61/1""","=""66/1""","=""80/2""","=""82/3""","=""87/3""","=""89/3""","=""94/3""","=""97/3""","=""101/3""","=""104/3""","=""107/3""","=""113/3""","=""115/3""","=""119/3""","=""121/3""","=""125/3""","=""128/3""","=""131/3""","=""135/3""","=""142/3""","=""146/3""","=""149/4""","=""152/4""","=""158/4""","=""162/4""","=""165/4""","=""169/4""","=""173/4""","=""178/5""","=""179/5""","=""182/5""","=""192/5""","=""197/5""","=""200/5""","=""207/6""","=""211/6""","=""213/7""","=""215/8""","=""221/8""","=""223/8""","=""227/9""","=""232/9""","=""240/10"""
Match 461,Australia,India,"Narendra Modi Stadium, Ahmedabad",2,2023-11-19,"=""15/0""","=""28/1""","=""29/1""","=""41/1""","=""41/2""","=""42/2""","=""47/3""","=""47/3""","=""51/3""","=""60/3""","=""65/3""","=""68/3""","=""70/3""","=""74/3""","=""78/3""","=""87/3""","=""93/3""","=""95/3""","=""99/3""","=""104/3""","=""110/3""","=""117/3""","=""122/3""","=""127/3""","=""135/3""","=""144/3""","=""148/3""","=""162/3""","=""165/3""","=""167/3""","=""170/3""","=""172/3""","=""174/3""","=""185/3""","=""192/3""","=""195/3""","=""204/3""","=""214/3""","=""219/3""","=""225/3""","=""230/3""","=""231/3""","=""241/4""",N/A,N/A,N/A,N/A,N/A,N/A,N/A
Match 462,England,Australia,"Trent Bridge, Nottingham",1,2024-09-19,"=""3/0""","=""7/0""","=""11/0""","=""15/0""","=""23/0""","=""30/0""","=""46/0""","=""49/1""","=""57/1""","=""59/1""","=""62/1""","=""72/1""","=""75/1""","=""80/1""","=""89/1""","=""91/1""","=""100/1""","=""110/1""","=""119/1""","=""127/1""","=""136/1""","=""151/1""","=""157/1""","=""165/1""","=""170/2""","=""172/2""","=""175/2""","=""185/2""","=""188/2""","=""201/2""","=""204/2""","=""211/2""","=""214/3""","=""217/3""","=""232/4""","=""240/4""","=""248/4""","=""256/5""","=""261/5""","=""265/5""","=""269/5""","=""272/5""","=""272/6""","=""277/6""","=""278/7""","=""287/7""","=""291/8""","=""297/8""","=""304/8""","=""315/10"""
Match 463,Australia,England,"Trent Bridge, Nottingham",2,2024-09-19,"=""5/0""","=""6/0""","=""16/0""","=""22/1""","=""30/1""","=""46/1""","=""47/1""","=""60/1""","=""68/1""","=""69/1""","=""77/1""","=""79/1""","=""80/1""","=""91/1""","=""92/1""","=""102/2""","=""111/2""","=""113/2""","=""122/2""","=""125/2""","=""127/2""","=""134/2""","=""143/2""","=""152/2""","=""159/2""","=""169/2""","=""173/3""","=""181/3""","=""184/3""","=""190/3""","=""196/3""","=""200/3""","=""203/3""","=""220/3""","=""225/3""","=""233/3""","=""251/3""","=""263/3""","=""266/3""","=""276/3""","=""289/3""","=""295/3""","=""310/3""","=""317/3""",N/A,N/A,N/A,N/A,N/A,N/A
Match 464,Australia,England,"Headingley, Leeds",1,2024-09-21,"=""6/0""","=""7/0""","=""8/0""","=""10/0""","=""20/0""","=""26/0""","=""36/0""","=""41/0""","=""46/1""","=""59/1""","=""64/1""","=""64/2""","=""84/2""","=""89/3""","=""93/3""","=""95/3""","=""99/3""","=""103/3""","=""106/3""","=""107/3""","=""115/3""","=""123/3""","=""128/3""","=""143/3""","=""146/4""","=""150/4""","=""161/5""","=""162/6""","=""168/6""","=""173/6""","=""181/6""","=""182/6""","=""194/6""","=""205/6""","=""216/6""","=""219/8""","=""222/9""","=""223/9""","=""232/9""","=""238/9""","=""246/9""","=""248/9""","=""255/9""","=""262/9""","=""270/10""",N/A,N/A,N/A,N/A,N/A
Match 465,England,Australia,"Headingley, Leeds",2,2024-09-21,"=""8/0""","=""11/0""","=""22/0""","=""26/1""","=""28/2""","=""42/2""","=""46/3""","=""55/3""","=""65/3""","=""65/5""","=""75/5""","=""81/5""","=""88/5""","=""88/5""","=""94/5""","=""98/5""","=""106/5""","=""109/5""","=""110/5""","=""114/5""","=""120/5""","=""120/6""","=""128/6""","=""129/6""","=""136/6""","=""141/6""","=""144/6""","=""152/6""","=""157/6""","=""159/6""","=""164/7""","=""166/7""","=""174/7""","=""176/8""","=""178/8""","=""189/8""","=""192/8""","=""195/8""","=""199/8""","=""202/9""","=""202/10""",N/A,N/A,N/A,N/A,N/A,N/A,N/A,N/A,N/A
Match 466,Australia,England,"Riverside Ground, Chester-le-Street",1,2024-09-24,"=""6/0""","=""10/0""","=""12/0""","=""21/1""","=""22/1""","=""25/1""","=""26/1""","=""33/1""","=""37/1""","=""41/1""","=""47/2""","=""51/2""","=""56/2""","=""58/2""","=""62/2""","=""67/2""","=""73/2""","=""74/2""","=""78/2""","=""84/2""","=""95/2""","=""99/2""","=""108/2""","=""113/2""","=""120/2""","=""131/2""","=""131/3""","=""134/4""","=""139/4""","=""145/4""","=""157/4""","=""162/4""","=""168/4""","=""171/4""","=""172/5""","=""178/5""","=""185/5""","=""189/5""","=""196/5""","=""200/5""","=""212/5""","=""226/6""","=""230/6""","=""235/6""","=""244/6""","=""249/6""","=""266/6""","=""280/6""","=""294/6""","=""304/7"""
Match 467,England,Australia,"Riverside Ground, Chester-le-Street",2,2024-09-24,"=""0/0""","=""7/0""","=""11/2""","=""16/2""","=""23/2""","=""25/2""","=""31/2""","=""32/2""","=""39/2""","=""45/2""","=""47/2""","=""54/2""","=""62/2""","=""69/2""","=""77/2""","=""84/2""","=""87/2""","=""91/2""","=""99/2""","=""111/2""","=""114/2""","=""117/2""","=""136/2""","=""141/2""","=""151/2""","=""157/2""","=""165/2""","=""171/3""","=""176/3""","=""182/3""","=""189/3""","=""197/4""","=""204/4""","=""216/4""","=""229/4""","=""235/4""","=""246/4""","=""254/4""",N/A,N/A,N/A,N/A,N/A,N/A,N/A,N/A,N/A,N/A,N/A,N/A
Match 468,England,Australia,"Lord's, London",1,2024-09-27,"=""1/0""","=""1/0""","=""7/0""","=""14/0""","=""17/0""","=""23/0""","=""33/0""","=""35/0""","=""47/0""","=""49/1""","=""56/1""","=""63/1""","=""69/1""","=""72/2""","=""81/2""","=""92/2""","=""97/2""","=""109/2""","=""114/2""","=""123/2""","=""132/2""","=""145/2""","=""150/3""","=""156/3""","=""171/3""","=""183/3""","=""191/3""","=""201/3""","=""213/3""","=""224/3""","=""232/4""","=""241/5""","=""244/5""","=""252/5""","=""258/5""","=""269/5""","=""278/5""","=""284/5""","=""312/5""",N/A,N/A,N/A,N/A,N/A,N/A,N/A,N/A,N/A,N/A,N/A
Match 469,Australia,England,"Lord's, London",2,2024-09-27,"=""8/0""","=""15/0""","=""19/0""","=""25/0""","=""33/0""","=""41/0""","=""60/0""","=""66/0""","=""68/1""","=""75/2""","=""79/2""","=""82/3""","=""84/3""","=""89/3""","=""93/5""","=""96/6""","=""101/6""","=""103/6""","=""106/6""","=""111/6""","=""112/6""","=""119/7""","=""122/7""","=""122/9""","=""126/10""",N/A,N/A,N/A,N/A,N/A,N/A,N/A,N/A,N/A,N/A,N/A,N/A,N/A,N/A,N/A,N/A,N/A,N/A,N/A,N/A,N/A,N/A,N/A,N/A,N/A
Match 470,England,Australia,"County Ground, Bristol",1,2024-09-29,"=""12/0""","=""17/0""","=""23/0""","=""24/0""","=""34/0""","=""40/0""","=""58/1""","=""70/1""","=""70/2""","=""73/2""","=""77/2""","=""83/2""","=""87/2""","=""90/2""","=""102/2""","=""110/2""","=""128/2""","=""132/2""","=""144/2""","=""151/2""","=""163/2""","=""171/2""","=""178/2""","=""188/2""","=""202/3""","=""204/3""","=""211/3""","=""215/4""","=""218/5""","=""224/5""","=""228/5""","=""229/5""","=""231/5""","=""238/6""","=""243/6""","=""245/6""","=""248/6""","=""253/7""","=""255/7""","=""261/8""","=""264/8""","=""266/8""","=""273/8""","=""276/9""","=""285/9""","=""289/9""","=""292/9""","=""298/9""","=""308/9""","=""309/10"""
Match 471,Australia,England,"County Ground, Bristol",2,2024-09-29,"=""4/0""","=""7/0""","=""16/0""","=""32/0""","=""46/0""","=""66/0""","=""78/0""","=""84/1""","=""93/1""","=""103/1""","=""111/1""","=""113/1""","=""118/2""","=""122/2""","=""123/2""","=""125/2""","=""132/2""","=""133/2""","=""144/2""","=""158/2""","=""165/2""",N/A,N/A,N/A,N/A,N/A,N/A,N/A,N/A,N/A,N/A,N/A,N/A,N/A,N/A,N/A,N/A,N/A,N/A,N/A,N/A,N/A,N/A,N/A,N/A,N/A,N/A,N/A,N/A,N/A
Match 472,South Africa,India,"The Wanderers Stadium, Johannesburg",1,2023-12-17,"=""1/0""","=""3/2""","=""7/2""","=""10/2""","=""20/2""","=""24/2""","=""35/2""","=""42/3""","=""49/3""","=""52/4""","=""54/6""","=""56/6""","=""58/7""","=""60/7""","=""65/7""","=""73/7""","=""73/8""","=""76/8""","=""76/8""","=""87/8""","=""87/8""","=""89/8""","=""91/8""","=""99/8""","=""101/8""","=""105/9""","=""116/9""","=""116/10""",N/A,N/A,N/A,N/A,N/A,N/A,N/A,N/A,N/A,N/A,N/A,N/A,N/A,N/A,N/A,N/A,N/A,N/A,N/A,N/A,N/A,N/A
Match 473,India,South Africa,"The Wanderers Stadium, Johannesburg",2,2023-12-17,"=""6/0""","=""12/0""","=""17/0""","=""28/1""","=""28/1""","=""30/1""","=""37/1""","=""44/1""","=""55/1""","=""61/1""","=""66/1""","=""71/1""","=""80/1""","=""88/1""","=""96/1""","=""111/2""","=""117/2""",N/A,N/A,N/A,N/A,N/A,N/A,N/A,N/A,N/A,N/A,N/A,N/A,N/A,N/A,N/A,N/A,N/A,N/A,N/A,N/A,N/A,N/A,N/A,N/A,N/A,N/A,N/A,N/A,N/A,N/A,N/A,N/A,N/A
Match 474,India,South Africa,"St George's Park, Gqeberha",1,2023-12-19,"=""4/1""","=""4/1""","=""6/1""","=""13/1""","=""17/1""","=""22/1""","=""31/1""","=""36/1""","=""40/1""","=""46/1""","=""46/1""","=""48/2""","=""49/2""","=""50/2""","=""54/2""","=""56/2""","=""67/2""","=""70/2""","=""74/2""","=""84/2""","=""87/2""","=""91/2""","=""98/2""","=""109/2""","=""111/2""","=""113/2""","=""119/3""","=""125/3""","=""126/3""","=""131/3""","=""133/3""","=""136/4""","=""141/4""","=""147/4""","=""163/4""","=""168/5""","=""171/6""","=""172/6""","=""173/7""","=""177/7""","=""182/7""","=""183/7""","=""192/8""","=""202/8""","=""204/9""","=""211/9""","=""211/10""",N/A,N/A,N/A
Match 475,South Africa,India,"St George's Park, Gqeberha",2,2023-12-19,"=""5/0""","=""9/0""","=""13/0""","=""17/0""","=""17/0""","=""20/0""","=""29/0""","=""30/0""","=""37/0""","=""39/0""","=""43/0""","=""47/0""","=""53/0""","=""56/0""","=""62/0""","=""66/0""","=""74/0""","=""77/0""","=""84/0""","=""88/0""","=""100/0""","=""102/0""","=""105/0""","=""118/0""","=""126/0""","=""129/0""","=""129/0""","=""130/1""","=""147/1""","=""157/1""","=""160/1""","=""161/1""","=""165/1""","=""168/1""","=""174/1""","=""176/1""","=""187/1""","=""193/1""","=""202/1""","=""204/1""","=""205/1""","=""207/2""","=""215/2""",N/A,N/A,N/A,N/A,N/A,N/A,N/A
Match 476,India,South Africa,"Boland Park, Paarl",1,2023-12-21,"=""5/0""","=""17/0""","=""20/0""","=""24/0""","=""35/1""","=""41/1""","=""48/1""","=""50/2""","=""53/2""","=""59/2""","=""61/2""","=""68/2""","=""71/2""","=""77/2""","=""80/2""","=""84/2""","=""91/2""","=""95/2""","=""102/3""","=""102/3""","=""104/3""","=""104/3""","=""108/3""","=""111/3""","=""113/3""","=""116/3""","=""117/3""","=""121/3""","=""126/3""","=""132/3""","=""135/3""","=""139/3""","=""149/3""","=""156/3""","=""159/3""","=""165/3""","=""178/3""","=""185/3""","=""198/3""","=""203/3""","=""216/3""","=""222/4""","=""230/4""","=""235/4""","=""245/4""","=""249/5""","=""259/6""","=""270/6""","=""283/7""","=""296/8"""
Match 477,South Africa,India,"Boland Park, Paarl",2,2023-12-21,"=""2/0""","=""8/0""","=""21/0""","=""27/0""","=""36/0""","=""46/0""","=""54/0""","=""58/0""","=""59/1""","=""62/1""","=""64/1""","=""65/1""","=""72/1""","=""75/1""","=""76/2""","=""80/2""","=""83/2""","=""88/2""","=""92/2""","=""95/2""","=""101/2""","=""112/2""","=""116/2""","=""120/2""","=""135/2""","=""141/3""","=""144/3""","=""152/3""","=""159/3""","=""163/4""","=""169/4""","=""170/4""","=""176/5""","=""180/6""","=""186/6""","=""187/6""","=""190/6""","=""192/7""","=""195/7""","=""198/7""","=""200/7""","=""208/7""","=""210/8""","=""216/8""","=""216/9""","=""218/10""",N/A,N/A,N/A,N/A
Match 478,Bangladesh,New Zealand,"Saxton Oval, Nelson",1,2023-12-20,"=""4/0""","=""6/0""","=""10/0""","=""11/0""","=""15/1""","=""24/1""","=""36/1""","=""37/2""","=""40/2""","=""44/3""","=""46/3""","=""50/3""","=""58/3""","=""68/3""","=""71/3""","=""77/3""","=""80/4""","=""80/4""","=""83/4""","=""89/4""","=""93/4""","=""98/4""","=""103/4""","=""111/4""","=""115/4""","=""120/4""","=""125/4""","=""135/4""","=""140/4""","=""150/4""","=""156/4""","=""158/4""","=""164/4""","=""167/4""","=""171/5""","=""175/5""","=""179/5""","=""185/5""","=""187/5""","=""194/5""","=""204/5""","=""210/5""","=""223/5""","=""233/6""","=""243/6""","=""248/6""","=""260/6""","=""272/7""","=""289/7""","=""291/10"""
Match 479,New Zealand,Bangladesh,"Saxton Oval, Nelson",2,2023-12-20,"=""2/0""","=""4/0""","=""4/0""","=""10/0""","=""22/0""","=""30/0""","=""35/0""","=""44/0""","=""52/0""","=""61/0""","=""76/1""","=""81/1""","=""87/1""","=""87/1""","=""94/1""","=""99/1""","=""108/1""","=""111/1""","=""115/1""","=""120/1""","=""132/1""","=""134/1""","=""142/1""","=""146/1""","=""155/1""","=""160/1""","=""165/1""","=""167/1""","=""171/1""","=""179/1""","=""187/1""","=""191/1""","=""204/2""","=""209/2""","=""219/2""","=""227/2""","=""232/2""","=""237/2""","=""247/2""","=""254/2""","=""262/3""","=""266/3""","=""271/3""","=""280/3""","=""284/3""","=""289/3""","=""296/3""",N/A,N/A,N/A
Match 480,New Zealand,Bangladesh,"McLean Park, Napier",1,2023-12-23,"=""5/0""","=""10/0""","=""15/0""","=""16/1""","=""20/1""","=""20/1""","=""22/1""","=""23/2""","=""25/2""","=""27/2""","=""32/2""","=""34/2""","=""38/2""","=""44/2""","=""53/2""","=""56/2""","=""58/3""","=""60/3""","=""62/4""","=""63/4""","=""65/5""","=""70/5""","=""70/6""","=""73/6""","=""78/6""","=""80/6""","=""85/7""","=""86/7""","=""86/8""","=""96/8""","=""98/9""","=""98/10""",N/A,N/A,N/A,N/A,N/A,N/A,N/A,N/A,N/A,N/A,N/A,N/A,N/A,N/A,N/A,N/A,N/A,N/A
Match 481,Bangladesh,New Zealand,"McLean Park, Napier",2,2023-12-23,"=""3/0""","=""4/0""","=""8/0""","=""10/0""","=""17/1""","=""31/1""","=""35/1""","=""40/1""","=""43/1""","=""57/1""","=""74/1""","=""80/1""","=""84/2""","=""88/2""","=""97/2""","=""99/2""",N/A,N/A,N/A,N/A,N/A,N/A,N/A,N/A,N/A,N/A,N/A,N/A,N/A,N/A,N/A,N/A,N/A,N/A,N/A,N/A,N/A,N/A,N/A,N/A,N/A,N/A,N/A,N/A,N/A,N/A,N/A,N/A,N/A,N/A
Match 482,Bangladesh,Sri Lanka,Pallekele International Cricket Stadium,1,2023-08-31,"=""4/0""","=""4/1""","=""8/1""","=""11/1""","=""12/1""","=""18/1""","=""23/1""","=""25/2""","=""31/2""","=""34/2""","=""37/3""","=""42/3""","=""50/3""","=""55/3""","=""62/3""","=""64/3""","=""68/3""","=""69/3""","=""70/3""","=""75/3""","=""79/3""","=""83/3""","=""88/3""","=""95/4""","=""97/4""","=""102/4""","=""114/4""","=""115/4""","=""117/4""","=""121/4""","=""125/4""","=""126/4""","=""127/5""","=""131/5""","=""135/5""","=""140/5""","=""145/6""","=""148/6""","=""157/6""","=""160/6""","=""162/7""","=""163/8""","=""164/10""",N/A,N/A,N/A,N/A,N/A,N/A,N/A
Match 483,Sri Lanka,Bangladesh,Pallekele International Cricket Stadium,2,2023-08-31,"=""4/0""","=""13/0""","=""13/1""","=""16/2""","=""26/2""","=""31/2""","=""33/2""","=""36/2""","=""42/2""","=""44/3""","=""49/3""","=""50/3""","=""54/3""","=""58/3""","=""61/3""","=""66/3""","=""69/3""","=""77/3""","=""88/3""","=""90/3""","=""93/3""","=""100/3""","=""108/3""","=""114/3""","=""114/3""","=""115/3""","=""117/3""","=""121/3""","=""121/3""","=""123/4""","=""128/5""","=""132/5""","=""134/5""","=""138/5""","=""143/5""","=""145/5""","=""150/5""","=""158/5""","=""165/5""",N/A,N/A,N/A,N/A,N/A,N/A,N/A,N/A,N/A,N/A,N/A
Match 484,India,Pakistan,Pallekele International Cricket Stadium,1,2023-09-02,"=""6/0""","=""9/0""","=""14/0""","=""15/0""","=""15/1""","=""26/1""","=""30/2""","=""42/2""","=""42/2""","=""48/3""","=""51/3""","=""58/3""","=""63/3""","=""66/3""","=""72/4""","=""83/4""","=""89/4""","=""92/4""","=""94/4""","=""102/4""","=""108/4""","=""112/4""","=""117/4""","=""121/4""","=""127/4""","=""134/4""","=""135/4""","=""140/4""","=""147/4""","=""149/4""","=""156/4""","=""160/4""","=""168/4""","=""178/4""","=""183/4""","=""187/4""","=""203/4""","=""204/5""","=""209/5""","=""221/5""","=""226/5""","=""237/5""","=""239/5""","=""242/7""","=""246/8""","=""252/8""","=""257/8""","=""261/8""","=""266/10""",N/A
Match 485,Bangladesh,Pakistan,"Gaddafi Stadium, Lahore",1,2023-09-06,"=""0/0""","=""4/1""","=""13/1""","=""26/1""","=""31/2""","=""36/2""","=""44/2""","=""46/3""","=""47/3""","=""49/4""","=""53/4""","=""58/4""","=""65/4""","=""67/4""","=""72/4""","=""78/4""","=""83/4""","=""87/4""","=""91/4""","=""99/4""","=""105/4""","=""111/4""","=""114/4""","=""116/4""","=""120/4""","=""131/4""","=""139/4""","=""142/4""","=""147/4""","=""150/5""","=""152/5""","=""160/5""","=""163/5""","=""174/5""","=""176/6""","=""182/6""","=""190/6""","=""192/8""","=""193/10""",N/A,N/A,N/A,N/A,N/A,N/A,N/A,N/A,N/A,N/A,N/A
Match 486,Pakistan,Bangladesh,"Gaddafi Stadium, Lahore",2,2023-09-06,"=""8/0""","=""8/0""","=""11/0""","=""12/0""","=""15/0""","=""21/0""","=""33/0""","=""34/0""","=""35/0""","=""37/1""","=""44/1""","=""52/1""","=""57/1""","=""59/1""","=""74/1""","=""74/2""","=""85/2""","=""88/2""","=""89/2""","=""90/2""","=""93/2""","=""96/2""","=""102/2""","=""105/2""","=""114/2""","=""120/2""","=""123/2""","=""132/2""","=""139/2""","=""142/2""","=""147/2""","=""148/2""","=""159/3""","=""165/3""","=""167/3""","=""168/3""","=""173/3""","=""180/3""","=""188/3""","=""194/3""",N/A,N/A,N/A,N/A,N/A,N/A,N/A,N/A,N/A,N/A
Match 487,Sri Lanka,Bangladesh,"R Premadasa Stadium, Colombo",1,2023-09-09,"=""8/0""","=""16/0""","=""18/0""","=""21/0""","=""26/0""","=""35/1""","=""39/1""","=""47/1""","=""48/1""","=""51/1""","=""55/1""","=""59/1""","=""62/1""","=""65/1""","=""70/1""","=""73/1""","=""80/1""","=""82/1""","=""85/1""","=""85/1""","=""91/1""","=""103/1""","=""108/1""","=""109/2""","=""113/2""","=""121/3""","=""123/3""","=""125/3""","=""128/3""","=""131/3""","=""140/3""","=""144/4""","=""145/4""","=""150/4""","=""153/4""","=""161/4""","=""164/4""","=""171/5""","=""173/5""","=""176/5""","=""183/5""","=""193/5""","=""202/5""","=""206/5""","=""217/5""","=""222/5""","=""226/6""","=""237/6""","=""246/7""","=""257/9"""
Match 488,Bangladesh,Sri Lanka,"R Premadasa Stadium, Colombo",2,2023-09-09,"=""3/0""","=""12/0""","=""20/0""","=""27/0""","=""28/0""","=""29/0""","=""37/0""","=""39/0""","=""45/0""","=""47/0""","=""55/0""","=""57/1""","=""59/1""","=""60/2""","=""65/2""","=""73/3""","=""74/3""","=""80/3""","=""84/4""","=""84/4""","=""85/4""","=""91/4""","=""91/4""","=""94/4""","=""101/4""","=""104/4""","=""107/4""","=""112/4""","=""117/4""","=""124/4""","=""129/4""","=""132/4""","=""135/4""","=""139/4""","=""149/4""","=""152/4""","=""154/4""","=""160/5""","=""173/5""","=""177/5""","=""180/5""","=""183/6""","=""190/6""","=""200/8""","=""209/8""","=""216/8""","=""224/9""","=""236/9""","=""236/10""",N/A
Match 489,India,Pakistan,"R Premadasa Stadium, Colombo",1,2023-09-10,"=""6/0""","=""11/0""","=""23/0""","=""24/0""","=""37/0""","=""37/0""","=""38/0""","=""47/0""","=""53/0""","=""61/0""","=""69/0""","=""77/0""","=""96/0""","=""103/0""","=""115/0""","=""118/0""","=""122/1""","=""124/2""","=""131/2""","=""135/2""","=""137/2""","=""140/2""","=""140/2""","=""146/2""","=""150/2""","=""152/2""","=""155/2""","=""163/2""","=""167/2""","=""175/2""","=""186/2""","=""193/2""","=""204/2""","=""211/2""","=""225/2""","=""228/2""","=""231/2""","=""237/2""","=""243/2""","=""251/2""","=""255/2""","=""264/2""","=""280/2""","=""286/2""","=""300/2""","=""307/2""","=""319/2""","=""330/2""","=""338/2""","=""356/2"""
Match 490,Pakistan,India,"R Premadasa Stadium, Colombo",2,2023-09-10,"=""5/0""","=""11/0""","=""15/0""","=""17/0""","=""17/1""","=""20/1""","=""21/1""","=""30/1""","=""38/1""","=""43/1""","=""44/2""","=""47/3""","=""48/3""","=""56/3""","=""65/3""","=""68/3""","=""69/3""","=""71/3""","=""77/3""","=""79/4""","=""83/4""","=""84/4""","=""93/4""","=""96/5""","=""101/5""","=""104/5""","=""108/5""","=""111/6""","=""115/6""","=""119/7""","=""121/7""","=""128/8""",N/A,N/A,N/A,N/A,N/A,N/A,N/A,N/A,N/A,N/A,N/A,N/A,N/A,N/A,N/A,N/A,N/A,N/A
Match 491,India,Sri Lanka,"R Premadasa Stadium, Colombo",1,2023-09-12,"=""7/0""","=""10/0""","=""13/0""","=""17/0""","=""25/0""","=""31/0""","=""43/0""","=""44/0""","=""48/0""","=""65/0""","=""80/0""","=""82/1""","=""90/1""","=""90/2""","=""91/2""","=""93/3""","=""97/3""","=""103/3""","=""107/3""","=""109/3""","=""111/3""","=""116/3""","=""118/3""","=""123/3""","=""128/3""","=""131/3""","=""134/3""","=""145/3""","=""149/3""","=""154/4""","=""156/4""","=""165/4""","=""168/4""","=""170/4""","=""171/5""","=""172/6""","=""174/6""","=""175/6""","=""178/7""","=""180/7""","=""184/7""","=""186/7""","=""186/9""","=""190/9""","=""191/9""","=""194/9""","=""197/9""","=""208/9""","=""212/9""","=""213/10"""
Match 492,Sri Lanka,India,"R Premadasa Stadium, Colombo",2,2023-09-12,"=""7/0""","=""7/0""","=""7/1""","=""15/1""","=""21/1""","=""21/1""","=""25/2""","=""26/3""","=""31/3""","=""39/3""","=""42/3""","=""44/3""","=""47/3""","=""52/3""","=""56/3""","=""62/3""","=""67/3""","=""69/4""","=""73/4""","=""79/5""","=""80/5""","=""84/5""","=""93/5""","=""95/5""","=""99/5""","=""104/6""","=""108/6""","=""111/6""","=""122/6""","=""125/6""","=""133/6""","=""138/6""","=""148/6""","=""152/6""","=""154/6""","=""156/6""","=""157/6""","=""162/7""","=""168/7""","=""170/7""","=""172/8""","=""172/10""",N/A,N/A,N/A,N/A,N/A,N/A,N/A,N/A
Match 493,Pakistan,Sri Lanka,"R Premadasa Stadium, Colombo",1,2023-09-14,"=""0/0""","=""2/0""","=""6/0""","=""9/0""","=""13/1""","=""19/1""","=""27/1""","=""35/1""","=""36/1""","=""40/1""","=""48/1""","=""56/1""","=""58/1""","=""68/1""","=""72/1""","=""73/2""","=""75/2""","=""83/2""","=""86/2""","=""88/2""","=""97/2""","=""100/3""","=""103/3""","=""108/4""","=""109/4""","=""122/4""","=""128/4""","=""133/5""","=""135/5""","=""138/5""","=""145/5""","=""150/5""","=""168/5""","=""178/5""","=""184/5""","=""192/5""","=""197/5""","=""209/5""","=""221/5""","=""235/5""","=""242/6""","=""252/7""",N/A,N/A,N/A,N/A,N/A,N/A,N/A,N/A
Match 494,Sri Lanka,Pakistan,"R Premadasa Stadium, Colombo",2,2023-09-14,"=""11/0""","=""11/0""","=""16/0""","=""28/1""","=""32/1""","=""36/1""","=""43/1""","=""56/1""","=""57/1""","=""62/1""","=""65/1""","=""70/1""","=""77/1""","=""83/2""","=""89/2""","=""96/2""","=""97/2""","=""111/2""","=""116/2""","=""124/2""","=""132/2""","=""134/2""","=""139/2""","=""145/2""","=""149/2""","=""154/2""","=""160/2""","=""167/2""","=""175/2""","=""179/3""","=""187/3""","=""194/3""","=""196/3""","=""208/3""","=""210/3""","=""216/4""","=""219/4""","=""224/5""","=""232/5""","=""240/5""","=""244/7""","=""252/8""",N/A,N/A,N/A,N/A,N/A,N/A,N/A,N/A
Match 495,Bangladesh,India,"R Premadasa Stadium, Colombo",1,2023-09-15,"=""5/0""","=""13/0""","=""15/1""","=""20/2""","=""24/2""","=""29/3""","=""29/3""","=""34/3""","=""36/3""","=""44/3""","=""49/3""","=""50/3""","=""58/3""","=""59/4""","=""62/4""","=""65/4""","=""68/4""","=""71/4""","=""72/4""","=""78/4""","=""81/4""","=""83/4""","=""97/4""","=""101/4""","=""108/4""","=""124/4""","=""125/4""","=""127/4""","=""133/4""","=""137/4""","=""147/4""","=""157/4""","=""160/4""","=""161/5""","=""162/6""","=""169/6""","=""169/6""","=""172/6""","=""179/6""","=""188/6""","=""193/6""","=""197/7""","=""210/7""","=""217/7""","=""223/7""","=""232/7""","=""237/7""","=""242/8""","=""253/8""","=""265/8"""
Match 496,India,Bangladesh,"R Premadasa Stadium, Colombo",2,2023-09-15,"=""3/1""","=""13/1""","=""17/2""","=""22/2""","=""23/2""","=""24/2""","=""27/2""","=""38/2""","=""38/2""","=""42/2""","=""46/2""","=""54/2""","=""64/2""","=""65/2""","=""71/2""","=""73/2""","=""74/2""","=""74/3""","=""81/3""","=""89/3""","=""91/3""","=""94/3""","=""94/3""","=""98/4""","=""106/4""","=""109/4""","=""113/4""","=""115/4""","=""117/4""","=""126/4""","=""133/4""","=""137/4""","=""141/5""","=""146/5""","=""149/5""","=""163/5""","=""169/5""","=""171/6""","=""183/6""","=""188/6""","=""195/6""","=""198/6""","=""202/6""","=""210/7""","=""222/7""","=""228/7""","=""235/7""","=""249/7""","=""254/9""","=""259/10"""
Match 497,Sri Lanka,India,"R Premadasa Stadium, Colombo",1,2023-09-17,"=""7/1""","=""7/1""","=""8/1""","=""12/5""","=""12/5""","=""13/6""","=""17/6""","=""18/6""","=""30/6""","=""31/6""","=""33/6""","=""39/7""","=""40/8""","=""49/8""","=""50/8""","=""50/10""",N/A,N/A,N/A,N/A,N/A,N/A,N/A,N/A,N/A,N/A,N/A,N/A,N/A,N/A,N/A,N/A,N/A,N/A,N/A,N/A,N/A,N/A,N/A,N/A,N/A,N/A,N/A,N/A,N/A,N/A,N/A,N/A,N/A,N/A
Match 498,India,Sri Lanka,"R Premadasa Stadium, Colombo",2,2023-09-17,"=""7/0""","=""17/0""","=""32/0""","=""34/0""","=""45/0""","=""50/0""","=""51/0""",N/A,N/A,N/A,N/A,N/A,N/A,N/A,N/A,N/A,N/A,N/A,N/A,N/A,N/A,N/A,N/A,N/A,N/A,N/A,N/A,N/A,N/A,N/A,N/A,N/A,N/A,N/A,N/A,N/A,N/A,N/A,N/A,N/A,N/A,N/A,N/A,N/A,N/A,N/A,N/A,N/A,N/A,N/A
Match 499,Australia,India,"Punjab Cricket Association IS Bindra Stadium, Mohali, Chandigarh",1,2023-09-22,"=""5/1""","=""5/1""","=""9/1""","=""9/1""","=""19/1""","=""26/1""","=""27/1""","=""31/1""","=""40/1""","=""42/1""","=""44/1""","=""51/1""","=""58/1""","=""63/1""","=""78/1""","=""82/1""","=""86/1""","=""98/1""","=""101/2""","=""107/2""","=""111/2""","=""114/3""","=""118/3""","=""121/3""","=""126/3""","=""131/3""","=""133/3""","=""137/3""","=""148/3""","=""151/3""","=""155/3""","=""156/3""","=""158/4""","=""163/4""","=""165/4""","=""167/4""","=""171/4""","=""177/4""","=""184/4""","=""187/5""","=""192/5""","=""204/5""","=""214/5""","=""226/5""","=""230/5""","=""238/5""","=""250/6""","=""253/7""","=""263/9""","=""276/10"""
Match 500,India,Australia,"Punjab Cricket Association IS Bindra Stadium, Mohali, Chandigarh",2,2023-09-22,"=""6/0""","=""13/0""","=""20/0""","=""31/0""","=""33/0""","=""41/0""","=""43/0""","=""43/0""","=""55/0""","=""66/0""","=""68/0""","=""70/0""","=""83/0""","=""95/0""","=""99/0""","=""101/0""","=""110/0""","=""120/0""","=""125/0""","=""129/0""","=""136/0""","=""143/1""","=""147/1""","=""148/2""","=""151/2""","=""156/3""","=""158/3""","=""165/3""","=""168/3""","=""178/3""","=""179/3""","=""184/3""","=""185/4""","=""190/4""","=""196/4""","=""201/4""","=""205/4""","=""211/4""","=""214/4""","=""223/4""","=""229/4""","=""234/4""","=""242/4""","=""247/4""","=""253/4""","=""263/4""","=""265/5""","=""270/5""","=""281/5""",N/A
Match 501,India,Australia,"Holkar Cricket Stadium, Indore",1,2023-09-24,"=""13/0""","=""14/0""","=""15/0""","=""17/1""","=""26/1""","=""37/1""","=""47/1""","=""54/1""","=""68/1""","=""80/1""","=""91/1""","=""96/1""","=""100/1""","=""111/1""","=""117/1""","=""128/1""","=""131/1""","=""137/1""","=""147/1""","=""158/1""","=""164/1""","=""168/1""","=""173/1""","=""179/1""","=""187/1""","=""190/1""","=""194/1""","=""198/1""","=""202/1""","=""210/1""","=""216/2""","=""225/2""","=""230/2""","=""235/2""","=""249/3""","=""260/3""","=""271/3""","=""276/3""","=""289/3""","=""296/3""","=""306/4""","=""309/4""","=""311/4""","=""337/4""","=""345/4""","=""355/5""","=""372/5""","=""384/5""","=""389/5""","=""399/5"""
Match 502,Australia,India,"Holkar Cricket Stadium, Indore",2,2023-09-24,"=""9/0""","=""10/2""","=""12/2""","=""22/2""","=""26/2""","=""40/2""","=""43/2""","=""49/2""","=""56/2""","=""63/2""","=""69/2""","=""82/2""","=""90/3""","=""100/3""","=""102/5""","=""116/5""","=""120/5""","=""127/5""","=""128/6""","=""136/7""","=""140/8""","=""149/8""","=""162/8""","=""178/8""","=""188/8""","=""199/8""","=""205/8""","=""217/9""","=""217/10""",N/A,N/A,N/A,N/A,N/A,N/A,N/A,N/A,N/A,N/A,N/A,N/A,N/A,N/A,N/A,N/A,N/A,N/A,N/A,N/A,N/A
Match 503,Australia,India,"Saurashtra Cricket Association Stadium, Rajkot",1,2023-09-27,"=""5/0""","=""7/0""","=""21/0""","=""37/0""","=""44/0""","=""46/0""","=""65/0""","=""78/0""","=""84/1""","=""90/1""","=""97/1""","=""104/1""","=""113/1""","=""119/1""","=""120/1""","=""128/1""","=""131/1""","=""136/1""","=""143/1""","=""146/1""","=""148/1""","=""157/1""","=""176/1""","=""181/1""","=""188/1""","=""196/1""","=""202/1""","=""215/2""","=""222/2""","=""230/2""","=""237/2""","=""242/3""","=""244/3""","=""250/3""","=""254/3""","=""261/3""","=""267/4""","=""276/4""","=""281/5""","=""286/5""","=""291/5""","=""294/5""","=""303/6""","=""309/6""","=""317/6""","=""326/6""","=""334/6""","=""340/6""","=""345/7""","=""352/7"""
Match 504,India,Australia,"Saurashtra Cricket Association Stadium, Rajkot",2,2023-09-27,"=""6/0""","=""8/0""","=""18/0""","=""23/0""","=""32/0""","=""43/0""","=""56/0""","=""59/0""","=""66/0""","=""72/0""","=""74/1""","=""78/1""","=""84/1""","=""88/1""","=""91/1""","=""102/1""","=""106/1""","=""115/1""","=""125/1""","=""135/1""","=""144/2""","=""149/2""","=""151/2""","=""156/2""","=""159/2""","=""168/2""","=""171/3""","=""172/3""","=""179/3""","=""185/3""","=""196/3""","=""203/3""","=""206/3""","=""212/3""","=""221/3""","=""224/4""","=""232/4""","=""243/5""","=""249/6""","=""251/6""","=""255/6""","=""257/7""","=""258/7""","=""266/7""","=""269/7""","=""272/8""","=""273/8""","=""280/8""","=""286/9""","=""286/10"""
Match 505,New Zealand,Bangladesh,"Shere Bangla National Stadium, Mirpur",1,2023-09-21,"=""2/0""","=""6/0""","=""6/0""","=""9/0""","=""14/0""","=""14/0""","=""16/1""","=""16/1""","=""19/2""","=""26/2""","=""30/2""","=""36/2""","=""41/2""","=""45/2""","=""49/2""","=""51/2""","=""57/2""","=""65/2""","=""69/2""","=""71/2""","=""75/2""","=""77/2""","=""80/2""","=""87/2""","=""97/2""","=""103/2""","=""107/2""","=""114/3""","=""114/3""","=""122/3""","=""123/5""","=""127/5""","=""130/5""","=""136/5""",N/A,N/A,N/A,N/A,N/A,N/A,N/A,N/A,N/A,N/A,N/A,N/A,N/A,N/A,N/A,N/A
Match 506,New Zealand,Bangladesh,"Shere Bangla National Stadium, Mirpur",1,2023-09-23,"=""5/0""","=""10/0""","=""17/1""","=""17/1""","=""17/1""","=""26/1""","=""32/2""","=""36/3""","=""41/3""","=""41/3""","=""49/3""","=""56/3""","=""63/3""","=""70/3""","=""73/3""","=""76/3""","=""83/3""","=""89/3""","=""94/3""","=""98/3""","=""103/3""","=""106/3""","=""112/3""","=""115/3""","=""123/3""","=""130/3""","=""131/4""","=""140/4""","=""151/4""","=""157/4""","=""158/5""","=""162/5""","=""165/5""","=""167/6""","=""173/6""","=""177/6""","=""179/6""","=""187/6""","=""188/7""","=""189/7""","=""198/7""","=""208/7""","=""214/7""","=""216/7""","=""219/8""","=""226/8""","=""230/8""","=""240/8""","=""248/9""","=""254/10"""
Match 507,Bangladesh,New Zealand,"Shere Bangla National Stadium, Mirpur",2,2023-09-23,"=""1/0""","=""2/0""","=""4/0""","=""14/0""","=""17/0""","=""19/1""","=""28/1""","=""42/1""","=""48/1""","=""54/1""","=""60/3""","=""61/3""","=""65/3""","=""70/3""","=""72/4""","=""78/4""","=""87/4""","=""90/4""","=""93/5""","=""102/5""","=""104/5""","=""107/5""","=""109/5""","=""109/5""","=""112/5""","=""118/5""","=""127/5""","=""133/5""","=""134/5""","=""136/6""","=""141/6""","=""142/6""","=""144/6""","=""147/6""","=""149/6""","=""149/7""","=""153/7""","=""153/8""","=""159/8""","=""166/8""","=""168/9""","=""168/10""",N/A,N/A,N/A,N/A,N/A,N/A,N/A,N/A
Match 508,Bangladesh,New Zealand,"Shere Bangla National Stadium, Mirpur",1,2023-09-26,"=""6/0""","=""8/1""","=""14/2""","=""24/2""","=""29/2""","=""35/3""","=""40/3""","=""48/3""","=""54/3""","=""62/3""","=""64/3""","=""67/3""","=""76/3""","=""82/3""","=""88/3""","=""92/4""","=""95/4""","=""100/4""","=""105/4""","=""109/4""","=""112/4""","=""118/4""","=""127/4""","=""137/4""","=""140/5""","=""147/5""","=""152/5""","=""156/6""","=""157/6""","=""164/6""","=""168/6""","=""169/7""","=""169/8""","=""171/9""","=""171/10""",N/A,N/A,N/A,N/A,N/A,N/A,N/A,N/A,N/A,N/A,N/A,N/A,N/A,N/A,N/A
Match 509,New Zealand,Bangladesh,"Shere Bangla National Stadium, Mirpur",2,2023-09-26,"=""12/0""","=""12/0""","=""12/0""","=""18/0""","=""24/0""","=""28/0""","=""33/0""","=""39/0""","=""48/0""","=""49/2""","=""54/2""","=""59/2""","=""62/2""","=""70/2""","=""71/2""","=""78/2""","=""84/2""","=""86/2""","=""91/2""","=""93/2""","=""94/2""","=""95/2""","=""98/2""","=""101/2""","=""105/2""","=""116/2""","=""118/2""","=""128/2""","=""130/2""","=""133/3""","=""134/3""","=""142/3""","=""155/3""","=""166/3""","=""175/3""",N/A,N/A,N/A,N/A,N/A,N/A,N/A,N/A,N/A,N/A,N/A,N/A,N/A,N/A,N/A
Match 510,New Zealand,Bangladesh,"University Oval, Dunedin",1,2023-12-17,"=""5/2""","=""10/2""","=""14/2""","=""20/2""","=""24/2""","=""25/2""","=""25/2""","=""30/2""","=""35/2""","=""37/2""","=""43/2""","=""53/2""","=""56/2""","=""63/2""","=""65/2""","=""77/2""","=""87/2""","=""94/2""","=""104/2""","=""111/2""","=""124/2""","=""134/2""","=""149/2""","=""159/2""","=""176/2""","=""187/3""","=""201/3""","=""219/3""","=""231/4""","=""239/7""",N/A,N/A,N/A,N/A,N/A,N/A,N/A,N/A,N/A,N/A,N/A,N/A,N/A,N/A,N/A,N/A,N/A,N/A,N/A,N/A
Match 511,Bangladesh,New Zealand,"University Oval, Dunedin",2,2023-12-17,"=""2/1""","=""5/1""","=""11/1""","=""20/1""","=""30/1""","=""44/1""","=""48/2""","=""52/2""","=""64/2""","=""71/2""","=""76/2""","=""83/3""","=""89/3""","=""92/4""","=""96/4""","=""103/4""","=""109/5""","=""125/5""","=""135/5""","=""138/5""","=""146/5""","=""157/5""","=""161/6""","=""165/7""","=""169/7""","=""174/8""","=""177/8""","=""193/8""","=""197/8""","=""200/9""",N/A,N/A,N/A,N/A,N/A,N/A,N/A,N/A,N/A,N/A,N/A,N/A,N/A,N/A,N/A,N/A,N/A,N/A,N/A,N/A
Match 512,Zimbabwe,Ireland,Harare Sports Club,1,2023-12-13,"=""6/0""","=""18/0""","=""18/0""","=""31/0""","=""32/0""","=""32/1""","=""39/1""","=""42/1""","=""45/1""","=""48/1""","=""55/2""","=""58/2""","=""61/2""","=""67/2""","=""70/2""","=""75/2""","=""78/2""","=""79/3""","=""80/3""","=""82/5""","=""85/5""","=""96/5""","=""100/5""","=""109/5""","=""121/5""","=""121/6""",N/A,N/A,N/A,N/A,N/A,N/A,N/A,N/A,N/A,N/A,N/A,N/A,N/A,N/A,N/A,N/A,N/A,N/A,N/A,N/A,N/A,N/A,N/A,N/A
Match 513,Zimbabwe,Ireland,Harare Sports Club,1,2023-12-15,"=""2/0""","=""11/0""","=""15/0""","=""16/3""","=""16/3""","=""19/4""","=""21/4""","=""24/4""","=""25/4""","=""26/4""","=""33/4""","=""34/4""","=""46/4""","=""51/4""","=""55/4""","=""62/4""","=""63/4""","=""64/4""","=""65/5""","=""67/5""","=""68/5""","=""70/6""","=""75/6""","=""75/6""","=""75/6""","=""84/6""","=""92/6""","=""96/6""","=""105/6""","=""109/6""","=""118/6""","=""121/6""","=""122/6""","=""124/6""","=""130/6""","=""133/7""","=""140/7""","=""144/8""","=""148/8""","=""148/9""","=""150/9""","=""157/9""","=""166/10""",N/A,N/A,N/A,N/A,N/A,N/A,N/A
Match 514,Ireland,Zimbabwe,Harare Sports Club,2,2023-12-15,"=""5/1""","=""7/1""","=""13/1""","=""13/1""","=""15/1""","=""17/1""","=""25/1""","=""26/1""","=""29/1""","=""29/2""","=""44/2""","=""52/2""","=""53/2""","=""56/2""","=""60/2""","=""62/2""","=""67/2""","=""70/2""","=""80/2""","=""85/3""","=""87/3""","=""88/3""","=""91/3""","=""96/3""","=""101/3""","=""103/3""","=""109/3""","=""113/3""","=""119/3""","=""124/4""","=""125/4""","=""132/4""","=""134/5""","=""137/5""","=""139/5""","=""143/5""","=""146/5""","=""154/5""","=""162/5""","=""166/6""","=""170/6""",N/A,N/A,N/A,N/A,N/A,N/A,N/A,N/A,N/A
Match 515,Zimbabwe,Ireland,Harare Sports Club,1,2023-12-17,"=""0/0""","=""7/1""","=""7/1""","=""10/1""","=""12/1""","=""19/1""","=""24/1""","=""26/1""","=""34/1""","=""34/1""","=""41/1""","=""43/1""","=""45/1""","=""52/2""","=""56/3""","=""57/3""","=""61/3""","=""65/3""","=""70/3""","=""78/3""","=""85/3""","=""95/3""","=""100/3""","=""106/3""","=""113/3""","=""120/3""","=""123/3""","=""125/5""","=""128/5""","=""139/5""","=""147/5""","=""151/6""","=""156/6""","=""160/7""","=""171/8""","=""175/8""","=""183/8""","=""188/9""","=""190/9""","=""197/10""",N/A,N/A,N/A,N/A,N/A,N/A,N/A,N/A,N/A,N/A
Match 516,Ireland,Zimbabwe,Harare Sports Club,2,2023-12-17,"=""1/0""","=""11/0""","=""18/1""","=""19/1""","=""24/1""","=""33/1""","=""39/1""","=""44/1""","=""48/1""","=""50/1""","=""59/1""","=""64/1""","=""69/1""","=""75/1""","=""78/1""","=""80/1""","=""83/2""","=""86/2""","=""92/2""","=""95/2""","=""97/2""","=""101/2""","=""105/2""","=""108/2""","=""114/2""","=""121/2""","=""126/2""","=""131/2""","=""137/2""","=""142/2""","=""147/3""","=""152/3""","=""164/3""","=""167/3""","=""173/3""","=""182/3""","=""192/3""","=""204/3""",N/A,N/A,N/A,N/A,N/A,N/A,N/A,N/A,N/A,N/A,N/A,N/A
Match 517,Sri Lanka,Zimbabwe,"R Premadasa Stadium, Colombo",1,2024-01-06,"=""0/1""","=""13/1""","=""19/1""","=""25/1""","=""34/1""","=""43/1""","=""46/1""","=""57/1""","=""63/2""","=""64/2""","=""70/2""","=""77/2""","=""83/2""","=""87/2""","=""92/2""","=""96/2""","=""104/2""","=""108/2""","=""112/3""","=""113/3""","=""124/3""","=""126/4""","=""132/4""","=""135/4""","=""139/4""","=""141/4""","=""150/4""","=""154/4""","=""155/4""","=""161/4""","=""164/5""","=""171/5""","=""174/5""","=""179/5""","=""183/5""","=""185/5""","=""185/6""","=""189/6""","=""197/6""","=""199/6""","=""207/6""","=""208/7""","=""217/7""","=""223/7""","=""229/7""","=""240/7""","=""244/7""","=""257/7""","=""267/8""","=""273/9"""
Match 518,Zimbabwe,Sri Lanka,"R Premadasa Stadium, Colombo",2,2024-01-06,"=""1/0""","=""1/0""","=""5/2""","=""12/2""",N/A,N/A,N/A,N/A,N/A,N/A,N/A,N/A,N/A,N/A,N/A,N/A,N/A,N/A,N/A,N/A,N/A,N/A,N/A,N/A,N/A,N/A,N/A,N/A,N/A,N/A,N/A,N/A,N/A,N/A,N/A,N/A,N/A,N/A,N/A,N/A,N/A,N/A,N/A,N/A,N/A,N/A,N/A,N/A,N/A,N/A
Match 519,Zimbabwe,Sri Lanka,"R Premadasa Stadium, Colombo",1,2024-01-08,"=""1/1""","=""4/1""","=""8/1""","=""15/1""","=""16/1""","=""28/1""","=""38/1""","=""41/1""","=""45/1""","=""50/1""","=""57/1""","=""61/2""","=""64/2""","=""65/2""","=""66/2""","=""71/2""","=""72/2""","=""78/2""","=""87/2""","=""91/2""","=""100/2""","=""106/2""","=""110/2""","=""113/2""","=""115/3""","=""126/4""","=""128/4""","=""134/4""","=""144/4""","=""149/4""","=""150/4""","=""158/4""","=""158/4""","=""168/4""","=""175/4""","=""178/4""","=""183/5""","=""187/5""","=""190/6""","=""191/6""","=""199/6""","=""202/7""","=""202/9""","=""208/9""","=""208/10""",N/A,N/A,N/A,N/A,N/A
Match 520,Sri Lanka,Zimbabwe,"R Premadasa Stadium, Colombo",2,2024-01-08,"=""8/1""","=""16/1""","=""16/2""","=""18/2""","=""18/2""","=""22/2""","=""31/2""","=""34/2""","=""36/2""","=""41/2""","=""43/2""","=""45/2""","=""49/2""","=""51/3""","=""53/3""","=""53/4""","=""57/4""","=""59/4""","=""63/4""","=""65/4""","=""67/4""","=""72/4""","=""75/4""","=""81/4""","=""88/4""","=""90/4""","=""90/5""","=""98/5""","=""105/5""","=""111/5""","=""112/6""","=""120/6""","=""122/6""","=""131/6""","=""136/6""","=""150/6""","=""153/6""","=""158/6""","=""160/6""","=""164/6""","=""167/6""","=""170/7""","=""178/8""","=""180/8""","=""187/8""","=""191/8""","=""195/8""","=""198/8""","=""211/8""",N/A
Match 521,Zimbabwe,Sri Lanka,"R Premadasa Stadium, Colombo",1,2024-01-11,"=""8/0""","=""14/0""","=""18/0""","=""22/0""","=""29/0""","=""34/0""","=""34/0""","=""41/0""","=""43/1""","=""44/1""","=""47/3""","=""48/3""","=""48/4""","=""56/4""","=""58/4""","=""67/5""","=""67/6""","=""77/7""","=""80/7""","=""85/7""","=""87/7""","=""94/8""","=""96/10""",N/A,N/A,N/A,N/A,N/A,N/A,N/A,N/A,N/A,N/A,N/A,N/A,N/A,N/A,N/A,N/A,N/A,N/A,N/A,N/A,N/A,N/A,N/A,N/A,N/A,N/A,N/A
Match 522,Sri Lanka,Zimbabwe,"R Premadasa Stadium, Colombo",2,2024-01-11,"=""4/1""","=""12/1""","=""28/1""","=""34/1""","=""35/1""","=""40/1""","=""43/1""","=""49/1""","=""51/1""","=""58/1""","=""65/1""","=""72/1""","=""75/2""","=""80/2""","=""86/2""","=""91/2""","=""97/2""",N/A,N/A,N/A,N/A,N/A,N/A,N/A,N/A,N/A,N/A,N/A,N/A,N/A,N/A,N/A,N/A,N/A,N/A,N/A,N/A,N/A,N/A,N/A,N/A,N/A,N/A,N/A,N/A,N/A,N/A,N/A,N/A,N/A
Match 523,Sri Lanka,Bangladesh,"Zahur Ahmed Chowdhury Stadium, Chattogram",1,2024-03-13,"=""2/0""","=""14/0""","=""21/0""","=""21/0""","=""32/0""","=""41/0""","=""52/0""","=""61/0""","=""68/0""","=""71/1""","=""72/1""","=""74/2""","=""84/2""","=""88/3""","=""88/3""","=""92/3""","=""93/3""","=""95/3""","=""102/3""","=""103/3""","=""110/3""","=""117/3""","=""120/3""","=""120/3""","=""127/3""","=""130/4""","=""140/4""","=""142/4""","=""146/4""","=""151/4""","=""161/4""","=""167/4""","=""174/4""","=""177/4""","=""186/4""","=""193/4""","=""199/5""","=""204/5""","=""215/5""","=""220/5""","=""223/6""","=""224/6""","=""225/7""","=""230/7""","=""238/7""","=""244/7""","=""249/8""","=""254/8""","=""255/10""",N/A
Match 524,Bangladesh,Sri Lanka,"Zahur Ahmed Chowdhury Stadium, Chattogram",2,2024-03-13,"=""0/1""","=""14/1""","=""15/2""","=""18/2""","=""23/2""","=""27/3""","=""35/3""","=""36/3""","=""49/3""","=""55/3""","=""59/3""","=""67/3""","=""73/3""","=""81/3""","=""92/3""","=""94/4""","=""100/4""","=""110/4""","=""113/4""","=""118/4""","=""120/4""","=""128/4""","=""137/4""","=""140/4""","=""146/4""","=""153/4""","=""155/4""","=""159/4""","=""165/4""","=""167/4""","=""173/4""","=""178/4""","=""189/4""","=""190/4""","=""199/4""","=""204/4""","=""211/4""","=""218/4""","=""223/4""","=""232/4""","=""236/4""","=""243/4""","=""245/4""","=""252/4""","=""257/4""",N/A,N/A,N/A,N/A,N/A
Match 525,Bangladesh,Sri Lanka,"Zahur Ahmed Chowdhury Stadium, Chattogram",1,2024-03-15,"=""0/1""","=""11/1""","=""13/1""","=""22/1""","=""29/1""","=""41/1""","=""45/1""","=""50/1""","=""55/1""","=""64/1""","=""69/1""","=""73/1""","=""78/2""","=""84/2""","=""93/2""","=""98/2""","=""103/2""","=""110/2""","=""113/2""","=""122/2""","=""130/2""","=""130/4""","=""132/4""","=""135/4""","=""141/4""","=""144/4""","=""146/4""","=""151/4""","=""153/4""","=""160/4""","=""173/4""","=""176/5""","=""178/5""","=""180/5""","=""187/5""","=""189/6""","=""193/6""","=""196/6""","=""201/6""","=""206/6""","=""211/6""","=""217/6""","=""224/6""","=""227/6""","=""232/6""","=""236/6""","=""242/7""","=""254/7""","=""271/7""","=""286/7"""
Match 526,Sri Lanka,Bangladesh,"Zahur Ahmed Chowdhury Stadium, Chattogram",2,2024-03-15,"=""4/1""","=""15/1""","=""20/1""","=""31/1""","=""42/1""","=""43/2""","=""49/3""","=""53/3""","=""57/3""","=""60/3""","=""67/3""","=""72/3""","=""74/3""","=""81/3""","=""85/3""","=""86/3""","=""94/3""","=""104/3""","=""114/3""","=""117/3""","=""121/3""","=""128/3""","=""130/3""","=""137/3""","=""140/3""","=""150/3""","=""162/3""","=""165/3""","=""167/3""","=""182/3""","=""192/3""","=""201/3""","=""211/3""","=""215/3""","=""217/3""","=""223/3""","=""230/4""","=""235/5""","=""238/5""","=""247/5""","=""251/5""","=""254/6""","=""257/6""","=""262/6""","=""265/6""","=""274/6""","=""285/7""","=""287/7""",N/A,N/A
Match 527,Sri Lanka,Bangladesh,"Zahur Ahmed Chowdhury Stadium, Chattogram",1,2024-03-18,"=""1/0""","=""3/1""","=""11/1""","=""15/2""","=""17/2""","=""23/2""","=""25/2""","=""25/2""","=""35/2""","=""39/2""","=""43/3""","=""49/3""","=""51/3""","=""58/3""","=""67/3""","=""72/3""","=""74/3""","=""80/4""","=""81/4""","=""90/4""","=""92/4""","=""96/4""","=""104/4""","=""113/4""","=""117/5""","=""125/5""","=""125/5""","=""126/5""","=""127/5""","=""134/5""","=""136/6""","=""142/6""","=""150/6""","=""154/6""","=""154/7""","=""158/7""","=""162/7""","=""165/7""","=""166/7""","=""174/7""","=""176/7""","=""177/7""","=""185/7""","=""192/7""","=""196/7""","=""205/7""","=""213/7""","=""218/8""","=""228/8""","=""235/10"""
Match 528,Bangladesh,Sri Lanka,"Zahur Ahmed Chowdhury Stadium, Chattogram",2,2024-03-18,"=""1/0""","=""7/0""","=""9/0""","=""24/0""","=""24/0""","=""37/0""","=""43/0""","=""50/0""","=""52/1""","=""56/1""","=""60/2""","=""62/2""","=""71/2""","=""73/2""","=""76/2""","=""78/2""","=""79/2""","=""84/2""","=""94/2""","=""96/2""","=""104/2""","=""105/3""","=""113/3""","=""122/4""","=""125/4""","=""131/5""","=""137/5""","=""138/5""","=""146/5""","=""148/5""","=""153/5""","=""158/5""","=""161/5""","=""173/5""","=""176/5""","=""178/5""","=""194/6""","=""202/6""","=""209/6""","=""233/6""","=""237/6""",N/A,N/A,N/A,N/A,N/A,N/A,N/A,N/A,N/A
Match 529,Pakistan,Australia,Melbourne Cricket Ground,1,2024-11-04,"=""0/0""","=""3/0""","=""5/1""","=""5/1""","=""12/1""","=""22/1""","=""24/2""","=""32/2""","=""32/2""","=""35/2""","=""43/2""","=""45/2""","=""47/2""","=""49/2""","=""51/2""","=""59/2""","=""62/2""","=""67/3""","=""70/4""","=""71/4""","=""72/4""","=""76/4""","=""76/4""","=""81/4""","=""89/4""","=""97/4""","=""101/5""","=""103/5""","=""105/5""","=""108/5""","=""112/5""","=""117/6""","=""124/6""","=""128/6""","=""130/6""","=""144/6""","=""148/7""","=""152/7""","=""159/7""","=""169/7""","=""172/7""","=""175/7""","=""182/8""","=""183/9""","=""184/9""","=""202/9""","=""203/10""",N/A,N/A,N/A
Match 530,Australia,Pakistan,Melbourne Cricket Ground,2,2024-11-04,"=""4/0""","=""18/0""","=""21/1""","=""28/2""","=""36/2""","=""42/2""","=""45/2""","=""54/2""","=""59/2""","=""61/2""","=""68/2""","=""72/2""","=""78/2""","=""93/2""","=""105/2""","=""107/2""","=""117/3""","=""123/3""","=""130/3""","=""139/4""","=""147/6""","=""148/6""","=""151/6""","=""154/6""","=""155/6""","=""167/7""","=""170/7""","=""173/7""","=""181/7""","=""185/8""","=""196/8""","=""197/8""","=""199/8""","=""204/8""",N/A,N/A,N/A,N/A,N/A,N/A,N/A,N/A,N/A,N/A,N/A,N/A,N/A,N/A,N/A,N/A
Match 531,Australia,Pakistan,Adelaide Oval,1,2024-11-08,"=""8/0""","=""20/0""","=""21/1""","=""26/1""","=""32/1""","=""41/1""","=""46/2""","=""47/2""","=""52/2""","=""59/2""","=""61/2""","=""70/2""","=""78/2""","=""82/3""","=""85/3""","=""88/4""","=""88/4""","=""92/4""","=""93/4""","=""95/4""","=""101/5""","=""106/5""","=""111/5""","=""118/5""","=""120/5""","=""123/6""","=""126/6""","=""130/7""","=""131/8""","=""132/8""","=""145/8""","=""146/9""","=""147/9""","=""161/9""","=""163/10""",N/A,N/A,N/A,N/A,N/A,N/A,N/A,N/A,N/A,N/A,N/A,N/A,N/A,N/A,N/A
Match 532,Pakistan,Australia,Adelaide Oval,2,2024-11-08,"=""8/0""","=""10/0""","=""16/0""","=""19/0""","=""20/0""","=""26/0""","=""26/0""","=""34/0""","=""39/0""","=""47/0""","=""58/0""","=""72/0""","=""78/0""","=""86/0""","=""90/0""","=""104/0""","=""112/0""","=""122/0""","=""130/0""","=""137/0""","=""137/1""","=""140/1""","=""143/1""","=""148/1""","=""159/1""","=""163/1""","=""169/1""",N/A,N/A,N/A,N/A,N/A,N/A,N/A,N/A,N/A,N/A,N/A,N/A,N/A,N/A,N/A,N/A,N/A,N/A,N/A,N/A,N/A,N/A,N/A
Match 533,Australia,Pakistan,Perth Stadium,1,2024-11-10,"=""12/0""","=""18/0""","=""20/0""","=""22/1""","=""22/1""","=""36/1""","=""41/2""","=""47/2""","=""48/2""","=""54/2""","=""57/3""","=""59/3""","=""65/3""","=""72/4""","=""74/4""","=""78/4""","=""79/5""","=""81/6""","=""87/6""","=""87/6""","=""90/7""","=""94/7""","=""101/7""","=""107/7""","=""111/7""","=""113/7""","=""118/8""","=""120/8""","=""125/8""","=""133/8""","=""140/8""","=""140/10""",N/A,N/A,N/A,N/A,N/A,N/A,N/A,N/A,N/A,N/A,N/A,N/A,N/A,N/A,N/A,N/A,N/A,N/A
Match 534,Pakistan,Australia,Perth Stadium,2,2024-11-10,"=""2/0""","=""7/0""","=""11/0""","=""17/0""","=""22/0""","=""22/0""","=""27/0""","=""37/0""","=""38/0""","=""47/0""","=""51/0""","=""59/0""","=""61/0""","=""71/0""","=""75/0""","=""80/0""","=""84/0""","=""85/2""","=""89/2""","=""94/2""","=""97/2""","=""101/2""","=""110/2""","=""120/2""","=""123/2""","=""137/2""","=""143/2""",N/A,N/A,N/A,N/A,N/A,N/A,N/A,N/A,N/A,N/A,N/A,N/A,N/A,N/A,N/A,N/A,N/A,N/A,N/A,N/A,N/A,N/A,N/A
Match 535,South Africa,Ireland,"Zayed Cricket Stadium, Abu Dhabi",1,2024-10-02,"=""4/0""","=""11/0""","=""14/0""","=""17/0""","=""22/0""","=""27/0""","=""31/1""","=""36/2""","=""39/3""","=""39/3""","=""40/3""","=""41/3""","=""48/3""","=""49/3""","=""51/3""","=""57/3""","=""60/3""","=""71/3""","=""77/3""","=""81/3""","=""84/3""","=""92/3""","=""99/3""","=""101/3""","=""112/3""","=""117/3""","=""135/3""","=""142/3""","=""146/3""","=""159/3""","=""166/3""","=""170/3""","=""178/3""","=""186/3""","=""192/4""","=""198/5""","=""200/5""","=""202/6""","=""206/6""","=""208/6""","=""211/6""","=""213/7""","=""220/7""","=""225/7""","=""231/8""","=""235/8""","=""241/8""","=""252/8""","=""260/9""","=""271/9"""
Match 536,Ireland,South Africa,"Zayed Cricket Stadium, Abu Dhabi",2,2024-10-02,"=""3/1""","=""8/1""","=""12/1""","=""19/1""","=""23/1""","=""23/1""","=""33/1""","=""37/1""","=""38/2""","=""43/2""","=""52/3""","=""58/3""","=""59/4""","=""61/5""","=""63/5""","=""65/5""","=""70/5""","=""75/5""","=""83/5""","=""86/5""","=""93/6""","=""96/6""","=""99/6""","=""104/6""","=""107/7""","=""112/8""","=""113/8""","=""114/8""","=""115/9""","=""125/9""","=""131/9""","=""132/10""",N/A,N/A,N/A,N/A,N/A,N/A,N/A,N/A,N/A,N/A,N/A,N/A,N/A,N/A,N/A,N/A,N/A,N/A
Match 537,South Africa,Ireland,"Zayed Cricket Stadium, Abu Dhabi",1,2024-10-04,"=""4/0""","=""6/0""","=""13/0""","=""21/0""","=""29/0""","=""33/0""","=""38/0""","=""42/0""","=""44/0""","=""61/0""","=""64/0""","=""68/1""","=""72/1""","=""78/2""","=""82/2""","=""94/2""","=""99/2""","=""101/2""","=""108/2""","=""117/2""","=""122/2""","=""130/2""","=""133/2""","=""137/3""","=""142/3""","=""149/3""","=""154/3""","=""162/3""","=""167/3""","=""177/3""","=""179/3""","=""188/3""","=""193/3""","=""202/3""","=""213/3""","=""222/3""","=""230/3""","=""239/3""","=""241/4""","=""246/4""","=""250/4""","=""256/4""","=""265/4""","=""273/4""","=""282/4""","=""300/4""","=""307/4""","=""323/4""","=""337/5""","=""343/5"""
Match 538,Ireland,South Africa,"Zayed Cricket Stadium, Abu Dhabi",2,2024-10-04,"=""1/0""","=""3/1""","=""10/2""","=""16/2""","=""24/2""","=""32/2""","=""38/2""","=""41/2""","=""48/4""","=""50/5""","=""63/5""","=""64/5""","=""66/6""","=""69/6""","=""74/6""","=""77/6""","=""79/6""","=""86/7""","=""90/7""","=""93/7""","=""94/7""","=""103/7""","=""113/8""","=""118/9""","=""123/9""","=""130/9""","=""139/9""","=""144/9""","=""153/9""","=""167/9""","=""169/10""",N/A,N/A,N/A,N/A,N/A,N/A,N/A,N/A,N/A,N/A,N/A,N/A,N/A,N/A,N/A,N/A,N/A,N/A,N/A
Match 539,Ireland,South Africa,"Zayed Cricket Stadium, Abu Dhabi",1,2024-10-07,"=""5/0""","=""5/0""","=""10/0""","=""16/0""","=""20/0""","=""20/0""","=""27/0""","=""36/0""","=""37/0""","=""37/0""","=""43/0""","=""45/0""","=""53/0""","=""58/0""","=""67/0""","=""70/0""","=""74/0""","=""79/0""","=""90/0""","=""93/0""","=""96/0""","=""99/0""","=""101/0""","=""108/1""","=""114/1""","=""124/1""","=""133/1""","=""140/1""","=""141/1""","=""149/1""","=""152/1""","=""159/1""","=""165/2""","=""174/2""","=""179/3""","=""185/3""","=""189/3""","=""194/3""","=""198/3""","=""212/3""","=""218/3""","=""228/3""","=""233/4""","=""242/4""","=""244/5""","=""253/5""","=""260/5""","=""274/5""","=""279/8""","=""284/9"""
Match 540,South Africa,Ireland,"Zayed Cricket Stadium, Abu Dhabi",2,2024-10-07,"=""4/1""","=""6/1""","=""8/1""","=""10/2""","=""10/3""","=""18/3""","=""21/3""","=""32/3""","=""42/3""","=""48/3""","=""50/3""","=""51/3""","=""59/4""","=""61/4""","=""68/4""","=""68/4""","=""71/4""","=""71/4""","=""76/4""","=""79/5""","=""85/5""","=""88/5""","=""97/5""","=""102/5""","=""103/5""","=""107/5""","=""114/5""","=""115/5""","=""127/6""","=""133/6""","=""136/6""","=""144/6""","=""151/6""","=""152/6""","=""159/6""","=""159/7""","=""161/7""","=""165/7""","=""176/8""","=""181/8""","=""188/8""","=""191/8""","=""209/8""","=""209/8""","=""209/9""","=""214/9""","=""215/10""",N/A,N/A,N/A
Match 541,South Africa,Pakistan,"Boland Park, Paarl",1,2024-12-17,"=""5/0""","=""12/0""","=""12/0""","=""19/0""","=""29/0""","=""39/0""","=""43/0""","=""48/0""","=""58/0""","=""70/1""","=""73/1""","=""78/2""","=""86/2""","=""88/4""","=""93/4""","=""94/4""","=""102/4""","=""105/4""","=""107/4""","=""109/4""","=""114/4""","=""120/4""","=""122/4""","=""126/4""","=""131/4""","=""140/4""","=""146/4""","=""150/4""","=""155/4""","=""156/4""","=""159/4""","=""163/5""","=""169/5""","=""173/5""","=""179/5""","=""187/5""","=""194/5""","=""195/5""","=""198/5""","=""199/5""","=""209/5""","=""211/6""","=""214/6""","=""214/7""","=""218/8""","=""222/8""","=""229/8""","=""234/8""","=""236/8""","=""239/9"""
Match 542,Pakistan,South Africa,"Boland Park, Paarl",2,2024-12-17,"=""2/0""","=""4/1""","=""10/1""","=""11/1""","=""17/1""","=""21/1""","=""22/1""","=""28/1""","=""28/1""","=""32/1""","=""32/1""","=""40/1""","=""44/1""","=""45/1""","=""46/2""","=""52/2""","=""56/3""","=""56/3""","=""60/3""","=""63/4""","=""68/4""","=""70/4""","=""77/4""","=""83/4""","=""87/4""","=""94/4""","=""98/4""","=""104/4""","=""108/4""","=""112/4""","=""117/4""","=""122/4""","=""125/4""","=""133/4""","=""155/4""","=""162/4""","=""171/4""","=""179/4""","=""181/4""","=""195/4""","=""200/4""","=""203/6""","=""204/6""","=""208/6""","=""212/7""","=""214/7""","=""225/7""","=""232/7""","=""238/7""","=""242/7"""
Match 543,Pakistan,South Africa,"Newlands, Cape Town",1,2024-12-19,"=""6/1""","=""14/1""","=""22/1""","=""24/1""","=""28/1""","=""34/1""","=""40/1""","=""45/1""","=""53/1""","=""53/2""","=""58/2""","=""60/2""","=""63/2""","=""68/2""","=""72/2""","=""75/2""","=""77/2""","=""83/2""","=""86/2""","=""89/2""","=""91/2""","=""93/2""","=""101/2""","=""104/2""","=""114/2""","=""121/2""","=""121/2""","=""130/2""","=""136/2""","=""147/2""","=""157/2""","=""160/2""","=""168/3""","=""182/3""","=""184/3""","=""192/4""","=""195/4""","=""201/4""","=""213/4""","=""224/4""","=""234/4""","=""242/4""","=""243/5""","=""257/5""","=""266/5""","=""280/5""","=""293/6""","=""308/6""","=""317/7""","=""329/10"""
Match 544,South Africa,Pakistan,"Newlands, Cape Town",2,2024-12-19,"=""5/0""","=""9/0""","=""16/0""","=""22/0""","=""31/0""","=""34/1""","=""42/1""","=""52/1""","=""59/1""","=""67/1""","=""71/1""","=""74/2""","=""78/2""","=""80/2""","=""82/2""","=""83/2""","=""85/3""","=""90/3""","=""101/3""","=""106/3""","=""112/3""","=""115/4""","=""121/4""","=""127/4""","=""133/4""","=""140/4""","=""145/4""","=""149/4""","=""158/4""","=""161/4""","=""164/4""","=""167/4""","=""181/4""","=""187/5""","=""200/5""","=""204/6""","=""205/6""","=""209/7""","=""216/7""","=""221/7""","=""236/7""","=""244/8""","=""248/9""","=""248/10""",N/A,N/A,N/A,N/A,N/A,N/A
Match 545,Pakistan,South Africa,"The Wanderers Stadium, Johannesburg",1,2024-12-22,"=""5/1""","=""6/1""","=""10/1""","=""16/1""","=""17/1""","=""20/1""","=""28/1""","=""29/1""","=""33/1""","=""42/1""","=""48/1""","=""56/1""","=""61/1""","=""70/1""","=""78/1""","=""82/1""","=""85/1""","=""92/1""","=""93/1""","=""98/1""","=""111/1""","=""115/1""","=""115/2""","=""118/2""","=""120/2""","=""123/2""","=""141/2""","=""153/2""","=""160/2""","=""166/2""","=""180/2""","=""183/2""","=""191/2""","=""199/2""","=""208/3""","=""209/4""","=""217/4""","=""223/5""","=""226/5""","=""237/5""","=""245/5""","=""252/5""","=""262/5""","=""275/5""","=""292/5""","=""297/7""","=""308/9""",N/A,N/A,N/A
Match 546,South Africa,Pakistan,"The Wanderers Stadium, Johannesburg",2,2024-12-22,"=""6/0""","=""13/0""","=""24/0""","=""25/1""","=""25/1""","=""33/1""","=""46/2""","=""51/2""","=""57/2""","=""57/2""","=""62/2""","=""70/2""","=""72/2""","=""78/2""","=""80/2""","=""89/3""","=""94/3""","=""111/3""","=""114/3""","=""121/4""","=""123/5""","=""130/5""","=""137/5""","=""146/5""","=""152/5""","=""162/5""","=""178/5""","=""184/5""","=""195/6""","=""195/6""","=""209/6""","=""212/7""","=""215/7""","=""227/7""","=""227/7""","=""234/7""","=""242/7""","=""250/7""","=""252/8""","=""255/8""","=""268/8""","=""271/10""",N/A,N/A,N/A,N/A,N/A,N/A,N/A,N/A
Match 547,England,West Indies,"Sir Vivian Richards Stadium, North Sound, Antigua",1,2024-10-31,"=""5/0""","=""8/0""","=""17/0""","=""19/0""","=""20/0""","=""22/0""","=""30/0""","=""39/0""","=""40/1""","=""46/1""","=""46/2""","=""52/2""","=""59/2""","=""72/2""","=""74/2""","=""79/2""","=""83/2""","=""85/2""","=""86/3""","=""89/3""","=""94/4""","=""97/4""","=""104/4""","=""106/4""","=""107/4""","=""111/4""","=""118/4""","=""122/4""","=""126/4""","=""130/4""","=""137/4""","=""144/4""","=""147/4""","=""160/4""","=""165/5""","=""168/5""","=""172/5""","=""177/5""","=""181/7""","=""187/7""","=""188/8""","=""191/8""","=""200/8""","=""206/9""","=""209/9""","=""209/10""",N/A,N/A,N/A,N/A
Match 548,West Indies,England,"Sir Vivian Richards Stadium, North Sound, Antigua",2,2024-10-31,"=""4/0""","=""9/0""","=""9/0""","=""17/0""","=""22/0""","=""24/0""","=""24/0""","=""33/0""","=""46/0""","=""49/0""","=""54/0""","=""61/0""","=""71/0""","=""77/0""","=""81/0""","=""87/0""","=""104/0""","=""106/0""","=""118/0""","=""127/1""","=""129/1""","=""138/1""","=""146/2""","=""148/2""","=""153/2""","=""157/2""",N/A,N/A,N/A,N/A,N/A,N/A,N/A,N/A,N/A,N/A,N/A,N/A,N/A,N/A,N/A,N/A,N/A,N/A,N/A,N/A,N/A,N/A,N/A,N/A
Match 549,West Indies,England,"Sir Vivian Richards Stadium, North Sound, Antigua",1,2024-11-02,"=""1/0""","=""7/1""","=""12/1""","=""17/2""","=""19/2""","=""23/2""","=""23/2""","=""29/2""","=""33/2""","=""41/2""","=""47/2""","=""52/2""","=""54/2""","=""64/2""","=""72/2""","=""76/2""","=""79/2""","=""80/2""","=""82/2""","=""85/2""","=""88/2""","=""97/2""","=""105/2""","=""114/2""","=""117/2""","=""124/2""","=""133/2""","=""139/2""","=""143/2""","=""154/2""","=""162/3""","=""165/3""","=""174/3""","=""188/3""","=""192/3""","=""200/3""","=""206/3""","=""215/3""","=""223/3""","=""235/4""","=""239/4""","=""257/4""","=""267/5""","=""271/5""","=""284/5""","=""293/5""","=""297/6""","=""301/6""","=""309/6""","=""328/6"""
Match 550,England,West Indies,"Sir Vivian Richards Stadium, North Sound, Antigua",2,2024-11-02,"=""8/0""","=""17/0""","=""19/0""","=""25/0""","=""37/1""","=""38/1""","=""44/1""","=""50/1""","=""56/1""","=""58/1""","=""62/1""","=""63/2""","=""68/2""","=""73/2""","=""78/2""","=""84/2""","=""86/2""","=""94/2""","=""102/2""","=""107/2""","=""108/3""","=""117/3""","=""127/3""","=""138/3""","=""140/3""","=""156/3""","=""158/3""","=""160/4""","=""175/4""","=""178/4""","=""182/4""","=""185/4""","=""188/4""","=""193/4""","=""205/4""","=""213/4""","=""218/4""","=""221/4""","=""226/4""","=""229/4""","=""243/4""","=""250/4""","=""266/4""","=""272/4""","=""298/4""","=""303/5""","=""327/5""","=""329/5""",N/A,N/A
Match 551,England,West Indies,"Kensington Oval, Bridgetown, Barbados",1,2024-11-06,"=""3/0""","=""5/0""","=""10/1""","=""10/2""","=""14/2""","=""18/3""","=""18/3""","=""18/3""","=""19/3""","=""24/4""","=""29/4""","=""35/4""","=""41/4""","=""43/4""","=""46/4""","=""49/4""","=""54/4""","=""58/4""","=""64/4""","=""68/4""","=""75/4""","=""79/4""","=""84/4""","=""85/4""","=""94/4""","=""94/5""","=""98/5""","=""104/5""","=""109/5""","=""112/5""","=""117/5""","=""120/5""","=""128/5""","=""132/5""","=""134/5""","=""143/5""","=""147/5""","=""154/5""","=""160/5""","=""163/5""","=""164/6""","=""176/6""","=""181/6""","=""187/6""","=""202/6""","=""207/6""","=""214/7""","=""233/7""","=""238/8""","=""263/8"""
Match 552,West Indies,England,"Kensington Oval, Bridgetown, Barbados",2,2024-11-06,"=""11/0""","=""20/0""","=""27/0""","=""29/0""","=""35/0""","=""36/0""","=""44/1""","=""49/1""","=""52/1""","=""65/1""","=""69/1""","=""70/1""","=""72/1""","=""76/1""","=""84/1""","=""86/1""","=""91/1""","=""99/1""","=""103/1""","=""108/1""","=""111/1""","=""122/1""","=""125/1""","=""134/1""","=""137/1""","=""141/1""","=""152/1""","=""162/1""","=""170/1""","=""174/1""","=""181/1""","=""191/1""","=""194/1""","=""201/1""","=""207/1""","=""216/1""","=""219/1""","=""230/1""","=""242/1""","=""249/1""","=""253/2""","=""256/2""","=""267/2""",N/A,N/A,N/A,N/A,N/A,N/A,N/A
Match 553,Bangladesh,West Indies,"Warner Park, Basseterre, St Kitts",1,2024-12-08,"=""3/0""","=""12/0""","=""17/0""","=""24/0""","=""34/1""","=""41/1""","=""46/1""","=""46/2""","=""52/2""","=""58/2""","=""61/2""","=""66/2""","=""77/2""","=""80/2""","=""84/2""","=""90/2""","=""96/2""","=""101/2""","=""109/2""","=""114/2""","=""115/2""","=""121/2""","=""125/2""","=""125/3""","=""132/3""","=""139/3""","=""146/3""","=""150/3""","=""154/3""","=""162/3""","=""166/3""","=""168/3""","=""178/3""","=""183/4""","=""185/4""","=""187/4""","=""197/4""","=""198/5""","=""200/5""","=""210/5""","=""211/5""","=""217/5""","=""225/5""","=""238/5""","=""252/5""","=""254/5""","=""264/5""","=""275/5""","=""285/5""","=""294/6"""
Match 554,West Indies,Bangladesh,"Warner Park, Basseterre, St Kitts",2,2024-12-08,"=""4/0""","=""4/0""","=""5/0""","=""11/0""","=""20/0""","=""21/0""","=""25/0""","=""27/1""","=""33/2""","=""42/2""","=""45/2""","=""47/2""","=""50/2""","=""54/2""","=""62/2""","=""70/2""","=""71/2""","=""75/2""","=""85/2""","=""87/2""","=""93/2""","=""94/3""","=""100/3""","=""101/3""","=""109/3""","=""112/3""","=""115/3""","=""120/3""","=""122/3""","=""130/3""","=""134/3""","=""146/3""","=""154/3""","=""160/3""","=""169/3""","=""180/3""","=""193/3""","=""198/4""","=""204/4""","=""212/4""","=""225/4""","=""235/4""","=""250/4""","=""259/4""","=""262/4""","=""270/4""","=""291/5""","=""295/5""",N/A,N/A
Match 555,Bangladesh,West Indies,"Warner Park, Basseterre, St Kitts",1,2024-12-10,"=""6/0""","=""8/0""","=""26/0""","=""28/1""","=""34/1""","=""38/1""","=""40/1""","=""41/2""","=""45/2""","=""55/3""","=""64/4""","=""65/4""","=""68/4""","=""82/4""","=""84/4""","=""91/4""","=""92/4""","=""99/4""","=""101/5""","=""104/5""","=""104/6""","=""107/6""","=""108/6""","=""109/6""","=""115/6""","=""115/7""","=""116/7""","=""117/7""","=""119/7""","=""131/7""","=""137/7""","=""137/7""","=""146/7""","=""147/7""","=""157/7""","=""161/7""","=""167/7""","=""172/7""","=""179/7""","=""186/7""","=""191/7""","=""195/7""","=""207/7""","=""209/8""","=""213/9""","=""227/10""",N/A,N/A,N/A,N/A
Match 556,West Indies,Bangladesh,"Warner Park, Basseterre, St Kitts",2,2024-12-10,"=""10/0""","=""16/0""","=""17/0""","=""18/0""","=""19/0""","=""23/0""","=""33/0""","=""34/0""","=""50/0""","=""54/0""","=""58/0""","=""59/0""","=""67/0""","=""76/0""","=""79/0""","=""88/0""","=""94/0""","=""96/0""","=""99/0""","=""109/0""","=""112/1""","=""123/1""","=""134/1""","=""142/1""","=""155/1""","=""164/1""","=""170/1""","=""175/1""","=""177/2""","=""184/2""","=""187/2""","=""193/2""","=""197/2""","=""198/3""","=""211/3""","=""216/3""","=""230/3""",N/A,N/A,N/A,N/A,N/A,N/A,N/A,N/A,N/A,N/A,N/A,N/A,N/A
Match 557,Bangladesh,West Indies,"Warner Park, Basseterre, St Kitts",1,2024-12-12,"=""3/0""","=""9/0""","=""9/2""","=""20/2""","=""24/2""","=""36/2""","=""37/2""","=""43/2""","=""46/2""","=""46/2""","=""51/2""","=""60/2""","=""60/2""","=""69/2""","=""72/2""","=""79/2""","=""87/2""","=""97/2""","=""99/2""","=""107/2""","=""123/2""","=""127/2""","=""139/2""","=""145/3""","=""150/3""","=""154/3""","=""159/3""","=""166/3""","=""169/3""","=""171/4""","=""171/5""","=""172/5""","=""178/5""","=""184/5""","=""188/5""","=""193/5""","=""198/5""","=""205/5""","=""214/5""","=""217/5""","=""225/5""","=""233/5""","=""242/5""","=""253/5""","=""260/5""","=""262/5""","=""279/5""","=""295/5""","=""311/5""","=""321/5"""
Match 558,West Indies,Bangladesh,"Warner Park, Basseterre, St Kitts",2,2024-12-12,"=""5/0""","=""19/1""","=""27/1""","=""29/2""","=""32/3""","=""38/3""","=""45/3""","=""51/3""","=""59/3""","=""66/3""","=""68/3""","=""75/3""","=""81/3""","=""86/3""","=""88/4""","=""90/4""","=""92/4""","=""103/4""","=""105/4""","=""109/4""","=""122/4""","=""129/4""","=""138/4""","=""146/4""","=""150/4""","=""165/4""","=""175/4""","=""182/4""","=""190/4""","=""197/4""","=""204/4""","=""210/4""","=""217/4""","=""221/5""","=""228/5""","=""232/5""","=""234/5""","=""240/6""","=""250/6""","=""261/6""","=""265/6""","=""269/6""","=""286/6""","=""298/6""","=""309/6""","=""325/6""",N/A,N/A,N/A,N/A
Match 559,England,India,"Vidarbha Cricket Association Stadium, Jamtha, Nagpur",1,2025-02-06,"=""0/0""","=""11/0""","=""17/0""","=""17/0""","=""26/0""","=""52/0""","=""56/0""","=""71/0""","=""75/1""","=""77/3""","=""77/3""","=""81/3""","=""85/3""","=""94/3""","=""99/3""","=""102/3""","=""104/3""","=""110/3""","=""111/4""","=""114/4""","=""117/4""","=""126/4""","=""133/4""","=""135/4""","=""138/4""","=""142/4""","=""145/4""","=""153/4""","=""159/4""","=""162/4""","=""165/4""","=""167/4""","=""170/5""","=""178/5""","=""182/5""","=""184/6""","=""192/6""","=""197/6""","=""199/6""","=""206/7""","=""211/7""","=""218/7""","=""220/8""","=""236/8""","=""236/8""","=""239/8""","=""242/9""","=""248/10""",N/A,N/A
Match 560,India,England,"Vidarbha Cricket Association Stadium, Jamtha, Nagpur",2,2025-02-06,"=""1/0""","=""6/0""","=""7/0""","=""19/0""","=""19/1""","=""25/2""","=""43/2""","=""50/2""","=""59/2""","=""71/2""","=""77/2""","=""86/2""","=""90/2""","=""101/2""","=""111/2""","=""113/3""","=""119/3""","=""125/3""","=""129/3""","=""138/3""","=""143/3""","=""149/3""","=""154/3""","=""160/3""","=""165/3""","=""170/3""","=""179/3""","=""184/3""","=""201/3""","=""206/3""","=""208/3""","=""208/3""","=""220/3""","=""222/4""","=""224/4""","=""231/5""","=""237/6""","=""241/6""","=""251/6""",N/A,N/A,N/A,N/A,N/A,N/A,N/A,N/A,N/A,N/A,N/A
Match 561,England,India,"Barabati Stadium, Cuttack",1,2025-02-09,"=""6/0""","=""15/0""","=""23/0""","=""28/0""","=""35/0""","=""44/0""","=""54/0""","=""62/0""","=""66/0""","=""75/0""","=""81/1""","=""86/1""","=""89/1""","=""95/1""","=""98/1""","=""102/2""","=""104/2""","=""108/2""","=""116/2""","=""118/2""","=""125/2""","=""130/2""","=""135/2""","=""135/2""","=""138/2""","=""143/2""","=""150/2""","=""158/2""","=""165/2""","=""169/3""","=""176/3""","=""180/3""","=""186/3""","=""191/3""","=""200/3""","=""205/3""","=""208/3""","=""216/3""","=""223/4""","=""230/4""","=""238/4""","=""247/4""","=""250/5""","=""256/5""","=""258/6""","=""261/6""","=""272/6""","=""287/7""","=""297/8""","=""304/10"""
Match 562,India,England,"Barabati Stadium, Cuttack",2,2025-02-09,"=""1/0""","=""13/0""","=""24/0""","=""30/0""","=""39/0""","=""47/0""","=""56/0""","=""64/0""","=""74/0""","=""77/0""","=""86/0""","=""91/0""","=""96/0""","=""105/0""","=""114/0""","=""127/0""","=""137/1""","=""146/1""","=""149/1""","=""151/2""","=""158/2""","=""166/2""","=""172/2""","=""176/2""","=""179/2""","=""194/2""","=""200/2""","=""201/2""","=""218/2""","=""220/3""","=""222/3""","=""230/3""","=""234/3""","=""237/3""","=""248/3""","=""253/3""","=""258/4""","=""261/4""","=""268/4""","=""275/4""","=""276/5""","=""286/6""","=""295/6""","=""302/6""","=""308/6""",N/A,N/A,N/A,N/A,N/A
Match 563,India,England,"Narendra Modi Stadium, Ahmedabad",1,2025-02-12,"=""6/0""","=""8/1""","=""12/1""","=""17/1""","=""23/1""","=""30/1""","=""39/1""","=""39/1""","=""43/1""","=""52/1""","=""62/1""","=""65/1""","=""79/1""","=""93/1""","=""94/1""","=""97/1""","=""104/1""","=""120/1""","=""122/2""","=""129/2""","=""134/2""","=""140/2""","=""147/2""","=""155/2""","=""161/2""","=""171/2""","=""179/2""","=""187/2""","=""189/2""","=""198/2""","=""202/2""","=""213/2""","=""221/2""","=""225/2""","=""228/3""","=""235/3""","=""246/3""","=""255/3""","=""266/4""","=""275/4""","=""289/5""","=""295/5""","=""302/5""","=""308/6""","=""315/6""","=""326/6""","=""334/7""","=""340/7""","=""353/8""","=""356/10"""
Match 564,England,India,"Narendra Modi Stadium, Ahmedabad",2,2025-02-12,"=""1/0""","=""10/0""","=""18/0""","=""32/0""","=""48/0""","=""60/0""","=""61/1""","=""73/1""","=""84/2""","=""84/2""","=""89/2""","=""93/2""","=""99/2""","=""102/2""","=""109/2""","=""115/2""","=""123/2""","=""126/3""","=""129/3""","=""133/3""","=""136/4""","=""139/4""","=""143/4""","=""154/4""","=""154/5""","=""156/5""","=""161/6""","=""168/6""","=""172/6""","=""174/7""","=""179/8""","=""193/8""","=""208/9""","=""214/9""","=""214/10""",N/A,N/A,N/A,N/A,N/A,N/A,N/A,N/A,N/A,N/A,N/A,N/A,N/A,N/A,N/A
Match 565,New Zealand,Pakistan,"Gaddafi Stadium, Lahore",1,2025-02-08,"=""4/1""","=""6/1""","=""14/1""","=""19/1""","=""21/1""","=""28/1""","=""33/1""","=""39/2""","=""40/2""","=""42/2""","=""51/2""","=""52/2""","=""54/2""","=""58/2""","=""60/2""","=""63/2""","=""67/2""","=""72/2""","=""83/2""","=""95/2""","=""106/2""","=""108/2""","=""115/2""","=""121/2""","=""127/2""","=""133/2""","=""135/3""","=""139/4""","=""146/4""","=""149/4""","=""152/4""","=""161/4""","=""164/4""","=""169/4""","=""176/4""","=""187/4""","=""191/4""","=""200/5""","=""205/5""","=""207/5""","=""208/5""","=""222/5""","=""230/5""","=""232/5""","=""246/5""","=""259/6""","=""271/6""","=""288/6""","=""305/6""","=""330/6"""
Match 566,Pakistan,New Zealand,"Gaddafi Stadium, Lahore",2,2025-02-08,"=""2/0""","=""7/0""","=""17/0""","=""20/0""","=""21/0""","=""36/0""","=""39/0""","=""46/0""","=""48/0""","=""52/1""","=""57/1""","=""59/1""","=""67/1""","=""75/1""","=""86/1""","=""89/1""","=""89/1""","=""94/1""","=""103/2""","=""104/2""","=""112/2""","=""117/2""","=""118/3""","=""120/4""","=""123/4""","=""130/4""","=""130/4""","=""139/4""","=""146/4""","=""154/4""","=""160/4""","=""168/4""","=""172/4""","=""179/5""","=""183/5""","=""192/5""","=""198/5""","=""204/5""","=""205/6""","=""208/7""","=""214/7""","=""218/7""","=""220/7""","=""223/8""","=""232/8""","=""235/8""","=""239/8""","=""252/9""",N/A,N/A
Match 567,South Africa,New Zealand,"Gaddafi Stadium, Lahore",1,2025-02-10,"=""6/0""","=""8/0""","=""9/0""","=""24/0""","=""26/0""","=""28/0""","=""36/0""","=""38/1""","=""39/1""","=""46/1""","=""50/1""","=""55/1""","=""57/1""","=""61/1""","=""62/1""","=""74/1""","=""82/1""","=""87/1""","=""91/1""","=""96/1""","=""101/1""","=""104/1""","=""113/1""","=""123/1""","=""130/2""","=""132/2""","=""135/3""","=""136/3""","=""139/3""","=""145/3""","=""147/3""","=""152/3""","=""156/3""","=""160/3""","=""163/3""","=""169/3""","=""174/3""","=""185/3""","=""191/3""","=""196/3""","=""212/3""","=""221/3""","=""235/3""","=""242/3""","=""262/3""","=""269/4""","=""279/4""","=""293/4""","=""301/5""","=""304/6"""
Match 568,New Zealand,South Africa,"Gaddafi Stadium, Lahore",2,2025-02-10,"=""5/0""","=""12/0""","=""16/0""","=""20/0""","=""30/0""","=""32/0""","=""38/0""","=""41/0""","=""46/0""","=""50/1""","=""54/1""","=""61/1""","=""61/1""","=""65/1""","=""68/1""","=""74/1""","=""82/1""","=""92/1""","=""107/1""","=""109/1""","=""116/1""","=""121/1""","=""128/1""","=""136/1""","=""147/1""","=""160/1""","=""169/1""","=""173/1""","=""189/1""","=""198/1""","=""206/1""","=""212/1""","=""230/1""","=""235/1""","=""237/1""","=""238/2""","=""242/2""","=""251/2""","=""251/4""","=""258/4""","=""262/4""","=""265/4""","=""271/4""","=""280/4""","=""287/4""","=""298/4""","=""299/4""","=""303/4""","=""308/4""",N/A
Match 569,South Africa,Pakistan,"National Stadium, Karachi",1,2025-02-12,"=""1/0""","=""6/0""","=""11/0""","=""20/0""","=""27/0""","=""31/0""","=""41/0""","=""51/1""","=""59/1""","=""64/1""","=""66/1""","=""77/1""","=""86/1""","=""92/1""","=""98/1""","=""106/1""","=""109/1""","=""115/1""","=""122/1""","=""128/1""","=""136/1""","=""140/1""","=""144/1""","=""151/1""","=""154/1""","=""160/1""","=""165/1""","=""169/1""","=""170/2""","=""174/2""","=""176/2""","=""181/2""","=""186/2""","=""202/2""","=""210/2""","=""223/2""","=""225/2""","=""238/2""","=""241/3""","=""242/4""","=""252/4""","=""261/4""","=""265/4""","=""276/4""","=""286/4""","=""306/4""","=""318/4""","=""326/5""","=""333/5""","=""352/5"""
Match 570,Pakistan,South Africa,"National Stadium, Karachi",2,2025-02-12,"=""13/0""","=""15/0""","=""25/0""","=""39/0""","=""45/0""","=""56/0""","=""64/1""","=""72/1""","=""78/1""","=""91/2""","=""91/3""","=""96/3""","=""102/3""","=""104/3""","=""109/3""","=""114/3""","=""116/3""","=""119/3""","=""126/3""","=""132/3""","=""138/3""","=""143/3""","=""149/3""","=""159/3""","=""163/3""","=""168/3""","=""171/3""","=""175/3""","=""184/3""","=""192/3""","=""198/3""","=""207/3""","=""213/3""","=""220/3""","=""232/3""","=""243/3""","=""246/3""","=""258/3""","=""264/3""","=""271/3""","=""280/3""","=""283/3""","=""297/3""","=""305/3""","=""321/3""","=""328/3""","=""337/3""","=""343/3""","=""355/4""",N/A
Match 571,Pakistan,New Zealand,"National Stadium, Karachi",1,2025-02-14,"=""10/0""","=""11/0""","=""13/0""","=""16/1""","=""23/1""","=""29/1""","=""39/1""","=""46/1""","=""46/2""","=""48/2""","=""50/2""","=""54/3""","=""57/3""","=""61/3""","=""63/3""","=""65/3""","=""68/3""","=""69/3""","=""76/3""","=""78/3""","=""82/3""","=""84/3""","=""96/3""","=""100/3""","=""108/3""","=""108/3""","=""112/3""","=""114/3""","=""117/3""","=""122/3""","=""132/3""","=""143/4""","=""150/4""","=""152/4""","=""156/4""","=""158/4""","=""162/5""","=""165/5""","=""167/5""","=""181/5""","=""193/5""","=""196/6""","=""200/6""","=""202/8""","=""207/8""","=""210/8""","=""219/8""","=""228/8""","=""241/8""","=""242/10"""
Match 572,New Zealand,Pakistan,"National Stadium, Karachi",2,2025-02-14,"=""5/0""","=""6/1""","=""8/1""","=""15/1""","=""17/1""","=""26/1""","=""28/1""","=""29/1""","=""36/1""","=""45/1""","=""49/1""","=""51/1""","=""53/1""","=""63/1""","=""71/1""","=""72/1""","=""75/1""","=""78/2""","=""81/2""","=""85/2""","=""89/2""","=""92/2""","=""99/2""","=""107/2""","=""113/3""","=""118/3""","=""120/3""","=""124/3""","=""127/3""","=""133/3""","=""140/3""","=""143/3""","=""145/3""","=""156/3""","=""160/3""","=""169/3""","=""174/3""","=""181/3""","=""195/4""","=""204/4""","=""208/4""","=""221/4""","=""224/4""","=""232/4""","=""236/5""","=""243/5""",N/A,N/A,N/A,N/A
Match 573,Sri Lanka,India,"R Premadasa Stadium, Colombo",1,2024-08-02,"=""4/0""","=""7/0""","=""7/1""","=""13/1""","=""14/1""","=""19/1""","=""25/1""","=""28/1""","=""32/1""","=""37/1""","=""39/1""","=""45/1""","=""46/1""","=""50/2""","=""52/2""","=""56/2""","=""58/2""","=""60/2""","=""62/3""","=""68/3""","=""76/3""","=""79/3""","=""89/3""","=""91/4""","=""94/4""","=""100/4""","=""101/5""","=""102/5""","=""110/5""","=""112/5""","=""114/5""","=""128/5""","=""136/5""","=""142/5""","=""143/6""","=""143/6""","=""152/6""","=""153/6""","=""157/6""","=""165/6""","=""171/6""","=""173/6""","=""178/7""","=""183/7""","=""192/7""","=""195/7""","=""201/7""","=""209/7""","=""222/7""","=""230/8"""
Match 574,India,Sri Lanka,"R Premadasa Stadium, Colombo",2,2024-08-02,"=""12/0""","=""16/0""","=""25/0""","=""40/0""","=""48/0""","=""55/0""","=""55/0""","=""57/0""","=""59/0""","=""71/0""","=""74/0""","=""75/0""","=""77/1""","=""80/1""","=""86/2""","=""87/3""","=""94/3""","=""98/3""","=""104/3""","=""109/3""","=""112/3""","=""123/3""","=""130/3""","=""131/4""","=""132/5""","=""134/5""","=""134/5""","=""142/5""","=""147/5""","=""149/5""","=""152/5""","=""156/5""","=""158/5""","=""160/5""","=""164/5""","=""168/5""","=""175/5""","=""183/5""","=""185/5""","=""196/6""","=""197/7""","=""204/7""","=""205/7""","=""210/7""","=""213/8""","=""216/8""","=""226/8""","=""230/10""",N/A,N/A
Match 575,Sri Lanka,India,"R Premadasa Stadium, Colombo",1,2024-08-04,"=""0/1""","=""3/1""","=""8/1""","=""15/1""","=""17/1""","=""24/1""","=""29/1""","=""30/1""","=""39/1""","=""42/1""","=""47/1""","=""49/1""","=""55/1""","=""56/1""","=""58/1""","=""65/1""","=""74/2""","=""79/2""","=""80/3""","=""81/3""","=""86/3""","=""89/3""","=""94/3""","=""98/3""","=""101/3""","=""106/3""","=""111/4""","=""115/4""","=""122/4""","=""129/4""","=""132/4""","=""135/4""","=""136/4""","=""136/5""","=""136/6""","=""144/6""","=""145/6""","=""147/6""","=""153/6""","=""161/6""","=""166/6""","=""169/6""","=""176/6""","=""188/6""","=""196/6""","=""208/6""","=""211/7""","=""220/7""","=""232/7""","=""240/9"""
Match 576,India,Sri Lanka,"R Premadasa Stadium, Colombo",2,2024-08-04,"=""3/0""","=""8/0""","=""10/0""","=""23/0""","=""29/0""","=""38/0""","=""50/0""","=""60/0""","=""66/0""","=""76/0""","=""80/0""","=""84/0""","=""95/0""","=""102/1""","=""110/1""","=""114/1""","=""116/1""","=""117/3""","=""123/3""","=""128/4""","=""130/4""","=""133/5""","=""147/5""","=""150/6""","=""152/6""","=""155/6""","=""157/6""","=""159/6""","=""163/6""","=""168/6""","=""180/6""","=""181/6""","=""185/6""","=""185/7""","=""190/7""","=""191/8""","=""193/8""","=""193/8""","=""199/8""","=""200/8""","=""203/9""","=""207/9""","=""208/10""",N/A,N/A,N/A,N/A,N/A,N/A,N/A
Match 577,Sri Lanka,India,"R Premadasa Stadium, Colombo",1,2024-08-07,"=""8/0""","=""10/0""","=""18/0""","=""20/0""","=""26/0""","=""27/0""","=""28/0""","=""33/0""","=""34/0""","=""41/0""","=""51/0""","=""51/0""","=""64/0""","=""65/0""","=""68/0""","=""75/0""","=""77/0""","=""85/0""","=""88/0""","=""89/1""","=""92/1""","=""94/1""","=""97/1""","=""103/1""","=""107/1""","=""109/1""","=""115/1""","=""121/1""","=""140/1""","=""143/1""","=""153/1""","=""153/1""","=""156/1""","=""159/1""","=""165/1""","=""173/2""","=""175/2""","=""183/3""","=""184/4""","=""188/4""","=""194/4""","=""195/4""","=""197/5""","=""203/6""","=""207/6""","=""212/6""","=""217/6""","=""229/6""","=""235/7""","=""248/7"""
Match 578,India,Sri Lanka,"R Premadasa Stadium, Colombo",2,2024-08-07,"=""5/0""","=""12/0""","=""17/0""","=""35/0""","=""41/1""","=""45/1""","=""53/1""","=""58/2""","=""63/2""","=""67/3""","=""72/4""","=""73/4""","=""82/6""","=""92/6""","=""96/6""","=""100/7""","=""101/7""","=""102/8""","=""107/8""","=""109/8""","=""110/8""","=""128/8""","=""128/8""","=""136/8""","=""137/8""","=""138/9""","=""138/10""",N/A,N/A,N/A,N/A,N/A,N/A,N/A,N/A,N/A,N/A,N/A,N/A,N/A,N/A,N/A,N/A,N/A,N/A,N/A,N/A,N/A,N/A,N/A
Match 579,Sri Lanka,New Zealand,"Basin Reserve, Wellington",1,2025-01-05,"=""0/0""","=""2/0""","=""4/0""","=""15/0""","=""16/1""","=""18/2""","=""19/2""","=""21/2""","=""23/3""","=""23/4""","=""29/4""","=""32/4""","=""33/4""","=""45/4""","=""51/4""","=""62/4""","=""63/4""","=""65/4""","=""70/4""","=""82/4""","=""88/4""","=""92/4""","=""100/4""","=""103/4""","=""108/4""","=""110/5""","=""110/6""","=""113/6""","=""117/6""","=""119/6""","=""124/6""","=""130/6""","=""138/6""","=""142/6""","=""146/6""","=""153/6""","=""157/6""","=""158/7""","=""173/7""","=""175/8""","=""175/8""","=""177/9""","=""178/9""","=""178/10""",N/A,N/A,N/A,N/A,N/A,N/A
Match 580,New Zealand,Sri Lanka,"Basin Reserve, Wellington",2,2025-01-05,"=""1/0""","=""9/0""","=""16/0""","=""25/0""","=""30/0""","=""38/0""","=""46/0""","=""52/0""","=""59/0""","=""70/0""","=""84/0""","=""90/0""","=""95/1""","=""100/1""","=""108/1""","=""115/1""","=""125/1""","=""133/1""","=""143/1""","=""149/1""","=""155/1""","=""157/1""","=""158/1""","=""160/1""","=""169/1""","=""174/1""","=""180/1""",N/A,N/A,N/A,N/A,N/A,N/A,N/A,N/A,N/A,N/A,N/A,N/A,N/A,N/A,N/A,N/A,N/A,N/A,N/A,N/A,N/A,N/A,N/A
Match 581,New Zealand,Sri Lanka,"Seddon Park, Hamilton",1,2025-01-08,"=""5/0""","=""8/0""","=""14/0""","=""24/0""","=""32/1""","=""37/1""","=""47/1""","=""53/1""","=""62/1""","=""71/1""","=""75/1""","=""78/1""","=""89/1""","=""96/1""","=""99/1""","=""110/1""","=""118/1""","=""131/1""","=""137/1""","=""143/2""","=""154/2""","=""164/2""","=""168/3""","=""172/4""","=""176/4""","=""185/4""","=""192/4""","=""199/4""","=""203/4""","=""211/4""","=""218/5""","=""222/5""","=""224/5""","=""240/5""","=""247/7""","=""251/8""","=""255/9""",N/A,N/A,N/A,N/A,N/A,N/A,N/A,N/A,N/A,N/A,N/A,N/A,N/A
Match 582,Sri Lanka,New Zealand,"Seddon Park, Hamilton",2,2025-01-08,"=""6/0""","=""8/1""","=""8/1""","=""18/2""","=""22/4""","=""22/4""","=""29/4""","=""31/4""","=""33/4""","=""49/4""","=""56/4""","=""60/4""","=""61/4""","=""66/4""","=""70/4""","=""79/5""","=""87/5""","=""92/5""","=""94/5""","=""99/5""","=""103/5""","=""105/5""","=""106/5""","=""117/5""","=""128/6""","=""130/7""","=""130/7""","=""131/7""","=""136/9""","=""137/9""","=""142/10""",N/A,N/A,N/A,N/A,N/A,N/A,N/A,N/A,N/A,N/A,N/A,N/A,N/A,N/A,N/A,N/A,N/A,N/A,N/A
Match 583,Sri Lanka,New Zealand,"Eden Park, Auckland",1,2025-01-11,"=""6/0""","=""9/0""","=""10/0""","=""16/0""","=""20/0""","=""28/0""","=""36/0""","=""50/0""","=""56/0""","=""66/0""","=""69/0""","=""71/1""","=""73/1""","=""76/1""","=""86/1""","=""93/1""","=""94/1""","=""100/1""","=""103/1""","=""115/1""","=""117/1""","=""123/1""","=""130/1""","=""133/1""","=""136/1""","=""149/1""","=""155/1""","=""156/2""","=""160/2""","=""162/3""","=""164/3""","=""176/3""","=""182/3""","=""183/4""","=""186/4""","=""192/4""","=""204/5""","=""206/5""","=""207/5""","=""214/5""","=""219/5""","=""225/5""","=""232/5""","=""237/5""","=""248/5""","=""256/6""","=""265/6""","=""274/7""","=""284/7""","=""290/8"""
Match 584,New Zealand,Sri Lanka,"Eden Park, Auckland",2,2025-01-11,"=""1/0""","=""3/1""","=""5/2""","=""15/2""","=""20/2""","=""21/3""","=""22/5""","=""24/5""","=""32/5""","=""35/5""","=""38/5""","=""45/5""","=""48/6""","=""55/6""","=""65/6""","=""66/6""","=""72/6""","=""79/7""","=""92/7""","=""96/7""","=""105/7""","=""110/7""","=""115/7""","=""122/7""","=""126/7""","=""128/7""","=""140/8""","=""142/8""","=""146/9""","=""150/10""",N/A,N/A,N/A,N/A,N/A,N/A,N/A,N/A,N/A,N/A,N/A,N/A,N/A,N/A,N/A,N/A,N/A,N/A,N/A,N/A
Match 585,New Zealand,Pakistan,"McLean Park, Napier",1,2025-03-29,"=""0/0""","=""6/0""","=""8/1""","=""15/1""","=""16/1""","=""25/1""","=""31/1""","=""33/1""","=""33/2""","=""36/2""","=""42/2""","=""49/2""","=""50/3""","=""53/3""","=""58/3""","=""59/3""","=""63/3""","=""65/3""","=""67/3""","=""75/3""","=""79/3""","=""90/3""","=""93/3""","=""99/3""","=""104/3""","=""112/3""","=""120/3""","=""127/3""","=""146/3""","=""156/3""","=""162/3""","=""165/3""","=""167/3""","=""174/3""","=""178/3""","=""189/3""","=""201/3""","=""208/3""","=""222/3""","=""232/3""","=""248/3""","=""255/4""","=""274/4""","=""292/5""","=""298/5""","=""300/7""","=""308/8""","=""313/8""","=""332/8""","=""344/9"""
Match 586,Pakistan,New Zealand,"McLean Park, Napier",2,2025-03-29,"=""2/0""","=""12/0""","=""17/0""","=""18/0""","=""23/0""","=""34/0""","=""44/0""","=""54/0""","=""61/0""","=""64/0""","=""70/0""","=""79/0""","=""83/1""","=""85/1""","=""87/1""","=""88/2""","=""95/2""","=""100/2""","=""104/2""","=""105/2""","=""116/2""","=""124/2""","=""128/2""","=""137/2""","=""143/2""","=""152/2""","=""155/2""","=""161/2""","=""165/3""","=""168/3""","=""171/3""","=""178/3""","=""189/3""","=""193/3""","=""209/3""","=""217/3""","=""238/3""","=""246/3""","=""250/4""","=""253/6""","=""256/6""","=""266/6""","=""269/8""","=""271/9""","=""271/10""",N/A,N/A,N/A,N/A,N/A
Match 587,New Zealand,Pakistan,"Seddon Park, Hamilton",1,2025-04-02,"=""5/0""","=""16/0""","=""23/0""","=""35/0""","=""39/0""","=""50/0""","=""63/1""","=""68/1""","=""71/1""","=""72/2""","=""79/2""","=""84/2""","=""88/2""","=""95/2""","=""97/2""","=""100/3""","=""102/4""","=""104/4""","=""106/4""","=""107/4""","=""108/4""","=""109/4""","=""118/4""","=""120/4""","=""124/4""","=""130/4""","=""132/5""","=""133/5""","=""141/5""","=""145/5""","=""148/5""","=""154/5""","=""162/5""","=""164/5""","=""169/5""","=""173/5""","=""179/5""","=""191/5""","=""206/5""","=""210/6""","=""213/6""","=""215/6""","=""220/6""","=""222/6""","=""236/6""","=""238/7""","=""250/7""","=""263/7""","=""270/8""","=""292/8"""
Match 588,Pakistan,New Zealand,"Seddon Park, Hamilton",2,2025-04-02,"=""2/0""","=""6/0""","=""7/1""","=""7/2""","=""8/2""","=""10/3""","=""15/3""","=""26/3""","=""26/3""","=""28/3""","=""31/3""","=""32/5""","=""40/5""","=""48/5""","=""49/5""","=""51/5""","=""52/5""","=""57/5""","=""59/5""","=""63/5""","=""72/6""","=""74/7""","=""81/7""","=""92/7""","=""97/8""","=""98/8""","=""108/8""","=""114/8""","=""120/9""","=""121/9""","=""127/9""","=""136/9""","=""141/9""","=""149/9""","=""157/9""","=""165/9""","=""169/9""","=""180/10""","=""192/10""","=""202/10""","=""207/10""","=""208/11""",N/A,N/A,N/A,N/A,N/A,N/A,N/A,N/A
Match 589,New Zealand,Pakistan,"Bay Oval, Mount Maunganui",1,2025-04-05,"=""1/0""","=""11/0""","=""13/1""","=""19/1""","=""24/1""","=""30/1""","=""41/1""","=""46/1""","=""54/1""","=""61/1""","=""65/1""","=""67/1""","=""71/1""","=""75/1""","=""83/1""","=""87/1""","=""91/1""","=""91/2""","=""97/2""","=""102/2""","=""109/3""","=""115/3""","=""117/3""","=""127/3""","=""131/3""","=""136/3""","=""139/3""","=""141/3""","=""145/3""","=""154/3""","=""164/3""","=""165/4""","=""172/4""","=""181/4""","=""199/5""","=""207/5""","=""211/5""","=""216/6""","=""230/6""","=""242/6""","=""251/7""","=""264/8""",N/A,N/A,N/A,N/A,N/A,N/A,N/A,N/A
Match 590,Pakistan,New Zealand,"Bay Oval, Mount Maunganui",2,2025-04-05,"=""2/0""","=""4/0""","=""9/1""","=""15/1""","=""17/1""","=""23/1""","=""30/1""","=""34/1""","=""36/1""","=""37/1""","=""42/1""","=""55/1""","=""59/1""","=""62/1""","=""66/1""","=""72/1""","=""74/2""","=""77/2""","=""84/2""","=""88/2""","=""95/2""","=""99/3""","=""106/3""","=""109/4""","=""117/4""","=""127/4""","=""135/5""","=""143/5""","=""147/5""","=""152/5""","=""162/5""","=""167/5""","=""174/6""","=""178/7""","=""187/7""","=""196/7""","=""210/7""","=""214/9""","=""219/10""","=""221/11""",N/A,N/A,N/A,N/A,N/A,N/A,N/A,N/A,N/A,N/A
Match 591,Zimbabwe,Pakistan,"Queens Sports Club, Bulawayo",1,2024-11-24,"=""1/0""","=""9/0""","=""19/0""","=""23/0""","=""37/0""","=""41/1""","=""45/1""","=""50/1""","=""58/1""","=""62/2""","=""64/2""","=""65/2""","=""67/3""","=""74/3""","=""83/3""","=""90/4""","=""90/4""","=""94/4""","=""99/4""","=""104/5""","=""113/5""","=""115/5""","=""118/5""","=""124/5""","=""125/6""","=""126/7""","=""136/7""","=""138/7""","=""142/7""","=""143/7""","=""154/7""","=""157/7""","=""160/7""","=""163/7""","=""173/7""","=""183/7""","=""187/7""","=""189/9""","=""192/9""","=""199/9""","=""205/10""",N/A,N/A,N/A,N/A,N/A,N/A,N/A,N/A,N/A
Match 592,Pakistan,Zimbabwe,"Queens Sports Club, Bulawayo",2,2024-11-24,"=""4/0""","=""10/0""","=""11/1""","=""16/1""","=""17/2""","=""18/2""","=""18/2""","=""23/2""","=""26/2""","=""27/2""","=""30/2""","=""40/2""","=""41/3""","=""45/3""","=""48/3""","=""50/5""","=""53/5""","=""57/5""","=""58/6""","=""59/6""","=""60/6""",N/A,N/A,N/A,N/A,N/A,N/A,N/A,N/A,N/A,N/A,N/A,N/A,N/A,N/A,N/A,N/A,N/A,N/A,N/A,N/A,N/A,N/A,N/A,N/A,N/A,N/A,N/A,N/A,N/A
Match 593,Zimbabwe,Pakistan,"Queens Sports Club, Bulawayo",1,2024-11-26,"=""6/0""","=""10/1""","=""14/1""","=""23/2""","=""30/2""","=""30/2""","=""37/2""","=""40/2""","=""44/2""","=""51/2""","=""56/2""","=""60/2""","=""62/3""","=""66/3""","=""68/4""","=""71/4""","=""74/4""","=""83/4""","=""84/4""","=""91/4""","=""101/5""","=""108/5""","=""111/5""","=""116/5""","=""119/5""","=""122/6""","=""125/6""","=""125/7""","=""128/7""","=""132/8""","=""133/8""","=""139/9""","=""145/10""",N/A,N/A,N/A,N/A,N/A,N/A,N/A,N/A,N/A,N/A,N/A,N/A,N/A,N/A,N/A,N/A,N/A
Match 594,Pakistan,Zimbabwe,"Queens Sports Club, Bulawayo",2,2024-11-26,"=""9/0""","=""11/0""","=""16/0""","=""23/0""","=""28/0""","=""36/0""","=""40/0""","=""50/0""","=""57/0""","=""71/0""","=""80/0""","=""90/0""","=""94/0""","=""108/0""","=""114/0""","=""127/0""","=""134/0""","=""144/0""","=""148/0""",N/A,N/A,N/A,N/A,N/A,N/A,N/A,N/A,N/A,N/A,N/A,N/A,N/A,N/A,N/A,N/A,N/A,N/A,N/A,N/A,N/A,N/A,N/A,N/A,N/A,N/A,N/A,N/A,N/A,N/A,N/A
Match 595,Pakistan,Zimbabwe,"Queens Sports Club, Bulawayo",1,2024-11-28,"=""1/0""","=""4/0""","=""9/0""","=""11/0""","=""17/0""","=""22/0""","=""29/0""","=""39/0""","=""46/0""","=""49/0""","=""51/0""","=""58/0""","=""62/1""","=""64/1""","=""71/1""","=""72/1""","=""76/1""","=""85/1""","=""90/1""","=""91/1""","=""95/1""","=""100/1""","=""106/1""","=""112/2""","=""113/2""","=""115/2""","=""122/2""","=""128/2""","=""130/2""","=""132/2""","=""142/2""","=""148/2""","=""165/2""","=""169/2""","=""171/2""","=""176/2""","=""182/2""","=""186/2""","=""195/2""","=""201/3""","=""211/3""","=""216/3""","=""222/3""","=""230/3""","=""234/4""","=""257/4""","=""271/4""","=""279/5""","=""289/6""","=""303/6"""
Match 596,Zimbabwe,Pakistan,"Queens Sports Club, Bulawayo",2,2024-11-28,"=""4/0""","=""6/0""","=""14/2""","=""19/2""","=""25/2""","=""33/2""","=""44/2""","=""49/2""","=""49/3""","=""50/3""","=""56/3""","=""62/3""","=""73/3""","=""75/3""","=""81/3""","=""89/3""","=""90/3""","=""90/4""","=""96/4""","=""101/4""","=""105/4""","=""107/4""","=""109/4""","=""116/4""","=""123/4""","=""123/5""","=""129/5""","=""133/6""","=""136/6""","=""144/6""","=""144/6""","=""159/6""","=""162/6""","=""171/7""","=""175/8""","=""183/8""","=""189/8""","=""192/8""","=""201/8""","=""204/9""","=""204/10""",N/A,N/A,N/A,N/A,N/A,N/A,N/A,N/A,N/A
Match 597,England,West Indies,"Edgbaston, Birmingham",1,2025-05-29,"=""5/0""","=""17/0""","=""24/0""","=""34/0""","=""46/0""","=""59/0""","=""64/1""","=""75/1""","=""81/1""","=""90/1""","=""92/1""","=""99/1""","=""106/1""","=""113/1""","=""119/1""","=""124/1""","=""126/1""","=""132/1""","=""137/1""","=""140/2""","=""145/2""","=""148/2""","=""152/2""","=""157/2""","=""162/2""","=""178/2""","=""188/3""","=""194/3""","=""197/3""","=""212/3""","=""221/4""","=""231/4""","=""240/4""","=""242/4""","=""247/4""","=""252/4""","=""257/4""","=""270/4""","=""282/4""","=""283/4""","=""288/5""","=""293/5""","=""307/5""","=""322/5""","=""336/5""","=""355/5""","=""379/5""","=""391/6""","=""393/7""","=""400/8"""
Match 598,West Indies,England,"Edgbaston, Birmingham",2,2025-05-29,"=""7/0""","=""8/0""","=""8/1""","=""17/2""","=""26/2""","=""38/2""","=""44/2""","=""49/2""","=""52/2""","=""58/3""","=""66/3""","=""70/4""","=""77/4""","=""78/4""","=""85/5""","=""91/5""","=""97/5""","=""100/6""","=""102/7""","=""107/8""","=""123/8""","=""124/9""","=""133/9""","=""139/9""","=""156/9""","=""162/9""","=""162/10""",N/A,N/A,N/A,N/A,N/A,N/A,N/A,N/A,N/A,N/A,N/A,N/A,N/A,N/A,N/A,N/A,N/A,N/A,N/A,N/A,N/A,N/A,N/A
Match 599,West Indies,England,"Sophia Gardens, Cardiff",1,2025-06-01,"=""6/0""","=""6/1""","=""14/1""","=""15/1""","=""17/1""","=""25/1""","=""36/1""","=""53/1""","=""54/1""","=""56/1""","=""59/1""","=""62/1""","=""71/1""","=""72/1""","=""84/1""","=""87/1""","=""94/1""","=""99/1""","=""106/1""","=""115/1""","=""116/1""","=""122/1""","=""130/1""","=""135/1""","=""146/1""","=""150/2""","=""161/2""","=""167/2""","=""168/2""","=""172/2""","=""179/2""","=""182/2""","=""185/2""","=""188/2""","=""198/2""","=""209/3""","=""212/4""","=""216/4""","=""220/4""","=""227/4""","=""231/4""","=""243/4""","=""255/4""","=""268/5""","=""271/7""","=""287/7""","=""304/9""","=""308/10""",N/A,N/A
Match 600,England,West Indies,"Sophia Gardens, Cardiff",2,2025-06-01,"=""1/1""","=""7/2""","=""9/2""","=""16/2""","=""25/2""","=""41/2""","=""41/2""","=""58/2""","=""67/2""","=""78/2""","=""86/2""","=""87/3""","=""92/3""","=""93/4""","=""96/4""","=""100/4""","=""102/4""","=""105/4""","=""109/4""","=""115/4""","=""122/4""","=""126/4""","=""130/4""","=""134/5""","=""138/5""","=""143/5""","=""147/5""","=""153/5""","=""162/5""","=""167/5""","=""169/5""","=""178/5""","=""185/5""","=""189/5""","=""192/5""","=""206/5""","=""212/5""","=""226/5""","=""234/5""","=""245/5""","=""256/5""","=""266/5""","=""275/5""","=""276/6""","=""284/6""","=""288/7""","=""298/7""","=""304/7""","=""312/7""",N/A
Match 601,West Indies,England,"Kennington Oval, London",1,2025-06-03,"=""3/0""","=""14/0""","=""20/0""","=""20/1""","=""21/1""","=""27/2""","=""36/3""","=""37/3""","=""48/3""","=""59/3""","=""64/3""","=""69/3""","=""73/3""","=""80/3""","=""83/3""","=""87/3""","=""90/3""","=""97/4""","=""108/4""","=""112/4""","=""120/4""","=""128/6""","=""136/6""","=""141/6""","=""148/6""","=""151/6""","=""153/6""","=""158/7""","=""162/7""","=""172/7""","=""178/7""","=""186/7""","=""195/7""","=""210/7""","=""216/7""","=""221/7""","=""227/7""","=""238/7""","=""246/8""","=""251/9""",N/A,N/A,N/A,N/A,N/A,N/A,N/A,N/A,N/A,N/A
Match 602,England,West Indies,"Kennington Oval, London",2,2025-06-03,"=""9/0""","=""21/0""","=""28/0""","=""39/0""","=""55/0""","=""73/0""","=""93/1""","=""100/1""","=""112/1""","=""121/1""","=""127/1""","=""131/1""","=""145/1""","=""151/1""","=""154/1""","=""155/2""","=""162/2""","=""165/2""","=""172/2""","=""177/2""","=""180/2""","=""184/2""","=""187/2""","=""198/2""","=""201/3""","=""205/3""","=""220/3""","=""228/3""","=""239/3""","=""246/3""",N/A,N/A,N/A,N/A,N/A,N/A,N/A,N/A,N/A,N/A,N/A,N/A,N/A,N/A,N/A,N/A,N/A,N/A,N/A,N/A
Match 603,England,South Africa,"Headingley, Leeds",1,2025-09-02,"=""8/0""","=""13/0""","=""21/1""","=""29/1""","=""33/1""","=""35/1""","=""44/1""","=""48/2""","=""56/2""","=""57/2""","=""66/2""","=""68/2""","=""73/2""","=""82/3""","=""85/3""","=""92/3""","=""101/3""","=""107/4""","=""109/5""","=""117/5""","=""119/6""","=""121/8""","=""127/8""","=""131/8""","=""131/10""",N/A,N/A,N/A,N/A,N/A,N/A,N/A,N/A,N/A,N/A,N/A,N/A,N/A,N/A,N/A,N/A,N/A,N/A,N/A,N/A,N/A,N/A,N/A,N/A,N/A
Match 604,South Africa,England,"Headingley, Leeds",2,2025-09-02,"=""14/0""","=""14/0""","=""34/0""","=""39/0""","=""49/0""","=""50/0""","=""62/0""","=""63/0""","=""65/0""","=""67/0""","=""76/0""","=""78/0""","=""80/0""","=""90/0""","=""95/0""","=""103/0""","=""114/0""","=""121/0""","=""125/1""","=""131/1""","=""137/3""",N/A,N/A,N/A,N/A,N/A,N/A,N/A,N/A,N/A,N/A,N/A,N/A,N/A,N/A,N/A,N/A,N/A,N/A,N/A,N/A,N/A,N/A,N/A,N/A,N/A,N/A,N/A,N/A,N/A
Match 605,South Africa,England,"Lord's, London",1,2025-09-04,"=""2/0""","=""9/0""","=""16/0""","=""19/0""","=""29/0""","=""30/0""","=""34/0""","=""34/0""","=""43/0""","=""51/0""","=""55/0""","=""71/0""","=""73/0""","=""74/1""","=""78/2""","=""83/2""","=""84/2""","=""87/2""","=""93/3""","=""95/3""","=""97/3""","=""105/3""","=""109/3""","=""113/3""","=""120/3""","=""120/3""","=""134/3""","=""138/3""","=""146/3""","=""150/3""","=""157/3""","=""163/3""","=""170/3""","=""185/3""","=""190/3""","=""193/3""","=""210/3""","=""213/3""","=""232/3""","=""240/4""","=""257/4""","=""263/5""","=""278/5""","=""291/5""","=""295/5""","=""303/6""","=""310/6""","=""319/6""","=""326/6""","=""330/8"""
Match 606,England,South Africa,"Lord's, London",2,2025-09-04,"=""1/1""","=""7/1""","=""15/1""","=""27/1""","=""28/1""","=""34/1""","=""49/1""","=""50/1""","=""55/1""","=""56/1""","=""62/1""","=""63/1""","=""66/2""","=""68/2""","=""72/2""","=""85/2""","=""87/2""","=""101/2""","=""121/2""","=""127/2""","=""129/2""","=""134/2""","=""140/2""","=""145/3""","=""147/4""","=""153/4""","=""159/4""","=""162/4""","=""166/4""","=""174/4""","=""182/4""","=""188/4""","=""193/4""","=""200/4""","=""212/4""","=""215/4""","=""217/5""","=""223/5""","=""231/5""","=""238/5""","=""245/5""","=""251/5""","=""259/6""","=""267/6""","=""276/6""","=""288/6""","=""291/8""","=""304/8""","=""315/9""","=""325/9"""
Match 607,England,South Africa,"The Rose Bowl, Southampton",1,2025-09-07,"=""3/0""","=""7/0""","=""20/0""","=""29/0""","=""35/0""","=""40/0""","=""49/0""","=""58/0""","=""62/1""","=""67/1""","=""70/1""","=""78/1""","=""92/1""","=""102/1""","=""110/1""","=""116/1""","=""119/2""","=""128/2""","=""137/2""","=""139/2""","=""147/2""","=""154/2""","=""163/2""","=""172/2""","=""179/2""","=""184/2""","=""191/2""","=""194/2""","=""196/2""","=""200/2""","=""209/2""","=""218/2""","=""221/2""","=""232/2""","=""246/2""","=""254/2""","=""259/2""","=""268/2""","=""284/2""","=""299/2""","=""302/4""","=""322/4""","=""328/4""","=""339/4""","=""354/4""","=""364/4""","=""372/5""","=""387/5""","=""397/5""","=""414/5"""
Match 608,South Africa,England,"The Rose Bowl, Southampton",2,2025-09-07,"=""0/1""","=""6/2""","=""6/3""","=""6/3""","=""7/4""","=""8/4""","=""12/4""","=""18/4""","=""18/5""","=""24/6""","=""28/6""","=""42/6""","=""43/6""","=""48/6""","=""49/7""","=""52/7""","=""57/8""","=""62/8""","=""69/8""","=""72/8""","=""72/9""",N/A,N/A,N/A,N/A,N/A,N/A,N/A,N/A,N/A,N/A,N/A,N/A,N/A,N/A,N/A,N/A,N/A,N/A,N/A,N/A,N/A,N/A,N/A,N/A,N/A,N/A,N/A,N/A,N/A
Match 609,West Indies,Sri Lanka,Pallekele International Cricket Stadium,1,2024-10-20,"=""10/0""","=""16/0""","=""22/0""","=""24/0""","=""27/0""","=""32/0""","=""34/0""","=""36/1""","=""41/1""","=""43/2""","=""48/2""","=""51/2""","=""54/3""","=""55/3""","=""56/3""","=""60/3""","=""67/3""","=""69/3""","=""78/3""","=""81/3""","=""83/3""","=""85/3""","=""91/3""","=""93/3""","=""94/3""","=""100/4""","=""101/4""","=""105/4""","=""108/4""","=""115/4""","=""119/4""","=""129/4""","=""135/4""","=""151/4""","=""158/4""","=""164/4""","=""169/4""","=""180/4""","=""185/4""",N/A,N/A,N/A,N/A,N/A,N/A,N/A,N/A,N/A,N/A,N/A
Match 610,Sri Lanka,West Indies,Pallekele International Cricket Stadium,2,2024-10-20,"=""2/0""","=""12/1""","=""21/1""","=""25/2""","=""39/2""","=""44/2""","=""51/3""","=""54/3""","=""63/3""","=""69/3""","=""73/3""","=""83/3""","=""88/3""","=""98/3""","=""110/3""","=""118/3""","=""125/3""","=""130/3""","=""134/3""","=""141/3""","=""144/3""","=""150/3""","=""162/3""","=""173/3""","=""182/4""","=""187/4""","=""189/5""","=""203/5""","=""211/5""","=""219/5""","=""222/5""","=""234/5""",N/A,N/A,N/A,N/A,N/A,N/A,N/A,N/A,N/A,N/A,N/A,N/A,N/A,N/A,N/A,N/A,N/A,N/A
Match 611,West Indies,Sri Lanka,Pallekele International Cricket Stadium,1,2024-10-23,"=""6/0""","=""12/0""","=""17/1""","=""18/2""","=""19/2""","=""24/3""","=""24/3""","=""31/3""","=""34/4""","=""37/4""","=""38/4""","=""41/4""","=""52/4""","=""57/6""","=""58/7""","=""62/8""","=""68/8""","=""77/8""","=""84/8""","=""92/8""","=""99/8""","=""105/8""","=""107/8""","=""112/8""","=""117/8""","=""125/8""","=""130/8""","=""134/8""","=""142/8""","=""147/8""","=""158/8""","=""165/8""","=""173/8""","=""176/8""","=""182/9""","=""189/10""",N/A,N/A,N/A,N/A,N/A,N/A,N/A,N/A,N/A,N/A,N/A,N/A,N/A,N/A
Match 612,Sri Lanka,West Indies,Pallekele International Cricket Stadium,2,2024-10-23,"=""4/0""","=""7/0""","=""10/0""","=""15/1""","=""17/1""","=""23/1""","=""23/1""","=""25/1""","=""25/2""","=""31/2""","=""33/2""","=""42/2""","=""50/2""","=""56/2""","=""66/2""","=""67/2""","=""73/2""","=""84/2""","=""87/2""","=""93/3""","=""100/3""","=""108/3""","=""112/4""","=""113/4""","=""117/4""","=""125/4""","=""137/4""","=""146/4""","=""149/4""","=""154/4""","=""156/4""","=""163/4""","=""166/4""","=""168/5""","=""172/5""","=""176/5""","=""181/5""","=""187/5""","=""190/5""",N/A,N/A,N/A,N/A,N/A,N/A,N/A,N/A,N/A,N/A,N/A
Match 613,Sri Lanka,West Indies,Pallekele International Cricket Stadium,1,2024-10-26,"=""1/0""","=""5/0""","=""9/0""","=""15/0""","=""18/0""","=""29/0""","=""30/0""","=""38/0""","=""43/0""","=""47/0""","=""49/0""","=""56/0""","=""57/0""","=""70/0""","=""71/0""","=""75/0""","=""81/0""","=""97/1""","=""108/1""","=""116/1""","=""133/1""","=""145/2""","=""156/3""",N/A,N/A,N/A,N/A,N/A,N/A,N/A,N/A,N/A,N/A,N/A,N/A,N/A,N/A,N/A,N/A,N/A,N/A,N/A,N/A,N/A,N/A,N/A,N/A,N/A,N/A,N/A
Match 614,West Indies,Sri Lanka,Pallekele International Cricket Stadium,2,2024-10-26,"=""7/0""","=""18/0""","=""22/0""","=""27/0""","=""35/0""","=""36/1""","=""51/1""","=""60/1""","=""69/1""","=""76/1""","=""85/1""","=""92/1""","=""94/1""","=""101/1""","=""113/2""","=""118/2""","=""125/2""","=""139/2""","=""157/2""","=""167/2""","=""180/2""","=""196/2""",N/A,N/A,N/A,N/A,N/A,N/A,N/A,N/A,N/A,N/A,N/A,N/A,N/A,N/A,N/A,N/A,N/A,N/A,N/A,N/A,N/A,N/A,N/A,N/A,N/A,N/A,N/A,N/A
Match 615,Sri Lanka,New Zealand,Rangiri Dambulla International Stadium,1,2024-11-13,"=""5/0""","=""9/0""","=""19/1""","=""24/1""","=""32/1""","=""44/1""","=""45/1""","=""51/1""","=""55/1""","=""57/1""","=""61/1""","=""66/1""","=""70/1""","=""72/1""","=""77/1""","=""84/1""","=""90/1""","=""98/1""","=""106/1""","=""110/1""","=""114/1""","=""117/1""","=""124/1""","=""129/1""","=""140/1""","=""151/1""","=""157/1""","=""169/1""","=""175/1""","=""179/1""","=""181/1""","=""193/1""","=""195/1""","=""199/1""","=""208/1""","=""212/1""","=""219/1""","=""222/1""","=""227/2""","=""238/3""","=""244/3""","=""255/3""","=""259/3""","=""277/3""","=""290/3""","=""293/4""","=""305/4""","=""308/4""","=""323/4""","=""324/5"""
Match 616,New Zealand,Sri Lanka,Rangiri Dambulla International Stadium,2,2024-11-13,"=""2/0""","=""10/0""","=""13/0""","=""22/0""","=""30/0""","=""39/0""","=""43/0""","=""56/0""","=""63/0""","=""71/0""","=""76/0""","=""83/0""","=""87/0""","=""89/2""","=""96/3""","=""99/3""","=""101/4""","=""110/5""","=""116/5""","=""128/5""","=""132/5""","=""145/6""","=""149/6""","=""156/6""","=""162/7""","=""170/7""","=""175/9""",N/A,N/A,N/A,N/A,N/A,N/A,N/A,N/A,N/A,N/A,N/A,N/A,N/A,N/A,N/A,N/A,N/A,N/A,N/A,N/A,N/A,N/A,N/A
Match 617,New Zealand,Sri Lanka,Pallekele International Cricket Stadium,1,2024-11-17,"=""5/0""","=""9/1""","=""11/1""","=""16/1""","=""24/1""","=""26/1""","=""30/1""","=""31/2""","=""37/2""","=""38/2""","=""41/2""","=""45/2""","=""51/2""","=""57/2""","=""59/2""","=""67/2""","=""69/3""","=""70/3""","=""74/3""","=""81/3""","=""86/3""","=""91/3""","=""98/3""","=""99/4""","=""100/4""","=""103/4""","=""105/4""","=""107/4""","=""110/4""","=""111/4""","=""124/4""","=""133/4""","=""140/4""","=""148/4""","=""163/4""","=""173/4""","=""174/6""","=""176/6""","=""181/6""","=""185/6""","=""186/8""","=""189/8""","=""194/8""","=""199/9""","=""209/9""","=""209/10""",N/A,N/A,N/A,N/A
Match 618,Sri Lanka,New Zealand,Pallekele International Cricket Stadium,2,2024-11-17,"=""1/0""","=""9/0""","=""17/0""","=""22/0""","=""24/1""","=""28/1""","=""35/1""","=""37/1""","=""37/1""","=""41/2""","=""46/2""","=""51/3""","=""56/3""","=""58/3""","=""61/3""","=""66/4""","=""72/4""","=""75/4""","=""80/4""","=""84/4""","=""92/4""","=""95/5""","=""103/5""","=""107/5""","=""108/5""","=""113/5""","=""114/5""","=""120/5""","=""122/5""","=""127/5""","=""130/5""","=""132/6""","=""140/6""","=""154/6""","=""157/6""","=""163/6""","=""164/7""","=""166/7""","=""173/7""","=""174/7""","=""189/7""","=""195/7""","=""199/7""","=""201/7""","=""205/7""","=""210/7""",N/A,N/A,N/A,N/A
Match 619,New Zealand,Sri Lanka,Pallekele International Cricket Stadium,1,2024-11-19,"=""11/0""","=""11/0""","=""24/0""","=""25/1""","=""30/1""","=""39/1""","=""48/1""","=""54/1""","=""55/1""","=""59/1""","=""71/1""","=""73/1""","=""76/1""","=""79/1""","=""80/1""","=""83/1""","=""88/1""","=""92/1""","=""97/1""","=""108/1""","=""112/1""",N/A,N/A,N/A,N/A,N/A,N/A,N/A,N/A,N/A,N/A,N/A,N/A,N/A,N/A,N/A,N/A,N/A,N/A,N/A,N/A,N/A,N/A,N/A,N/A,N/A,N/A,N/A,N/A,N/A
Match 620,Sri Lanka,Australia,"R Premadasa Stadium, Colombo",1,2025-02-12,"=""4/1""","=""6/2""","=""11/2""","=""13/2""","=""26/2""","=""30/3""","=""35/4""","=""36/4""","=""39/4""","=""39/4""","=""40/4""","=""43/4""","=""52/4""","=""55/4""","=""62/5""","=""65/5""","=""80/5""","=""86/5""","=""90/5""","=""94/5""","=""101/5""","=""102/5""","=""109/5""","=""114/5""","=""120/5""","=""122/6""","=""124/6""","=""128/6""","=""130/6""","=""133/6""","=""134/7""","=""135/7""","=""135/8""","=""140/8""","=""141/8""","=""142/8""","=""149/8""","=""154/8""","=""159/8""","=""166/8""","=""180/8""","=""185/8""","=""188/8""","=""199/8""","=""208/8""","=""214/10""",N/A,N/A,N/A,N/A
Match 621,Australia,Sri Lanka,"R Premadasa Stadium, Colombo",2,2025-02-12,"=""2/1""","=""7/1""","=""7/2""","=""12/2""","=""18/2""","=""18/3""","=""26/3""","=""27/3""","=""31/3""","=""36/4""","=""38/4""","=""45/4""","=""52/4""","=""60/4""","=""75/4""","=""77/4""","=""81/4""","=""85/5""","=""86/6""","=""95/6""","=""98/6""","=""103/6""","=""108/6""","=""115/6""","=""121/6""","=""126/7""","=""127/8""","=""130/8""","=""136/8""","=""141/8""","=""145/9""","=""155/9""","=""162/9""","=""165/10""",N/A,N/A,N/A,N/A,N/A,N/A,N/A,N/A,N/A,N/A,N/A,N/A,N/A,N/A,N/A,N/A
Match 622,New Zealand,Pakistan,"National Stadium, Karachi",1,2025-02-19,"=""3/0""","=""8/0""","=""17/0""","=""24/0""","=""30/0""","=""33/0""","=""39/0""","=""40/1""","=""45/2""","=""48/2""","=""50/2""","=""55/2""","=""64/2""","=""68/2""","=""71/2""","=""73/2""","=""77/3""","=""80/3""","=""86/3""","=""93/3""","=""94/3""","=""98/3""","=""105/3""","=""110/3""","=""113/3""","=""119/3""","=""124/3""","=""129/3""","=""139/3""","=""148/3""","=""151/3""","=""159/3""","=""164/3""","=""171/3""","=""175/3""","=""183/3""","=""187/3""","=""193/4""","=""198/4""","=""207/4""","=""212/4""","=""215/4""","=""224/4""","=""240/4""","=""256/4""","=""265/4""","=""283/4""","=""294/4""","=""306/4""","=""320/5"""
Match 623,Pakistan,New Zealand,"National Stadium, Karachi",2,2025-02-19,"=""1/0""","=""3/0""","=""5/0""","=""8/1""","=""12/1""","=""14/1""","=""14/1""","=""19/1""","=""21/1""","=""22/2""","=""24/2""","=""33/2""","=""35/2""","=""41/2""","=""49/2""","=""55/2""","=""55/2""","=""60/2""","=""65/2""","=""66/2""","=""69/3""","=""70/3""","=""72/3""","=""80/3""","=""83/3""","=""84/3""","=""94/3""","=""104/3""","=""119/3""","=""124/3""","=""128/4""","=""130/5""","=""146/5""","=""153/6""","=""156/6""","=""166/6""","=""175/6""","=""183/6""","=""187/6""","=""196/6""","=""200/7""","=""213/7""","=""225/7""","=""229/8""","=""236/8""","=""245/8""","=""260/9""","=""260/10""",N/A,N/A
Match 624,Bangladesh,India,Dubai International Cricket Stadium,1,2025-02-20,"=""1/1""","=""2/2""","=""11/2""","=""13/2""","=""22/2""","=""26/2""","=""27/3""","=""35/3""","=""36/5""","=""39/5""","=""42/5""","=""49/5""","=""50/5""","=""54/5""","=""62/5""","=""65/5""","=""65/5""","=""66/5""","=""70/5""","=""79/5""","=""83/5""","=""84/5""","=""86/5""","=""90/5""","=""92/5""","=""95/5""","=""98/5""","=""99/5""","=""103/5""","=""111/5""","=""113/5""","=""119/5""","=""123/5""","=""128/5""","=""132/5""","=""136/5""","=""142/5""","=""151/5""","=""162/5""","=""165/5""","=""176/5""","=""183/5""","=""189/6""","=""192/6""","=""212/6""","=""214/7""","=""221/8""","=""226/8""","=""228/9""","=""228/10"""
Match 625,India,Bangladesh,Dubai International Cricket Stadium,2,2025-02-20,"=""5/0""","=""6/0""","=""11/0""","=""22/0""","=""23/0""","=""35/0""","=""41/0""","=""51/0""","=""65/0""","=""69/1""","=""70/1""","=""72/1""","=""75/1""","=""78/1""","=""84/1""","=""88/1""","=""91/1""","=""94/1""","=""97/1""","=""101/1""","=""104/1""","=""111/1""","=""112/2""","=""118/2""","=""122/2""","=""124/2""","=""126/2""","=""134/3""","=""138/3""","=""144/3""","=""145/4""","=""151/4""","=""154/4""","=""158/4""","=""161/4""","=""165/4""","=""172/4""","=""175/4""","=""186/4""","=""189/4""","=""195/4""","=""198/4""","=""201/4""","=""210/4""","=""221/4""","=""223/4""","=""231/4""",N/A,N/A,N/A
Match 626,England,Australia,"Gaddafi Stadium, Lahore",1,2025-02-22,"=""12/0""","=""17/1""","=""20/1""","=""32/1""","=""42/1""","=""46/2""","=""55/2""","=""60/2""","=""64/2""","=""73/2""","=""80/2""","=""87/2""","=""91/2""","=""102/2""","=""108/2""","=""113/2""","=""116/2""","=""126/2""","=""129/2""","=""132/2""","=""143/2""","=""150/2""","=""154/2""","=""159/2""","=""166/2""","=""171/2""","=""179/2""","=""183/2""","=""191/2""","=""200/2""","=""201/3""","=""210/3""","=""216/3""","=""219/3""","=""224/4""","=""228/4""","=""241/4""","=""248/4""","=""258/4""","=""268/4""","=""280/5""","=""285/5""","=""289/5""","=""299/5""","=""303/5""","=""311/5""","=""321/6""","=""325/7""","=""336/7""","=""351/8"""
Match 627,Australia,England,"Gaddafi Stadium, Lahore",2,2025-02-22,"=""8/0""","=""17/0""","=""21/0""","=""27/1""","=""31/2""","=""43/2""","=""50/2""","=""57/2""","=""62/2""","=""76/2""","=""79/2""","=""85/2""","=""92/2""","=""94/2""","=""103/2""","=""109/2""","=""114/2""","=""118/2""","=""122/2""","=""129/3""","=""135/3""","=""136/3""","=""140/4""","=""146/4""","=""156/4""","=""161/4""","=""176/4""","=""184/4""","=""190/4""","=""197/4""","=""203/4""","=""212/4""","=""221/4""","=""226/4""","=""234/4""","=""241/4""","=""244/4""","=""250/4""","=""261/4""","=""265/4""","=""272/4""","=""282/5""","=""295/5""","=""308/5""","=""318/5""","=""329/5""","=""348/5""","=""356/5""",N/A,N/A
Match 628,Pakistan,India,Dubai International Cricket Stadium,1,2025-02-23,"=""6/0""","=""10/0""","=""14/0""","=""22/0""","=""25/0""","=""26/0""","=""31/0""","=""37/0""","=""47/1""","=""52/2""","=""55/2""","=""58/2""","=""59/2""","=""61/2""","=""63/2""","=""70/2""","=""72/2""","=""74/2""","=""77/2""","=""79/2""","=""82/2""","=""86/2""","=""90/2""","=""94/2""","=""99/2""","=""107/2""","=""116/2""","=""121/2""","=""126/2""","=""129/2""","=""137/2""","=""142/2""","=""150/2""","=""154/3""","=""160/4""","=""165/4""","=""167/5""","=""170/5""","=""177/5""","=""183/5""","=""188/5""","=""197/5""","=""200/7""","=""206/7""","=""212/7""","=""219/7""","=""222/8""","=""227/8""","=""241/9""","=""241/10"""
Match 629,India,Pakistan,Dubai International Cricket Stadium,2,2025-02-23,"=""2/0""","=""12/0""","=""20/0""","=""26/0""","=""31/1""","=""32/1""","=""46/1""","=""49/1""","=""63/1""","=""64/1""","=""67/1""","=""70/1""","=""84/1""","=""87/1""","=""89/1""","=""93/1""","=""99/1""","=""102/2""","=""107/2""","=""109/2""","=""115/2""","=""118/2""","=""123/2""","=""124/2""","=""126/2""","=""128/2""","=""136/2""","=""140/2""","=""150/2""","=""160/2""","=""168/2""","=""175/2""","=""179/2""","=""185/2""","=""189/2""","=""200/2""","=""201/2""","=""209/2""","=""215/3""","=""223/4""","=""225/4""","=""238/4""","=""244/4""",N/A,N/A,N/A,N/A,N/A,N/A,N/A
Match 630,Bangladesh,New Zealand,Rawalpindi Cricket Stadium,1,2025-02-24,"=""3/0""","=""13/0""","=""14/0""","=""16/0""","=""24/0""","=""24/0""","=""33/0""","=""45/0""","=""51/1""","=""58/1""","=""61/1""","=""64/2""","=""66/2""","=""77/2""","=""78/2""","=""80/2""","=""81/2""","=""83/2""","=""91/2""","=""97/2""","=""99/3""","=""105/3""","=""106/4""","=""113/4""","=""114/4""","=""118/4""","=""119/5""","=""123/5""","=""127/5""","=""131/5""","=""138/5""","=""140/5""","=""143/5""","=""146/5""","=""149/5""","=""156/5""","=""163/5""","=""165/6""","=""165/6""","=""172/6""","=""184/6""","=""193/6""","=""196/6""","=""202/7""","=""202/7""","=""213/7""","=""223/7""","=""231/7""","=""234/8""","=""236/9"""
Match 631,New Zealand,Bangladesh,Rawalpindi Cricket Stadium,2,2025-02-24,"=""0/1""","=""5/1""","=""13/1""","=""19/2""","=""19/2""","=""20/2""","=""28/2""","=""40/2""","=""49/2""","=""54/2""","=""57/2""","=""58/2""","=""65/2""","=""66/2""","=""71/2""","=""74/3""","=""78/3""","=""87/3""","=""90/3""","=""94/3""","=""99/3""","=""103/3""","=""105/3""","=""108/3""","=""111/3""","=""121/3""","=""128/3""","=""140/3""","=""146/3""","=""151/3""","=""160/3""","=""164/3""","=""165/3""","=""171/3""","=""177/3""","=""183/3""","=""191/3""","=""200/3""","=""205/4""","=""208/4""","=""212/4""","=""214/5""","=""223/5""","=""228/5""","=""231/5""","=""236/5""","=""240/5""",N/A,N/A,N/A
Match 632,England,South Africa,"National Stadium, Karachi",1,2025-03-01,"=""9/1""","=""18/1""","=""20/2""","=""28/2""","=""35/2""","=""37/2""","=""38/3""","=""47/3""","=""57/3""","=""62/3""","=""70/3""","=""77/3""","=""82/3""","=""85/3""","=""87/3""","=""92/3""","=""100/4""","=""104/5""","=""108/5""","=""110/5""","=""114/6""","=""116/6""","=""119/6""","=""124/6""","=""129/6""","=""129/7""","=""132/7""","=""145/7""","=""147/7""","=""153/7""","=""157/7""","=""159/7""","=""159/7""","=""167/7""","=""171/8""","=""174/9""","=""175/9""","=""179/9""","=""179/10""",N/A,N/A,N/A,N/A,N/A,N/A,N/A,N/A,N/A,N/A,N/A
Match 633,South Africa,England,"National Stadium, Karachi",2,2025-03-01,"=""5/0""","=""11/0""","=""16/1""","=""24/1""","=""29/1""","=""35/1""","=""38/1""","=""43/1""","=""52/2""","=""58/2""","=""59/2""","=""65/2""","=""69/2""","=""78/2""","=""81/2""","=""89/2""","=""95/2""","=""97/2""","=""102/2""","=""111/2""","=""120/2""","=""123/2""","=""137/2""","=""139/2""","=""151/2""","=""159/2""","=""166/2""","=""174/2""","=""175/3""","=""181/3""",N/A,N/A,N/A,N/A,N/A,N/A,N/A,N/A,N/A,N/A,N/A,N/A,N/A,N/A,N/A,N/A,N/A,N/A,N/A,N/A
Match 634,India,New Zealand,Dubai International Cricket Stadium,1,2025-03-02,"=""6/0""","=""7/0""","=""15/1""","=""17/1""","=""21/1""","=""24/2""","=""30/3""","=""33/3""","=""35/3""","=""37/3""","=""38/3""","=""41/3""","=""44/3""","=""44/3""","=""46/3""","=""57/3""","=""70/3""","=""72/3""","=""76/3""","=""78/3""","=""84/3""","=""88/3""","=""90/3""","=""96/3""","=""104/3""","=""108/3""","=""117/3""","=""118/3""","=""127/3""","=""130/4""","=""131/4""","=""138/4""","=""144/4""","=""154/4""","=""164/4""","=""170/4""","=""173/5""","=""177/5""","=""182/5""","=""185/6""","=""196/6""","=""199/6""","=""202/6""","=""208/6""","=""216/6""","=""223/7""","=""225/7""","=""229/7""","=""244/7""","=""249/9"""
Match 635,New Zealand,India,Dubai International Cricket Stadium,2,2025-03-02,"=""4/0""","=""9/0""","=""10/0""","=""17/1""","=""23/1""","=""28/1""","=""30/1""","=""35/1""","=""37/1""","=""44/1""","=""48/1""","=""49/2""","=""50/2""","=""53/2""","=""55/2""","=""57/2""","=""64/2""","=""67/2""","=""73/2""","=""80/2""","=""83/2""","=""85/2""","=""87/2""","=""92/2""","=""93/2""","=""104/3""","=""110/3""","=""114/3""","=""122/3""","=""125/3""","=""128/3""","=""132/3""","=""137/4""","=""140/4""","=""144/4""","=""152/5""","=""159/5""","=""161/6""","=""162/6""","=""165/6""","=""169/7""","=""176/7""","=""184/7""","=""193/7""","=""198/9""","=""205/10""",N/A,N/A,N/A,N/A
Match 636,Australia,India,Dubai International Cricket Stadium,1,2025-03-04,"=""2/0""","=""3/0""","=""4/1""","=""17/1""","=""31/1""","=""36/1""","=""47/1""","=""53/1""","=""58/2""","=""63/2""","=""66/2""","=""69/2""","=""72/2""","=""72/2""","=""76/2""","=""82/2""","=""84/2""","=""91/2""","=""96/2""","=""105/2""","=""105/2""","=""106/2""","=""113/3""","=""120/3""","=""125/3""","=""133/3""","=""144/4""","=""146/4""","=""152/4""","=""158/4""","=""160/4""","=""165/4""","=""173/4""","=""182/4""","=""186/4""","=""195/4""","=""199/5""","=""206/6""","=""207/6""","=""213/6""","=""214/6""","=""217/6""","=""227/6""","=""234/6""","=""239/6""","=""242/7""","=""248/7""","=""252/8""","=""262/9""","=""264/10"""
Match 637,India,Australia,Dubai International Cricket Stadium,2,2025-03-04,"=""7/0""","=""15/0""","=""17/0""","=""19/0""","=""30/1""","=""39/1""","=""42/1""","=""43/2""","=""47/2""","=""55/2""","=""58/2""","=""61/2""","=""64/2""","=""71/2""","=""75/2""","=""82/2""","=""85/2""","=""88/2""","=""93/2""","=""103/2""","=""106/2""","=""110/2""","=""117/2""","=""122/2""","=""131/2""","=""134/2""","=""136/3""","=""141/3""","=""147/3""","=""150/3""","=""158/3""","=""161/3""","=""167/3""","=""175/3""","=""178/4""","=""183/4""","=""187/4""","=""192/4""","=""198/4""","=""200/4""","=""208/4""","=""217/4""","=""226/5""","=""229/5""","=""237/5""","=""238/5""","=""253/5""","=""261/6""","=""267/6""",N/A
Match 638,New Zealand,South Africa,"Gaddafi Stadium, Lahore",1,2025-03-05,"=""2/0""","=""6/0""","=""12/0""","=""21/0""","=""29/0""","=""30/0""","=""44/0""","=""48/1""","=""51/1""","=""56/1""","=""63/1""","=""67/1""","=""67/1""","=""77/1""","=""87/1""","=""91/1""","=""94/1""","=""109/1""","=""111/1""","=""113/1""","=""117/1""","=""122/1""","=""127/1""","=""130/1""","=""143/1""","=""147/1""","=""159/1""","=""169/1""","=""175/1""","=""181/1""","=""184/1""","=""201/1""","=""212/1""","=""213/2""","=""216/2""","=""224/2""","=""234/2""","=""243/2""","=""245/2""","=""252/3""","=""257/3""","=""261/4""","=""274/4""","=""279/4""","=""296/4""","=""314/4""","=""324/5""","=""343/5""","=""349/5""","=""362/6"""
Match 639,South Africa,New Zealand,"Gaddafi Stadium, Lahore",2,2025-03-05,"=""8/0""","=""8/0""","=""14/0""","=""19/0""","=""24/1""","=""30/1""","=""33/1""","=""36/1""","=""46/1""","=""56/1""","=""69/1""","=""72/1""","=""77/1""","=""79/1""","=""85/1""","=""90/1""","=""94/1""","=""105/1""","=""106/1""","=""107/1""","=""118/1""","=""125/1""","=""128/2""","=""139/2""","=""143/2""","=""157/2""","=""162/3""","=""166/3""","=""167/4""","=""174/4""","=""181/4""","=""185/4""","=""189/5""","=""191/5""","=""193/5""","=""200/6""","=""202/6""","=""212/7""","=""217/7""","=""223/8""","=""226/8""","=""237/8""","=""240/8""","=""245/8""","=""253/8""","=""259/9""","=""264/9""","=""279/9""","=""294/9""","=""312/9"""
Match 640,New Zealand,India,Dubai International Cricket Stadium,1,2025-03-09,"=""4/0""","=""6/0""","=""10/0""","=""26/0""","=""37/0""","=""46/0""","=""51/0""","=""58/1""","=""64/1""","=""69/1""","=""73/2""","=""75/2""","=""77/3""","=""81/3""","=""83/3""","=""85/3""","=""90/3""","=""95/3""","=""99/3""","=""101/3""","=""102/3""","=""104/3""","=""107/3""","=""110/4""","=""114/4""","=""116/4""","=""123/4""","=""126/4""","=""131/4""","=""135/4""","=""138/4""","=""143/4""","=""147/4""","=""149/4""","=""153/4""","=""156/4""","=""161/4""","=""165/5""","=""168/5""","=""172/5""","=""175/5""","=""178/5""","=""184/5""","=""196/5""","=""201/5""","=""212/6""","=""216/6""","=""227/6""","=""239/7""","=""251/7"""
Match 641,India,New Zealand,Dubai International Cricket Stadium,2,2025-03-09,"=""9/0""","=""22/0""","=""25/0""","=""30/0""","=""31/0""","=""39/0""","=""45/0""","=""59/0""","=""60/0""","=""64/0""","=""65/0""","=""71/0""","=""76/0""","=""86/0""","=""93/0""","=""97/0""","=""100/0""","=""103/0""","=""106/1""","=""108/2""","=""113/2""","=""115/2""","=""117/2""","=""121/2""","=""122/2""","=""122/2""","=""122/3""","=""128/3""","=""133/3""","=""136/3""","=""141/3""","=""145/3""","=""154/3""","=""159/3""","=""161/3""","=""166/3""","=""176/3""","=""183/3""","=""190/4""","=""191/4""","=""202/4""","=""203/5""","=""206/5""","=""212/5""","=""220/5""","=""231/5""","=""240/5""","=""245/6""","=""254/6""",N/A
Match 642,Zimbabwe,Ireland,Harare Sports Club,1,2025-02-14,"=""4/0""","=""12/0""","=""13/0""","=""28/0""","=""36/0""","=""37/0""","=""40/0""","=""40/0""","=""52/0""","=""60/0""","=""69/0""","=""69/0""","=""73/0""","=""80/0""","=""83/0""","=""86/0""","=""88/0""","=""90/0""","=""95/1""","=""98/1""","=""104/1""","=""108/1""","=""116/1""","=""120/1""","=""122/1""","=""126/1""","=""133/1""","=""136/1""","=""140/1""","=""149/1""","=""152/1""","=""154/1""","=""160/1""","=""177/1""","=""183/1""","=""189/1""","=""198/1""","=""202/1""","=""215/1""","=""220/1""","=""231/2""","=""235/2""","=""242/2""","=""247/3""","=""257/3""","=""269/3""","=""278/3""","=""285/4""","=""291/4""","=""299/5"""
Match 643,Ireland,Zimbabwe,Harare Sports Club,2,2025-02-14,"=""8/1""","=""13/1""","=""15/1""","=""21/1""","=""25/1""","=""29/1""","=""46/1""","=""55/2""","=""55/2""","=""60/2""","=""65/2""","=""69/2""","=""72/2""","=""76/2""","=""83/2""","=""86/2""","=""88/2""","=""93/2""","=""98/2""","=""101/2""","=""105/2""","=""111/3""","=""118/3""","=""121/3""","=""126/3""","=""129/3""","=""133/3""","=""140/3""","=""148/3""","=""151/3""","=""154/3""","=""155/3""","=""157/4""","=""163/5""","=""167/5""","=""173/6""","=""178/6""","=""185/6""","=""203/6""","=""211/6""","=""221/6""","=""228/6""","=""234/6""","=""240/6""","=""247/8""","=""250/10""",N/A,N/A,N/A,N/A
Match 644,Zimbabwe,Ireland,Harare Sports Club,1,2025-02-16,"=""2/0""","=""3/0""","=""9/0""","=""13/0""","=""19/0""","=""29/0""","=""38/1""","=""38/1""","=""40/1""","=""43/1""","=""45/1""","=""54/2""","=""57/2""","=""66/2""","=""73/2""","=""77/2""","=""77/3""","=""78/3""","=""85/3""","=""89/3""","=""91/3""","=""97/3""","=""107/3""","=""113/3""","=""121/3""","=""126/3""","=""130/3""","=""136/3""","=""141/3""","=""146/3""","=""148/3""","=""151/3""","=""152/4""","=""157/4""","=""157/6""","=""163/6""","=""171/6""","=""175/6""","=""177/6""","=""183/6""","=""189/6""","=""201/6""","=""207/6""","=""216/7""","=""224/7""","=""232/8""","=""236/9""","=""239/9""","=""245/10""",N/A
Match 645,Ireland,Zimbabwe,Harare Sports Club,2,2025-02-16,"=""4/0""","=""18/0""","=""23/0""","=""24/0""","=""27/0""","=""31/1""","=""37/1""","=""42/1""","=""49/1""","=""57/1""","=""65/1""","=""68/1""","=""74/1""","=""79/1""","=""81/1""","=""84/1""","=""89/1""","=""89/1""","=""93/1""","=""99/1""","=""105/1""","=""108/1""","=""113/1""","=""119/1""","=""123/1""","=""129/1""","=""134/1""","=""139/1""","=""142/1""","=""148/1""","=""157/1""","=""165/1""","=""169/1""","=""174/2""","=""181/2""","=""181/3""","=""184/3""","=""198/3""","=""199/3""","=""200/4""","=""203/4""","=""217/4""","=""220/4""","=""224/4""","=""227/4""","=""239/4""","=""242/4""","=""245/4""","=""249/4""",N/A
Match 646,Ireland,Zimbabwe,Harare Sports Club,1,2025-02-18,"=""1/0""","=""3/0""","=""8/0""","=""10/0""","=""14/0""","=""16/0""","=""17/1""","=""21/1""","=""26/1""","=""26/1""","=""30/1""","=""39/1""","=""42/1""","=""45/2""","=""51/2""","=""51/2""","=""59/2""","=""60/2""","=""65/2""","=""68/2""","=""71/2""","=""73/2""","=""77/2""","=""79/2""","=""87/2""","=""89/2""","=""93/2""","=""96/2""","=""100/2""","=""109/2""","=""117/2""","=""120/2""","=""130/3""","=""131/3""","=""138/3""","=""147/3""","=""149/3""","=""154/3""","=""160/4""","=""168/4""","=""175/5""","=""178/5""","=""187/5""","=""191/5""","=""199/5""","=""207/5""","=""214/5""","=""223/5""","=""230/5""","=""240/6"""
Match 647,Zimbabwe,Ireland,Harare Sports Club,2,2025-02-18,"=""7/0""","=""9/0""","=""10/0""","=""17/0""","=""30/0""","=""38/0""","=""44/0""","=""53/0""","=""62/0""","=""77/0""","=""84/0""","=""92/0""","=""94/0""","=""96/0""","=""102/0""","=""107/0""","=""113/0""","=""115/0""","=""123/0""","=""126/1""","=""128/1""","=""133/1""","=""143/1""","=""146/1""","=""151/1""","=""155/1""","=""157/1""","=""168/1""","=""178/1""","=""180/1""","=""185/1""","=""188/1""","=""197/1""","=""205/1""","=""209/1""","=""210/1""","=""217/1""","=""222/1""","=""235/1""","=""246/1""",N/A,N/A,N/A,N/A,N/A,N/A,N/A,N/A,N/A,N/A
Match 648,Sri Lanka,Australia,"R Premadasa Stadium, Colombo",1,2025-02-14,"=""4/0""","=""8/0""","=""8/0""","=""11/0""","=""15/0""","=""19/1""","=""24/1""","=""26/1""","=""27/1""","=""40/1""","=""43/1""","=""49/1""","=""50/1""","=""55/1""","=""60/1""","=""65/1""","=""66/1""","=""74/1""","=""82/1""","=""86/1""","=""94/1""","=""104/1""","=""107/1""","=""113/1""","=""115/2""","=""118/2""","=""121/3""","=""124/3""","=""125/3""","=""129/3""","=""131/3""","=""134/3""","=""140/3""","=""148/3""","=""150/3""","=""152/3""","=""162/3""","=""170/3""","=""180/3""","=""184/3""","=""191/3""","=""196/3""","=""205/3""","=""215/3""","=""223/4""","=""230/4""","=""242/4""","=""254/4""","=""264/4""","=""281/4"""
Match 649,Australia,Sri Lanka,"R Premadasa Stadium, Colombo",2,2025-02-14,"=""14/0""","=""16/0""","=""20/1""","=""24/1""","=""28/2""","=""33/2""","=""34/3""","=""35/3""","=""38/3""","=""48/3""","=""54/3""","=""61/3""","=""67/3""","=""72/3""","=""79/4""","=""80/5""","=""83/6""","=""83/7""","=""86/7""","=""86/8""","=""94/9""","=""100/9""","=""101/9""","=""105/9""","=""107/10""",N/A,N/A,N/A,N/A,N/A,N/A,N/A,N/A,N/A,N/A,N/A,N/A,N/A,N/A,N/A,N/A,N/A,N/A,N/A,N/A,N/A,N/A,N/A,N/A,N/A
Match 650,Ireland,West Indies,"Castle Avenue, Dublin",1,2025-05-21,"=""2/0""","=""6/0""","=""6/0""","=""10/0""","=""20/0""","=""21/0""","=""30/0""","=""40/0""","=""46/0""","=""54/0""","=""63/0""","=""66/0""","=""69/0""","=""76/0""","=""77/0""","=""78/0""","=""82/0""","=""89/0""","=""92/0""","=""97/0""","=""108/0""","=""109/0""","=""116/1""","=""120/1""","=""123/1""","=""129/1""","=""132/1""","=""135/1""","=""139/1""","=""151/2""","=""156/2""","=""160/2""","=""169/2""","=""176/2""","=""187/2""","=""195/2""","=""198/2""","=""206/2""","=""211/2""","=""220/2""","=""224/2""","=""235/2""","=""245/2""","=""256/3""","=""265/3""","=""273/3""","=""283/3""","=""288/4""","=""294/6""","=""303/6"""
Match 651,West Indies,Ireland,"Castle Avenue, Dublin",2,2025-05-21,"=""1/0""","=""1/0""","=""3/1""","=""3/1""","=""8/1""","=""16/1""","=""20/2""","=""25/2""","=""29/4""","=""35/5""","=""51/5""","=""57/5""","=""69/5""","=""70/5""","=""74/6""","=""75/6""","=""84/6""","=""86/6""","=""88/6""","=""93/6""","=""106/6""","=""109/6""","=""113/6""","=""115/6""","=""120/6""","=""128/6""","=""136/6""","=""140/6""","=""145/6""","=""153/6""","=""156/6""","=""169/7""","=""171/7""","=""179/9""","=""179/10""",N/A,N/A,N/A,N/A,N/A,N/A,N/A,N/A,N/A,N/A,N/A,N/A,N/A,N/A,N/A
Match 652,West Indies,Ireland,"Castle Avenue, Dublin",1,2025-05-23,"=""4/0""","=""16/0""","=""20/1""","=""26/1""","=""31/1""","=""36/1""","=""41/1""","=""48/2""","=""52/2""","=""55/2""","=""58/2""","=""64/2""","=""73/2""","=""77/2""","=""79/2""","=""81/2""","=""84/2""","=""87/2""","=""95/2""","=""105/2""","=""114/2""","=""120/2""","=""127/3""","=""132/3""","=""136/3""","=""139/3""","=""143/3""","=""148/3""","=""165/3""","=""167/3""","=""174/3""","=""183/3""","=""187/3""","=""192/4""","=""203/4""","=""207/4""","=""214/5""","=""219/5""","=""222/5""","=""227/5""","=""233/5""","=""239/5""","=""246/5""","=""254/6""","=""280/6""","=""296/6""","=""315/7""","=""327/7""","=""338/7""","=""352/8"""
Match 653,West Indies,Ireland,"Castle Avenue, Dublin",1,2025-05-25,"=""8/1""","=""16/1""","=""21/1""","=""25/1""","=""31/2""","=""33/2""","=""42/2""","=""46/2""","=""50/2""","=""58/2""","=""64/2""","=""67/2""","=""74/2""","=""76/2""","=""82/2""","=""85/2""","=""96/2""","=""100/2""","=""102/2""","=""106/2""","=""115/2""","=""124/2""","=""131/2""","=""139/2""","=""144/2""","=""146/2""","=""155/2""","=""161/2""","=""167/2""","=""169/3""","=""180/3""","=""183/3""","=""188/3""","=""191/3""","=""194/3""","=""198/3""","=""214/3""","=""226/3""","=""237/3""","=""241/3""","=""246/4""","=""253/4""","=""272/4""","=""291/4""","=""300/4""","=""314/4""","=""342/4""","=""357/5""","=""370/6""","=""385/7"""
Match 654,Ireland,West Indies,"Castle Avenue, Dublin",2,2025-05-25,"=""3/0""","=""3/1""","=""11/1""","=""17/1""","=""29/1""","=""38/1""","=""40/1""","=""40/3""","=""40/3""","=""46/3""","=""50/3""","=""57/3""","=""63/3""","=""73/3""","=""79/3""","=""84/3""","=""94/3""","=""104/3""","=""110/3""","=""112/3""","=""112/4""","=""113/5""","=""122/5""","=""127/5""","=""128/5""","=""136/5""","=""148/5""","=""159/5""","=""160/7""","=""165/8""",N/A,N/A,N/A,N/A,N/A,N/A,N/A,N/A,N/A,N/A,N/A,N/A,N/A,N/A,N/A,N/A,N/A,N/A,N/A,N/A
Match 655,West Indies,Pakistan,"Brian Lara Stadium, Tarouba, Trinidad",1,2025-08-08,"=""4/1""","=""6/1""","=""14/1""","=""23/1""","=""29/1""","=""32/1""","=""39/1""","=""39/1""","=""49/1""","=""59/1""","=""69/1""","=""73/1""","=""75/1""","=""81/1""","=""84/2""","=""85/2""","=""96/2""","=""98/2""","=""105/3""","=""112/3""","=""118/3""","=""121/3""","=""124/3""","=""131/3""","=""135/3""","=""137/4""","=""138/4""","=""147/4""","=""150/4""","=""154/4""","=""160/4""","=""165/4""","=""173/4""","=""174/4""","=""178/4""","=""182/4""","=""185/4""","=""188/4""","=""191/4""","=""196/4""","=""201/5""","=""206/5""","=""215/6""","=""224/6""","=""233/7""","=""243/7""","=""254/7""","=""268/8""","=""280/10""",N/A
Match 656,Pakistan,West Indies,"Brian Lara Stadium, Tarouba, Trinidad",2,2025-08-08,"=""4/0""","=""13/0""","=""16/1""","=""21/1""","=""21/1""","=""29/1""","=""33/1""","=""35/1""","=""44/1""","=""48/1""","=""57/1""","=""63/2""","=""63/2""","=""63/2""","=""70/2""","=""75/2""","=""79/2""","=""88/2""","=""97/2""","=""102/2""","=""109/2""","=""112/2""","=""118/2""","=""119/3""","=""127/3""","=""132/3""","=""138/3""","=""147/3""","=""152/3""","=""156/3""","=""159/4""","=""161/4""","=""162/4""","=""165/4""","=""172/4""","=""173/4""","=""180/4""","=""183/5""","=""192/5""","=""209/5""","=""210/5""","=""222/5""","=""230/5""","=""240/5""","=""244/5""","=""250/5""","=""254/5""","=""269/5""","=""284/5""",N/A
Match 657,Pakistan,West Indies,"Brian Lara Stadium, Tarouba, Trinidad",1,2025-08-10,"=""4/0""","=""10/0""","=""10/0""","=""16/0""","=""24/0""","=""32/0""","=""33/0""","=""37/0""","=""37/2""","=""39/2""","=""42/2""","=""48/2""","=""49/2""","=""50/2""","=""54/2""","=""60/2""","=""64/3""","=""65/3""","=""71/3""","=""78/3""","=""88/3""","=""90/4""","=""93/4""","=""100/4""","=""104/4""","=""108/4""","=""114/5""","=""114/6""","=""121/6""","=""125/6""","=""127/6""","=""131/6""","=""135/6""","=""139/6""","=""146/7""","=""154/7""","=""171/7""",N/A,N/A,N/A,N/A,N/A,N/A,N/A,N/A,N/A,N/A,N/A,N/A,N/A
Match 658,West Indies,Pakistan,"Brian Lara Stadium, Tarouba, Trinidad",2,2025-08-10,"=""6/0""","=""11/1""","=""12/1""","=""18/2""","=""19/2""","=""19/2""","=""22/2""","=""25/2""","=""27/2""","=""30/2""","=""40/2""","=""46/2""","=""48/3""","=""59/3""","=""62/3""","=""64/3""","=""81/3""","=""101/3""","=""102/3""","=""103/4""","=""107/4""","=""108/5""","=""110/5""","=""111/5""","=""116/5""","=""118/5""","=""134/5""","=""140/5""","=""148/5""","=""154/5""","=""162/5""","=""174/5""","=""180/5""","=""184/5""",N/A,N/A,N/A,N/A,N/A,N/A,N/A,N/A,N/A,N/A,N/A,N/A,N/A,N/A,N/A,N/A
Match 659,West Indies,Pakistan,"Brian Lara Stadium, Tarouba, Trinidad",1,2025-08-12,"=""6/0""","=""10/0""","=""12/1""","=""13/1""","=""16/1""","=""16/1""","=""23/1""","=""27/1""","=""35/1""","=""36/1""","=""41/1""","=""42/1""","=""56/1""","=""57/2""","=""60/2""","=""62/2""","=""66/2""","=""66/2""","=""68/2""","=""69/3""","=""73/3""","=""74/3""","=""77/3""","=""82/3""","=""88/3""","=""95/3""","=""101/3""","=""105/3""","=""107/3""","=""110/3""","=""115/4""","=""118/4""","=""126/4""","=""135/4""","=""137/4""","=""145/4""","=""155/4""","=""162/4""","=""169/4""","=""175/4""","=""178/5""","=""185/6""","=""194/6""","=""209/6""","=""227/6""","=""234/6""","=""242/6""","=""260/6""","=""281/6""","=""294/6"""
Match 660,Pakistan,West Indies,"Brian Lara Stadium, Tarouba, Trinidad",2,2025-08-12,"=""3/1""","=""7/1""","=""9/3""","=""9/3""","=""13/3""","=""20/3""","=""22/3""","=""23/3""","=""24/4""","=""26/4""","=""28/4""","=""34/4""","=""35/4""","=""42/4""","=""43/4""","=""47/4""","=""50/4""","=""56/4""","=""60/4""","=""62/5""","=""67/6""","=""70/7""","=""72/7""","=""81/7""","=""84/7""","=""89/7""","=""91/7""","=""92/8""","=""92/8""","=""92/10""",N/A,N/A,N/A,N/A,N/A,N/A,N/A,N/A,N/A,N/A,N/A,N/A,N/A,N/A,N/A,N/A,N/A,N/A,N/A,N/A
Match 661,South Africa,Australia,"Cazaly's Stadium, Cairns",1,2025-08-19,"=""0/0""","=""6/0""","=""11/0""","=""16/0""","=""20/0""","=""25/0""","=""32/0""","=""41/0""","=""54/0""","=""56/0""","=""62/0""","=""67/0""","=""71/0""","=""76/0""","=""80/0""","=""85/0""","=""92/1""","=""95/1""","=""106/1""","=""114/1""","=""119/1""","=""124/1""","=""130/1""","=""132/2""","=""133/2""","=""136/2""","=""139/2""","=""149/2""","=""155/2""","=""160/2""","=""164/2""","=""169/2""","=""179/2""","=""184/2""","=""191/2""","=""195/2""","=""202/2""","=""206/2""","=""216/2""","=""223/3""","=""232/5""","=""236/5""","=""242/5""","=""253/5""","=""264/5""","=""271/6""","=""275/6""","=""281/6""","=""285/8""","=""296/8"""
Match 662,Australia,South Africa,"Cazaly's Stadium, Cairns",2,2025-08-19,"=""4/0""","=""14/0""","=""24/0""","=""29/0""","=""50/0""","=""53/0""","=""60/0""","=""61/1""","=""63/2""","=""67/2""","=""70/3""","=""75/3""","=""75/5""","=""79/5""","=""83/5""","=""89/5""","=""93/6""","=""94/6""","=""98/6""","=""103/6""","=""109/6""","=""116/6""","=""121/6""","=""124/6""","=""126/6""","=""133/6""","=""136/6""","=""142/6""","=""153/6""","=""155/6""","=""157/6""","=""160/6""","=""161/7""","=""163/7""","=""168/7""","=""174/7""","=""174/8""","=""180/8""","=""185/8""","=""196/8""","=""198/10""",N/A,N/A,N/A,N/A,N/A,N/A,N/A,N/A,N/A
Match 663,South Africa,Australia,"Great Barrier Reef Arena, Mackay",1,2025-08-22,"=""2/0""","=""2/1""","=""7/1""","=""12/1""","=""21/1""","=""26/2""","=""29/2""","=""45/2""","=""51/2""","=""56/2""","=""60/2""","=""66/2""","=""75/2""","=""82/2""","=""89/2""","=""90/3""","=""93/3""","=""97/3""","=""100/3""","=""103/3""","=""110/3""","=""118/3""","=""121/3""","=""133/3""","=""138/3""","=""141/3""","=""150/3""","=""159/3""","=""168/3""","=""176/3""","=""179/4""","=""184/4""","=""185/5""","=""188/5""","=""196/5""","=""201/5""","=""204/5""","=""214/5""","=""225/5""","=""233/5""","=""237/6""","=""243/6""","=""245/7""","=""257/8""","=""260/8""","=""264/9""","=""265/9""","=""275/9""","=""277/9""","=""277/10"""
Match 664,Australia,South Africa,"Great Barrier Reef Arena, Mackay",2,2025-08-22,"=""1/0""","=""2/0""","=""7/1""","=""7/2""","=""11/2""","=""22/2""","=""27/2""","=""35/2""","=""37/2""","=""39/3""","=""40/3""","=""41/3""","=""44/3""","=""56/3""","=""63/3""","=""66/3""","=""69/3""","=""78/3""","=""81/3""","=""95/3""","=""99/3""","=""103/3""","=""105/4""","=""117/4""","=""121/4""","=""128/4""","=""132/4""","=""137/5""","=""148/5""","=""154/5""","=""163/5""","=""170/5""","=""174/5""","=""176/6""","=""184/6""","=""187/8""","=""189/9""","=""193/10""",N/A,N/A,N/A,N/A,N/A,N/A,N/A,N/A,N/A,N/A,N/A,N/A
Match 665,Australia,South Africa,"Great Barrier Reef Arena, Mackay",1,2025-08-24,"=""10/0""","=""20/0""","=""32/0""","=""41/0""","=""45/0""","=""63/0""","=""70/0""","=""72/0""","=""79/0""","=""86/0""","=""88/0""","=""98/0""","=""104/0""","=""106/0""","=""117/0""","=""120/0""","=""127/0""","=""140/0""","=""142/0""","=""148/0""","=""153/0""","=""160/0""","=""168/0""","=""181/0""","=""184/0""","=""188/0""","=""197/0""","=""201/0""","=""205/0""","=""215/0""","=""225/0""","=""229/0""","=""231/0""","=""250/0""","=""256/1""","=""264/1""","=""269/2""","=""284/2""","=""296/2""","=""305/2""","=""316/2""","=""328/2""","=""348/2""","=""353/2""","=""377/2""","=""383/2""","=""400/2""","=""407/2""","=""423/2""","=""431/2"""
Match 666,South Africa,Australia,"Great Barrier Reef Arena, Mackay",2,2025-08-24,"=""5/0""","=""11/1""","=""17/1""","=""31/1""","=""34/2""","=""39/3""","=""44/3""","=""50/3""","=""59/4""","=""65/4""","=""82/4""","=""86/4""","=""103/4""","=""107/5""","=""107/5""","=""110/5""","=""123/5""","=""127/6""","=""134/6""","=""135/7""","=""143/7""","=""152/8""","=""153/8""","=""154/9""","=""155/10""",N/A,N/A,N/A,N/A,N/A,N/A,N/A,N/A,N/A,N/A,N/A,N/A,N/A,N/A,N/A,N/A,N/A,N/A,N/A,N/A,N/A,N/A,N/A,N/A,N/A
Match 667,India,Australia,Perth Stadium,1,2025-10-19,"=""2/0""","=""6/0""","=""13/0""","=""14/1""","=""14/1""","=""21/1""","=""24/2""","=""25/2""","=""25/3""","=""27/3""","=""35/3""","=""41/3""","=""45/3""","=""45/4""","=""48/4""","=""50/4""","=""54/4""","=""65/4""","=""80/4""","=""84/5""","=""101/5""","=""106/5""","=""114/5""","=""118/6""","=""123/8""","=""136/9""",N/A,N/A,N/A,N/A,N/A,N/A,N/A,N/A,N/A,N/A,N/A,N/A,N/A,N/A,N/A,N/A,N/A,N/A,N/A,N/A,N/A,N/A,N/A,N/A
Match 668,Australia,India,Perth Stadium,2,2025-10-19,"=""9/0""","=""11/1""","=""11/1""","=""23/1""","=""29/1""","=""38/1""","=""44/1""","=""45/2""","=""48/2""","=""55/2""","=""62/2""","=""67/2""","=""75/2""","=""83/2""","=""94/2""","=""100/3""","=""102/3""","=""110/3""","=""117/3""","=""121/3""","=""130/3""","=""131/3""",N/A,N/A,N/A,N/A,N/A,N/A,N/A,N/A,N/A,N/A,N/A,N/A,N/A,N/A,N/A,N/A,N/A,N/A,N/A,N/A,N/A,N/A,N/A,N/A,N/A,N/A,N/A,N/A
Match 669,India,Australia,Adelaide Oval,1,2025-10-23,"=""1/0""","=""1/0""","=""11/0""","=""11/0""","=""14/0""","=""17/0""","=""17/2""","=""22/2""","=""24/2""","=""29/2""","=""33/2""","=""37/2""","=""41/2""","=""46/2""","=""50/2""","=""56/2""","=""59/2""","=""66/2""","=""83/2""","=""86/2""","=""92/2""","=""94/2""","=""99/2""","=""105/2""","=""112/2""","=""115/2""","=""117/2""","=""129/2""","=""135/2""","=""137/3""","=""143/3""","=""156/3""","=""161/4""","=""163/4""","=""168/4""","=""170/4""","=""177/5""","=""180/5""","=""186/5""","=""198/5""","=""208/5""","=""213/6""","=""217/6""","=""223/6""","=""226/8""","=""229/8""","=""245/8""","=""255/8""","=""259/8""","=""264/9"""
Match 670,Australia,India,Adelaide Oval,2,2025-10-23,"=""4/0""","=""5/0""","=""8/0""","=""10/0""","=""11/0""","=""15/0""","=""26/0""","=""32/1""","=""33/1""","=""42/1""","=""48/1""","=""53/1""","=""57/2""","=""65/2""","=""71/2""","=""76/2""","=""81/2""","=""93/2""","=""96/2""","=""103/2""","=""107/2""","=""110/3""","=""112/3""","=""117/3""","=""126/3""","=""130/3""","=""132/4""","=""135/4""","=""139/4""","=""141/4""","=""145/4""","=""155/4""","=""163/4""","=""166/4""","=""175/4""","=""187/5""","=""190/5""","=""204/5""","=""207/5""","=""216/5""","=""229/5""","=""243/5""","=""248/6""","=""252/6""","=""255/7""","=""260/8""","=""265/8""",N/A,N/A,N/A
Match 671,Australia,India,Sydney Cricket Ground,1,2025-10-25,"=""0/0""","=""2/0""","=""9/0""","=""18/0""","=""26/0""","=""31/0""","=""44/0""","=""54/0""","=""57/0""","=""63/1""","=""67/1""","=""71/1""","=""78/1""","=""80/1""","=""88/1""","=""92/2""","=""100/2""","=""104/2""","=""108/2""","=""113/2""","=""118/2""","=""121/2""","=""124/3""","=""131/3""","=""134/3""","=""137/3""","=""140/3""","=""145/3""","=""152/3""","=""156/3""","=""162/3""","=""171/3""","=""178/3""","=""184/4""","=""188/4""","=""195/4""","=""197/5""","=""199/6""","=""201/7""","=""206/7""","=""207/7""","=""216/7""","=""218/7""","=""223/8""","=""224/8""","=""236/8""","=""236/10""",N/A,N/A,N/A
Match 672,India,Australia,Sydney Cricket Ground,2,2025-10-25,"=""4/0""","=""5/0""","=""11/0""","=""11/0""","=""22/0""","=""35/0""","=""37/0""","=""48/0""","=""58/0""","=""68/0""","=""70/1""","=""75/1""","=""83/1""","=""91/1""","=""99/1""","=""102/1""","=""105/1""","=""109/1""","=""115/1""","=""117/1""","=""121/1""","=""127/1""","=""134/1""","=""141/1""","=""145/1""","=""157/1""","=""165/1""","=""171/1""","=""178/1""","=""183/1""","=""184/1""","=""195/1""","=""200/1""","=""203/1""","=""205/1""","=""213/1""","=""219/1""","=""231/1""","=""237/1""",N/A,N/A,N/A,N/A,N/A,N/A,N/A,N/A,N/A,N/A,N/A
Match 673,India,South Africa,"JSCA International Stadium Complex, Ranchi",1,2025-11-30,"=""9/0""","=""15/0""","=""25/0""","=""31/1""","=""33/1""","=""39/1""","=""52/1""","=""62/1""","=""72/1""","=""80/1""","=""86/1""","=""94/1""","=""98/1""","=""104/1""","=""119/1""","=""122/1""","=""126/1""","=""140/1""","=""146/1""","=""153/1""","=""161/1""","=""163/2""","=""168/2""","=""172/2""","=""179/2""","=""182/2""","=""184/3""","=""192/3""","=""196/3""","=""198/3""","=""201/4""","=""208/4""","=""214/4""","=""217/4""","=""218/4""","=""225/4""","=""228/4""","=""233/4""","=""254/4""","=""264/4""","=""266/4""","=""272/4""","=""277/5""","=""284/5""","=""301/5""","=""313/5""","=""324/5""","=""329/5""","=""343/6""","=""349/8"""
Match 674,South Africa,India,"JSCA International Stadium Complex, Ranchi",2,2025-11-30,"=""6/0""","=""8/2""","=""9/2""","=""11/2""","=""15/3""","=""24/3""","=""36/3""","=""43/3""","=""47/3""","=""47/3""","=""54/3""","=""58/3""","=""65/3""","=""73/3""","=""77/4""","=""86/4""","=""94/4""","=""108/4""","=""112/4""","=""123/4""","=""130/4""","=""134/5""","=""139/5""","=""147/5""","=""162/5""","=""177/5""","=""185/5""","=""190/5""","=""198/5""","=""206/5""","=""216/5""","=""223/5""","=""227/5""","=""230/7""","=""236/7""","=""242/7""","=""248/7""","=""257/7""","=""263/7""","=""270/8""","=""274/8""","=""278/8""","=""289/8""","=""300/8""","=""307/8""","=""312/8""","=""312/9""","=""323/9""","=""332/9""","=""332/10"""
Match 675,India,South Africa,"Shaheed Veer Narayan Singh International Stadium, Raipur",1,2025-12-03,"=""14/0""","=""22/0""","=""24/0""","=""28/0""","=""40/1""","=""47/1""","=""53/1""","=""59/1""","=""61/1""","=""66/2""","=""74/2""","=""77/2""","=""84/2""","=""92/2""","=""96/2""","=""101/2""","=""104/2""","=""108/2""","=""113/2""","=""121/2""","=""123/2""","=""137/2""","=""143/2""","=""154/2""","=""158/2""","=""168/2""","=""177/2""","=""193/2""","=""198/2""","=""207/2""","=""212/2""","=""221/2""","=""234/2""","=""249/2""","=""255/2""","=""257/3""","=""266/3""","=""275/3""","=""284/3""","=""284/4""","=""289/5""","=""295/5""","=""297/5""","=""309/5""","=""317/5""","=""322/5""","=""327/5""","=""336/5""","=""340/5""","=""358/5"""
Match 676,South Africa,India,"Shaheed Veer Narayan Singh International Stadium, Raipur",2,2025-12-03,"=""5/0""","=""18/0""","=""22/0""","=""25/0""","=""26/1""","=""32/1""","=""35/1""","=""38/1""","=""49/1""","=""51/1""","=""56/1""","=""62/1""","=""69/1""","=""79/1""","=""83/1""","=""92/1""","=""97/1""","=""107/1""","=""112/1""","=""118/1""","=""128/2""","=""133/2""","=""142/2""","=""146/2""","=""153/2""","=""164/2""","=""177/2""","=""182/2""","=""190/2""","=""197/3""","=""199/3""","=""201/3""","=""211/3""","=""214/3""","=""226/3""","=""237/3""","=""253/3""","=""259/3""","=""266/3""","=""282/3""","=""292/4""","=""299/4""","=""311/4""","=""319/5""","=""332/7""","=""341/7""","=""344/7""","=""351/7""","=""356/7""","=""362/7"""
Match 677,South Africa,India,"Dr. Y.S. Rajasekhara Reddy ACA-VDCA Cricket Stadium, Visakhapatnam",1,2025-12-06,"=""1/1""","=""1/1""","=""1/1""","=""13/1""","=""18/1""","=""18/1""","=""23/1""","=""25/1""","=""34/1""","=""42/1""","=""60/1""","=""65/1""","=""67/1""","=""72/1""","=""78/1""","=""86/1""","=""92/1""","=""95/1""","=""100/1""","=""104/1""","=""114/2""","=""126/2""","=""130/2""","=""138/2""","=""143/2""","=""158/2""","=""160/2""","=""167/2""","=""170/4""","=""185/4""","=""188/4""","=""196/4""","=""199/5""","=""204/5""","=""218/5""","=""224/5""","=""228/5""","=""234/5""","=""241/7""","=""244/7""","=""245/7""","=""250/7""","=""252/8""","=""258/8""","=""258/9""","=""259/9""","=""263/9""","=""270/10""",N/A,N/A
Match 678,India,South Africa,"Dr. Y.S. Rajasekhara Reddy ACA-VDCA Cricket Stadium, Visakhapatnam",2,2025-12-06,"=""8/0""","=""10/0""","=""10/0""","=""16/0""","=""21/0""","=""29/0""","=""31/0""","=""39/0""","=""42/0""","=""48/0""","=""54/0""","=""59/0""","=""60/0""","=""63/0""","=""71/0""","=""78/0""","=""85/0""","=""90/0""","=""97/0""","=""102/0""","=""111/0""","=""119/0""","=""128/0""","=""140/0""","=""153/0""","=""155/1""","=""163/1""","=""169/1""","=""178/1""","=""180/1""","=""191/1""","=""194/1""","=""201/1""","=""214/1""","=""218/1""","=""221/1""","=""230/1""","=""242/1""","=""258/1""","=""271/1""",N/A,N/A,N/A,N/A,N/A,N/A,N/A,N/A,N/A,N/A
Match 679,Sri Lanka,Bangladesh,"R Premadasa Stadium, Colombo",1,2025-07-02,"=""0/0""","=""1/0""","=""5/0""","=""9/1""","=""15/2""","=""29/2""","=""29/3""","=""34/3""","=""42/3""","=""50/3""","=""54/3""","=""56/3""","=""56/3""","=""63/3""","=""69/3""","=""77/3""","=""80/3""","=""84/3""","=""89/4""","=""94/4""","=""97/4""","=""103/4""","=""105/4""","=""112/4""","=""119/4""","=""126/4""","=""130/4""","=""134/4""","=""138/4""","=""144/4""","=""149/4""","=""154/5""","=""156/5""","=""169/5""","=""170/5""","=""172/5""","=""175/5""","=""180/5""","=""188/5""","=""192/6""","=""194/6""","=""206/6""","=""213/6""","=""223/6""","=""226/6""","=""228/8""","=""232/8""","=""238/8""","=""243/8""","=""244/10"""
Match 680,Bangladesh,Sri Lanka,"R Premadasa Stadium, Colombo",2,2025-07-02,"=""8/0""","=""11/0""","=""17/0""","=""25/0""","=""29/1""","=""39/1""","=""49/1""","=""49/1""","=""58/1""","=""61/1""","=""64/1""","=""73/1""","=""77/1""","=""81/1""","=""87/1""","=""96/1""","=""100/2""","=""102/4""","=""103/5""","=""104/6""","=""105/8""","=""106/8""","=""111/8""","=""112/8""","=""119/8""","=""119/8""","=""124/8""","=""124/8""","=""125/9""","=""132/9""","=""139/9""","=""150/9""","=""151/9""","=""156/9""","=""167/9""","=""167/10""",N/A,N/A,N/A,N/A,N/A,N/A,N/A,N/A,N/A,N/A,N/A,N/A,N/A,N/A
Match 681,Bangladesh,Sri Lanka,"R Premadasa Stadium, Colombo",1,2025-07-05,"=""6/0""","=""10/0""","=""14/1""","=""17/1""","=""27/1""","=""30/1""","=""36/1""","=""44/1""","=""55/1""","=""65/1""","=""73/1""","=""74/2""","=""76/2""","=""89/2""","=""96/2""","=""101/2""","=""104/2""","=""107/2""","=""110/2""","=""110/3""","=""115/3""","=""122/3""","=""127/4""","=""134/4""","=""137/4""","=""146/4""","=""148/4""","=""158/4""","=""159/5""","=""160/5""","=""161/5""","=""169/5""","=""174/5""","=""176/5""","=""184/5""","=""188/5""","=""192/5""","=""200/5""","=""204/6""","=""210/6""","=""213/8""","=""218/9""","=""219/9""","=""230/9""","=""235/9""","=""248/10""",N/A,N/A,N/A,N/A
Match 682,Sri Lanka,Bangladesh,"R Premadasa Stadium, Colombo",2,2025-07-05,"=""2/0""","=""6/1""","=""10/1""","=""20/1""","=""29/1""","=""34/1""","=""40/1""","=""57/1""","=""74/1""","=""75/2""","=""80/2""","=""82/3""","=""89/3""","=""91/3""","=""91/3""","=""94/3""","=""97/3""","=""98/3""","=""101/4""","=""104/4""","=""106/4""","=""112/4""","=""115/4""","=""121/4""","=""126/4""","=""128/5""","=""129/5""","=""130/5""","=""131/5""","=""133/6""","=""137/6""","=""137/6""","=""144/6""","=""153/6""","=""155/6""","=""156/7""","=""164/7""","=""170/7""","=""170/8""","=""174/8""","=""175/8""","=""184/8""","=""191/8""","=""198/8""","=""212/8""","=""213/8""","=""222/8""","=""230/9""","=""232/10""",N/A
Match 683,Sri Lanka,Bangladesh,Pallekele International Cricket Stadium,1,2025-07-08,"=""7/0""","=""12/0""","=""13/0""","=""21/1""","=""26/1""","=""33/1""","=""36/1""","=""41/1""","=""50/1""","=""51/1""","=""54/1""","=""58/1""","=""65/1""","=""66/1""","=""69/2""","=""71/2""","=""79/2""","=""84/2""","=""90/2""","=""95/2""","=""100/3""","=""103/3""","=""108/3""","=""116/3""","=""120/3""","=""128/3""","=""133/3""","=""138/3""","=""142/3""","=""147/3""","=""156/3""","=""166/3""","=""172/3""","=""182/3""","=""189/3""","=""193/3""","=""199/3""","=""205/3""","=""214/3""","=""222/3""","=""225/4""","=""231/4""","=""233/4""","=""241/4""","=""249/5""","=""256/6""","=""259/7""","=""270/7""","=""281/7""","=""285/7"""
Match 684,Bangladesh,Sri Lanka,Pallekele International Cricket Stadium,2,2025-07-08,"=""9/0""","=""15/0""","=""19/1""","=""20/2""","=""25/2""","=""33/2""","=""35/2""","=""47/2""","=""51/2""","=""55/2""","=""55/2""","=""57/2""","=""61/2""","=""64/3""","=""66/3""","=""74/3""","=""81/3""","=""89/3""","=""94/3""","=""102/3""","=""105/4""","=""109/4""","=""110/4""","=""117/4""","=""121/4""","=""122/4""","=""124/4""","=""124/5""","=""134/5""","=""137/5""","=""142/5""","=""153/5""","=""157/6""","=""159/6""","=""165/7""","=""170/7""","=""171/8""","=""176/8""","=""182/9""","=""186/10""",N/A,N/A,N/A,N/A,N/A,N/A,N/A,N/A,N/A,N/A
Match 685,New Zealand,India,"Kotambi Stadium, Vadodara",1,2026-01-11,"=""1/0""","=""2/0""","=""7/0""","=""13/0""","=""17/0""","=""24/0""","=""29/0""","=""36/0""","=""40/0""","=""49/0""","=""53/0""","=""56/0""","=""63/0""","=""69/0""","=""76/0""","=""79/0""","=""84/0""","=""87/0""","=""95/0""","=""104/0""","=""109/0""","=""118/1""","=""122/1""","=""126/2""","=""133/2""","=""141/2""","=""143/2""","=""146/3""","=""150/3""","=""153/3""","=""162/3""","=""166/3""","=""170/3""","=""173/4""","=""180/4""","=""186/4""","=""196/4""","=""200/5""","=""209/5""","=""212/5""","=""223/5""","=""227/5""","=""237/6""","=""241/7""","=""250/7""","=""260/7""","=""267/7""","=""281/8""","=""286/8""","=""300/8"""
Match 686,India,New Zealand,"Kotambi Stadium, Vadodara",2,2026-01-11,"=""5/0""","=""6/0""","=""6/0""","=""10/0""","=""15/0""","=""23/0""","=""35/0""","=""36/0""","=""39/1""","=""48/1""","=""52/1""","=""60/1""","=""76/1""","=""81/1""","=""92/1""","=""99/1""","=""108/1""","=""113/1""","=""117/1""","=""122/1""","=""127/1""","=""131/1""","=""135/1""","=""140/1""","=""145/1""","=""152/1""","=""160/2""","=""161/2""","=""168/2""","=""172/2""","=""187/2""","=""191/2""","=""196/2""","=""203/2""","=""213/2""","=""220/2""","=""227/2""","=""230/2""","=""234/2""","=""239/4""","=""242/4""","=""245/5""","=""251/5""","=""257/5""","=""267/5""","=""275/5""","=""283/6""","=""289/6""","=""306/6""",N/A
Match 687,India,New Zealand,"Niranjan Shah Stadium, Rajkot",1,2026-01-14,"=""0/0""","=""1/0""","=""2/0""","=""6/0""","=""10/0""","=""18/0""","=""31/0""","=""43/0""","=""55/0""","=""57/0""","=""63/0""","=""70/0""","=""79/1""","=""83/1""","=""87/1""","=""90/1""","=""100/2""","=""102/2""","=""106/2""","=""112/2""","=""114/2""","=""117/3""","=""118/3""","=""120/4""","=""122/4""","=""125/4""","=""129/4""","=""135/4""","=""138/4""","=""142/4""","=""144/4""","=""148/4""","=""152/4""","=""160/4""","=""165/4""","=""174/4""","=""181/4""","=""191/4""","=""191/5""","=""199/5""","=""205/5""","=""212/5""","=""222/5""","=""234/5""","=""239/5""","=""246/5""","=""255/6""","=""258/7""","=""272/7""","=""284/7"""
Match 688,New Zealand,India,"Niranjan Shah Stadium, Rajkot",2,2026-01-14,"=""6/0""","=""11/0""","=""16/0""","=""20/0""","=""22/0""","=""24/1""","=""26/1""","=""26/1""","=""27/1""","=""34/1""","=""40/1""","=""43/1""","=""47/2""","=""57/2""","=""64/2""","=""69/2""","=""71/2""","=""76/2""","=""79/2""","=""82/2""","=""96/2""","=""101/2""","=""109/2""","=""112/2""","=""117/2""","=""119/2""","=""126/2""","=""134/2""","=""141/2""","=""149/2""","=""157/2""","=""166/2""","=""172/2""","=""178/2""","=""187/2""","=""200/2""","=""203/2""","=""208/3""","=""217/3""","=""227/3""","=""232/3""","=""235/3""","=""244/3""","=""252/3""","=""261/3""","=""268/3""","=""279/3""","=""286/3""",N/A,N/A
Match 689,New Zealand,India,"Holkar Cricket Stadium, Indore",1,2026-01-18,"=""5/1""","=""11/2""","=""11/2""","=""16/2""","=""21/2""","=""27/2""","=""32/2""","=""33/2""","=""42/2""","=""47/2""","=""53/2""","=""58/2""","=""61/3""","=""64/3""","=""71/3""","=""75/3""","=""84/3""","=""89/3""","=""92/3""","=""95/3""","=""101/3""","=""106/3""","=""108/3""","=""117/3""","=""119/3""","=""125/3""","=""131/3""","=""141/3""","=""152/3""","=""159/3""","=""169/3""","=""177/3""","=""183/3""","=""187/3""","=""197/3""","=""201/3""","=""216/3""","=""221/3""","=""225/3""","=""238/3""","=""257/3""","=""266/3""","=""277/3""","=""283/4""","=""285/5""","=""293/6""","=""304/6""","=""312/7""","=""327/8""","=""337/8"""
Match 690,India,New Zealand,"Holkar Cricket Stadium, Indore",2,2026-01-18,"=""4/0""","=""14/0""","=""23/0""","=""28/1""","=""29/1""","=""40/1""","=""45/2""","=""51/2""","=""57/2""","=""66/2""","=""68/2""","=""70/3""","=""71/4""","=""78/4""","=""82/4""","=""83/4""","=""88/4""","=""93/4""","=""98/4""","=""108/4""","=""113/4""","=""118/4""","=""122/4""","=""127/4""","=""135/4""","=""147/4""","=""157/4""","=""160/5""","=""164/5""","=""170/5""","=""175/5""","=""178/5""","=""179/6""","=""181/6""","=""187/6""","=""195/6""","=""206/6""","=""219/6""","=""221/6""","=""230/6""","=""240/6""","=""249/6""","=""270/6""","=""277/8""","=""284/8""","=""296/10""",N/A,N/A,N/A,N/A
Match 691,England,New Zealand,"Bay Oval, Mount Maunganui",1,2025-10-26,"=""2/1""","=""5/3""","=""5/3""","=""5/3""","=""10/3""","=""14/4""","=""23/4""","=""33/4""","=""33/5""","=""45/5""","=""51/5""","=""58/6""","=""65/6""","=""70/6""","=""76/6""","=""87/6""","=""100/6""","=""106/6""","=""110/6""","=""111/6""","=""114/6""","=""123/6""","=""127/6""","=""135/6""","=""140/6""","=""143/8""","=""146/8""","=""161/8""","=""164/8""","=""166/9""","=""167/9""","=""187/9""","=""190/9""","=""209/9""","=""223/9""","=""223/10""",N/A,N/A,N/A,N/A,N/A,N/A,N/A,N/A,N/A,N/A,N/A,N/A,N/A,N/A
Match 692,New Zealand,England,"Bay Oval, Mount Maunganui",2,2025-10-26,"=""6/0""","=""12/2""","=""19/2""","=""23/2""","=""28/3""","=""31/3""","=""40/3""","=""46/3""","=""53/3""","=""59/3""","=""65/3""","=""69/4""","=""71/4""","=""75/4""","=""86/4""","=""92/4""","=""101/4""","=""104/4""","=""107/4""","=""114/4""","=""121/4""","=""127/4""","=""130/4""","=""134/4""","=""142/4""","=""151/4""","=""158/5""","=""160/5""","=""168/5""","=""177/5""","=""179/5""","=""181/5""","=""191/5""","=""195/5""","=""208/6""","=""212/6""","=""224/6""",N/A,N/A,N/A,N/A,N/A,N/A,N/A,N/A,N/A,N/A,N/A,N/A,N/A
Match 693,England,New Zealand,"Seddon Park, Hamilton",1,2025-10-29,"=""0/0""","=""3/0""","=""13/1""","=""25/1""","=""26/1""","=""29/2""","=""32/2""","=""45/2""","=""47/2""","=""49/2""","=""49/2""","=""51/3""","=""54/3""","=""55/3""","=""62/3""","=""63/3""","=""65/4""","=""76/4""","=""81/5""","=""84/5""","=""94/5""","=""104/5""","=""105/5""","=""109/6""","=""118/6""","=""126/6""","=""131/6""","=""141/6""","=""143/7""","=""156/7""","=""162/7""","=""165/8""","=""165/8""","=""168/9""","=""175/9""","=""175/10""",N/A,N/A,N/A,N/A,N/A,N/A,N/A,N/A,N/A,N/A,N/A,N/A,N/A,N/A
Match 694,New Zealand,England,"Seddon Park, Hamilton",2,2025-10-29,"=""0/1""","=""1/1""","=""4/1""","=""7/1""","=""8/1""","=""13/1""","=""13/1""","=""17/1""","=""21/1""","=""32/1""","=""40/1""","=""43/2""","=""49/2""","=""51/2""","=""63/2""","=""71/2""","=""75/2""","=""83/2""","=""88/2""","=""94/2""","=""105/2""","=""105/3""","=""107/3""","=""112/3""","=""112/4""","=""112/4""","=""114/4""","=""118/5""","=""125/5""","=""129/5""","=""146/5""","=""158/5""","=""173/5""","=""177/5""",N/A,N/A,N/A,N/A,N/A,N/A,N/A,N/A,N/A,N/A,N/A,N/A,N/A,N/A,N/A,N/A
Match 695,England,New Zealand,"Sky Stadium, Wellington",1,2025-11-01,"=""3/0""","=""9/1""","=""15/1""","=""17/2""","=""19/3""","=""26/3""","=""31/4""","=""31/4""","=""40/4""","=""44/4""","=""53/5""","=""55/5""","=""57/5""","=""59/5""","=""64/5""","=""68/5""","=""69/5""","=""70/5""","=""81/5""","=""92/5""","=""96/5""","=""101/6""","=""102/6""","=""103/7""","=""106/7""","=""113/7""","=""121/7""","=""126/7""","=""138/7""","=""152/7""","=""159/7""","=""161/8""","=""164/8""","=""173/8""","=""179/8""","=""186/9""","=""195/9""","=""203/9""","=""209/9""","=""222/9""","=""222/10""",N/A,N/A,N/A,N/A,N/A,N/A,N/A,N/A,N/A
Match 696,New Zealand,England,"Sky Stadium, Wellington",2,2025-11-01,"=""0/0""","=""2/0""","=""15/0""","=""21/0""","=""22/0""","=""30/0""","=""31/0""","=""40/0""","=""40/0""","=""64/0""","=""67/0""","=""72/0""","=""79/1""","=""90/2""","=""92/3""","=""94/3""","=""100/3""","=""103/3""","=""107/3""","=""112/3""","=""113/3""","=""120/4""","=""126/4""","=""127/4""","=""130/4""","=""137/4""","=""137/4""","=""145/4""","=""147/4""","=""148/5""","=""151/5""","=""162/5""","=""167/5""","=""183/5""","=""187/5""","=""190/6""","=""192/7""","=""196/7""","=""196/8""","=""204/8""","=""210/8""","=""213/8""","=""214/8""","=""219/8""","=""226/8""",N/A,N/A,N/A,N/A,N/A
Match 697,New Zealand,West Indies,"Hagley Oval, Christchurch",1,2025-11-16,"=""5/0""","=""5/0""","=""6/0""","=""7/0""","=""14/0""","=""24/0""","=""24/2""","=""28/2""","=""35/2""","=""39/2""","=""41/2""","=""45/2""","=""52/2""","=""62/2""","=""67/2""","=""72/2""","=""85/2""","=""91/2""","=""92/3""","=""94/3""","=""101/3""","=""103/3""","=""104/3""","=""108/3""","=""114/3""","=""118/3""","=""123/4""","=""125/4""","=""129/4""","=""133/4""","=""134/4""","=""135/4""","=""139/4""","=""141/4""","=""154/4""","=""156/4""","=""168/4""","=""172/4""","=""181/4""","=""185/4""","=""192/4""","=""198/5""","=""204/5""","=""212/5""","=""220/5""","=""230/6""","=""233/6""","=""246/6""","=""263/6""","=""269/7"""
Match 698,West Indies,New Zealand,"Hagley Oval, Christchurch",2,2025-11-16,"=""5/0""","=""5/0""","=""10/1""","=""12/1""","=""12/1""","=""13/1""","=""22/1""","=""27/1""","=""30/1""","=""32/1""","=""34/1""","=""44/1""","=""48/1""","=""50/1""","=""52/1""","=""52/1""","=""56/1""","=""56/1""","=""59/1""","=""70/1""","=""75/2""","=""77/2""","=""79/2""","=""83/2""","=""87/2""","=""89/3""","=""89/3""","=""100/3""","=""102/3""","=""104/3""","=""107/3""","=""118/3""","=""126/3""","=""136/3""","=""138/4""","=""148/4""","=""155/4""","=""156/4""","=""169/4""","=""172/5""","=""177/5""","=""185/5""","=""196/5""","=""204/5""","=""209/5""","=""215/6""","=""225/6""","=""238/6""","=""250/6""","=""262/6"""
Match 699,West Indies,New Zealand,"McLean Park, Napier",1,2025-11-19,"=""0/0""","=""0/0""","=""7/0""","=""8/0""","=""15/0""","=""18/1""","=""20/1""","=""21/1""","=""32/1""","=""40/2""","=""53/2""","=""62/3""","=""70/3""","=""82/3""","=""86/4""","=""88/5""","=""91/5""","=""93/5""","=""98/5""","=""105/5""","=""110/5""","=""124/5""","=""128/5""","=""130/6""","=""136/6""","=""150/6""","=""169/6""","=""177/7""","=""191/7""","=""201/7""","=""220/7""","=""221/8""","=""234/8""","=""247/9""",N/A,N/A,N/A,N/A,N/A,N/A,N/A,N/A,N/A,N/A,N/A,N/A,N/A,N/A,N/A,N/A
Match 700,New Zealand,West Indies,"McLean Park, Napier",2,2025-11-19,"=""0/0""","=""2/0""","=""8/0""","=""12/0""","=""13/0""","=""24/0""","=""25/0""","=""32/0""","=""43/0""","=""44/0""","=""53/0""","=""62/0""","=""69/0""","=""85/0""","=""98/0""","=""102/0""","=""107/1""","=""112/1""","=""121/1""","=""129/1""","=""135/2""","=""137/3""","=""143/3""","=""155/3""","=""161/3""","=""171/4""","=""174/4""","=""191/4""","=""194/4""","=""199/5""","=""208/5""","=""226/5""","=""240/5""","=""248/5""",N/A,N/A,N/A,N/A,N/A,N/A,N/A,N/A,N/A,N/A,N/A,N/A,N/A,N/A,N/A,N/A
Match 701,West Indies,New Zealand,"Seddon Park, Hamilton",1,2025-11-22,"=""1/0""","=""11/0""","=""23/0""","=""30/0""","=""31/2""","=""32/2""","=""35/2""","=""49/2""","=""55/2""","=""60/3""","=""64/3""","=""70/3""","=""77/3""","=""79/4""","=""88/4""","=""91/4""","=""92/5""","=""94/5""","=""95/7""","=""96/7""","=""100/7""","=""102/7""","=""111/7""","=""116/7""","=""124/7""","=""126/8""","=""128/8""","=""129/8""","=""132/8""","=""142/8""","=""143/9""","=""144/9""","=""151/9""","=""152/9""","=""159/9""","=""160/9""","=""161/10""",N/A,N/A,N/A,N/A,N/A,N/A,N/A,N/A,N/A,N/A,N/A,N/A,N/A
Match 702,New Zealand,West Indies,"Seddon Park, Hamilton",2,2025-11-22,"=""2/0""","=""2/0""","=""5/0""","=""9/0""","=""21/0""","=""25/1""","=""27/2""","=""29/2""","=""30/2""","=""32/2""","=""32/3""","=""37/3""","=""39/3""","=""40/3""","=""46/3""","=""55/3""","=""61/3""","=""66/3""","=""70/3""","=""78/4""","=""86/4""","=""92/4""","=""102/4""","=""111/4""","=""117/4""","=""126/4""","=""145/4""","=""154/5""","=""156/5""","=""157/6""","=""162/6""",N/A,N/A,N/A,N/A,N/A,N/A,N/A,N/A,N/A,N/A,N/A,N/A,N/A,N/A,N/A,N/A,N/A,N/A,N/A
Match 703,Sri Lanka,Zimbabwe,Harare Sports Club,1,2025-08-29,"=""5/0""","=""9/0""","=""9/0""","=""9/0""","=""9/1""","=""11/1""","=""13/1""","=""16/1""","=""21/1""","=""29/1""","=""35/1""","=""40/1""","=""42/1""","=""45/1""","=""50/1""","=""60/1""","=""66/1""","=""70/1""","=""75/1""","=""81/1""","=""86/1""","=""88/1""","=""94/1""","=""97/1""","=""102/1""","=""109/1""","=""113/2""","=""115/2""","=""116/2""","=""121/2""","=""127/2""","=""131/2""","=""139/3""","=""145/3""","=""155/3""","=""161/4""","=""167/5""","=""174/5""","=""178/5""","=""185/5""","=""193/5""","=""198/5""","=""207/5""","=""217/5""","=""233/5""","=""245/5""","=""257/5""","=""280/5""","=""286/5""","=""298/6"""
Match 704,Zimbabwe,Sri Lanka,Harare Sports Club,2,2025-08-29,"=""2/2""","=""6/2""","=""8/2""","=""14/2""","=""17/2""","=""18/2""","=""21/2""","=""25/2""","=""33/2""","=""36/2""","=""41/2""","=""51/2""","=""59/2""","=""68/2""","=""71/2""","=""76/2""","=""78/2""","=""85/2""","=""92/2""","=""100/2""","=""109/2""","=""113/2""","=""124/3""","=""125/3""","=""138/3""","=""140/4""","=""146/4""","=""149/4""","=""156/4""","=""161/5""","=""166/5""","=""169/5""","=""171/5""","=""180/5""","=""187/5""","=""192/5""","=""197/5""","=""201/5""","=""206/5""","=""218/5""","=""225/5""","=""236/5""","=""240/5""","=""251/5""","=""257/5""","=""266/5""","=""275/5""","=""282/5""","=""289/5""","=""291/8"""
Match 705,Zimbabwe,Sri Lanka,Harare Sports Club,1,2025-08-31,"=""7/0""","=""8/0""","=""15/0""","=""19/0""","=""28/0""","=""32/0""","=""40/0""","=""49/0""","=""51/0""","=""55/1""","=""63/1""","=""67/1""","=""70/1""","=""71/1""","=""74/1""","=""84/1""","=""88/1""","=""93/1""","=""96/1""","=""99/1""","=""106/1""","=""110/1""","=""113/1""","=""117/2""","=""118/2""","=""128/2""","=""137/2""","=""139/2""","=""142/2""","=""145/2""","=""150/2""","=""155/4""","=""156/4""","=""158/4""","=""161/4""","=""167/4""","=""176/4""","=""186/5""","=""191/5""","=""194/5""","=""197/5""","=""205/5""","=""212/5""","=""219/5""","=""227/5""","=""238/5""","=""248/5""","=""254/6""","=""264/6""","=""277/7"""
Match 706,Sri Lanka,Zimbabwe,Harare Sports Club,2,2025-08-31,"=""3/0""","=""5/0""","=""8/0""","=""9/0""","=""18/0""","=""20/0""","=""28/0""","=""32/0""","=""36/0""","=""45/0""","=""48/1""","=""56/1""","=""60/1""","=""68/1""","=""71/2""","=""72/2""","=""79/2""","=""84/2""","=""86/2""","=""90/2""","=""93/2""","=""101/2""","=""111/2""","=""114/2""","=""122/2""","=""126/2""","=""129/2""","=""134/2""","=""140/2""","=""146/2""","=""148/3""","=""153/3""","=""159/3""","=""163/3""","=""170/3""","=""175/3""","=""178/3""","=""184/3""","=""195/3""","=""211/3""","=""216/3""","=""221/3""","=""228/3""","=""235/3""","=""238/4""","=""248/4""","=""256/4""","=""266/4""","=""276/5""","=""278/5"""
Match 707,South Africa,Pakistan,"Iqbal Stadium, Faisalabad",1,2025-11-04,"=""3/0""","=""12/0""","=""17/0""","=""18/0""","=""23/0""","=""32/0""","=""36/0""","=""43/0""","=""51/0""","=""62/0""","=""66/0""","=""78/0""","=""88/0""","=""92/0""","=""94/0""","=""98/1""","=""101/1""","=""107/1""","=""118/1""","=""125/1""","=""132/1""","=""138/1""","=""139/1""","=""141/1""","=""142/2""","=""148/3""","=""153/3""","=""157/3""","=""164/3""","=""167/3""","=""176/3""","=""179/3""","=""191/3""","=""193/4""","=""199/4""","=""202/4""","=""204/5""","=""205/5""","=""209/6""","=""211/6""","=""215/6""","=""225/6""","=""228/6""","=""228/8""","=""240/8""","=""249/8""","=""250/8""","=""257/8""","=""263/9""","=""263/10"""
Match 708,Pakistan,South Africa,"Iqbal Stadium, Faisalabad",2,2025-11-04,"=""2/0""","=""10/0""","=""11/0""","=""12/0""","=""29/0""","=""30/0""","=""34/0""","=""40/0""","=""45/0""","=""53/0""","=""57/0""","=""67/0""","=""76/0""","=""79/0""","=""86/0""","=""93/1""","=""102/1""","=""103/2""","=""104/2""","=""106/3""","=""112/3""","=""113/3""","=""120/3""","=""123/3""","=""129/3""","=""131/3""","=""137/3""","=""144/3""","=""152/3""","=""159/3""","=""162/3""","=""164/3""","=""169/3""","=""175/3""","=""181/3""","=""184/3""","=""191/3""","=""195/3""","=""200/4""","=""206/4""","=""210/4""","=""217/4""","=""223/4""","=""232/4""","=""235/4""","=""241/5""","=""245/6""","=""252/7""","=""260/7""","=""264/8"""
Match 709,Pakistan,South Africa,"Iqbal Stadium, Faisalabad",1,2025-11-06,"=""4/1""","=""7/1""","=""16/1""","=""17/1""","=""23/3""","=""24/3""","=""27/3""","=""31/3""","=""34/3""","=""41/3""","=""42/3""","=""43/3""","=""44/3""","=""47/3""","=""55/3""","=""58/3""","=""59/3""","=""65/3""","=""72/3""","=""85/3""","=""87/3""","=""95/3""","=""104/3""","=""112/3""","=""115/4""","=""117/4""","=""122/4""","=""125/4""","=""127/4""","=""131/5""","=""135/5""","=""140/5""","=""147/5""","=""150/5""","=""156/5""","=""161/5""","=""164/5""","=""171/5""","=""173/5""","=""179/5""","=""190/6""","=""197/6""","=""205/6""","=""208/6""","=""210/6""","=""223/6""","=""234/7""","=""237/8""","=""247/8""","=""269/9"""
Match 710,South Africa,Pakistan,"Iqbal Stadium, Faisalabad",2,2025-11-06,"=""2/0""","=""15/0""","=""16/0""","=""23/0""","=""28/0""","=""30/0""","=""40/0""","=""48/0""","=""52/0""","=""65/0""","=""74/0""","=""81/1""","=""89/1""","=""90/1""","=""95/1""","=""98/1""","=""110/1""","=""112/1""","=""116/1""","=""125/1""","=""136/1""","=""139/1""","=""156/1""","=""158/1""","=""171/1""","=""183/1""","=""192/1""","=""196/1""","=""206/1""","=""213/1""","=""215/1""","=""224/1""","=""228/1""","=""233/1""","=""236/2""","=""242/2""","=""244/2""","=""250/2""","=""259/2""","=""269/2""","=""270/2""",N/A,N/A,N/A,N/A,N/A,N/A,N/A,N/A,N/A
Match 711,South Africa,Pakistan,"Iqbal Stadium, Faisalabad",1,2025-11-08,"=""5/0""","=""6/0""","=""7/0""","=""10/0""","=""19/0""","=""24/0""","=""36/0""","=""40/0""","=""43/0""","=""47/0""","=""49/0""","=""53/0""","=""62/0""","=""71/0""","=""72/1""","=""78/1""","=""85/1""","=""86/1""","=""87/2""","=""89/2""","=""92/2""","=""95/2""","=""98/2""","=""102/2""","=""109/3""","=""110/4""","=""113/4""","=""118/6""","=""122/7""","=""122/7""","=""123/7""","=""127/7""","=""129/7""","=""130/8""","=""135/8""","=""139/8""","=""142/8""","=""143/10""",N/A,N/A,N/A,N/A,N/A,N/A,N/A,N/A,N/A,N/A,N/A,N/A
Match 712,Pakistan,South Africa,"Iqbal Stadium, Faisalabad",2,2025-11-08,"=""0/1""","=""0/1""","=""5/1""","=""14/1""","=""21/1""","=""29/1""","=""36/1""","=""50/1""","=""55/1""","=""59/1""","=""65/2""","=""70/2""","=""73/2""","=""85/2""","=""90/2""","=""92/2""","=""95/2""","=""101/2""","=""105/2""","=""111/2""","=""113/2""","=""120/2""","=""124/2""","=""132/3""","=""140/3""","=""144/3""",N/A,N/A,N/A,N/A,N/A,N/A,N/A,N/A,N/A,N/A,N/A,N/A,N/A,N/A,N/A,N/A,N/A,N/A,N/A,N/A,N/A,N/A,N/A,N/A
Match 713,Pakistan,Sri Lanka,Rawalpindi Cricket Stadium,1,2025-11-11,"=""1/0""","=""5/0""","=""11/0""","=""14/0""","=""14/1""","=""14/1""","=""14/1""","=""18/1""","=""24/1""","=""28/1""","=""31/1""","=""38/1""","=""42/1""","=""46/1""","=""49/1""","=""50/1""","=""60/1""","=""68/2""","=""72/2""","=""77/3""","=""85/3""","=""92/3""","=""94/3""","=""95/4""","=""96/4""","=""102/4""","=""104/4""","=""111/4""","=""116/4""","=""119/4""","=""132/4""","=""137/4""","=""144/4""","=""151/4""","=""152/4""","=""162/4""","=""172/4""","=""180/4""","=""190/4""","=""195/4""","=""207/4""","=""221/4""","=""232/4""","=""240/5""","=""246/5""","=""252/5""","=""257/5""","=""277/5""","=""289/5""","=""299/5"""
Match 714,Sri Lanka,Pakistan,Rawalpindi Cricket Stadium,2,2025-11-11,"=""5/0""","=""16/0""","=""23/0""","=""36/0""","=""43/0""","=""46/0""","=""50/0""","=""55/0""","=""63/0""","=""75/0""","=""78/0""","=""85/2""","=""89/2""","=""92/3""","=""98/3""","=""100/3""","=""102/3""","=""105/3""","=""110/3""","=""117/3""","=""121/3""","=""123/3""","=""126/3""","=""129/3""","=""134/3""","=""142/3""","=""157/4""","=""166/4""","=""167/4""","=""179/4""","=""180/4""","=""183/5""","=""191/6""","=""197/6""","=""197/6""","=""205/6""","=""209/6""","=""210/7""","=""217/7""","=""222/7""","=""225/7""","=""234/7""","=""243/7""","=""247/7""","=""250/8""","=""256/8""","=""269/8""","=""277/8""","=""279/9""","=""293/9"""
Match 715,Sri Lanka,Pakistan,Rawalpindi Cricket Stadium,1,2025-11-14,"=""5/0""","=""15/0""","=""16/0""","=""22/0""","=""29/0""","=""39/0""","=""41/0""","=""46/0""","=""48/0""","=""51/1""","=""52/1""","=""57/1""","=""62/1""","=""64/2""","=""71/2""","=""73/2""","=""81/2""","=""84/2""","=""90/2""","=""92/3""","=""94/3""","=""99/4""","=""100/4""","=""108/4""","=""117/4""","=""121/4""","=""127/4""","=""128/4""","=""138/4""","=""146/4""","=""156/4""","=""160/5""","=""166/5""","=""177/5""","=""179/5""","=""187/5""","=""196/5""","=""200/5""","=""206/5""","=""213/5""","=""227/5""","=""231/5""","=""233/6""","=""241/7""","=""248/8""","=""254/8""","=""258/8""","=""267/8""","=""270/8""","=""288/8"""
Match 716,Pakistan,Sri Lanka,Rawalpindi Cricket Stadium,2,2025-11-14,"=""6/0""","=""19/0""","=""27/0""","=""33/0""","=""49/0""","=""54/0""","=""65/0""","=""73/0""","=""76/0""","=""77/1""","=""81/1""","=""84/1""","=""85/1""","=""92/1""","=""96/1""","=""104/1""","=""106/1""","=""111/1""","=""116/1""","=""124/1""","=""129/1""","=""131/1""","=""135/1""","=""143/1""","=""146/1""","=""150/1""","=""151/1""","=""154/1""","=""164/1""","=""170/1""","=""177/2""","=""182/2""","=""190/2""","=""194/2""","=""197/2""","=""209/2""","=""212/2""","=""220/2""","=""227/2""","=""235/2""","=""247/2""","=""253/2""","=""258/2""","=""259/2""","=""268/2""","=""276/2""","=""283/2""","=""287/2""","=""289/2""",N/A
Match 717,Sri Lanka,Pakistan,Rawalpindi Cricket Stadium,1,2025-11-16,"=""7/0""","=""8/0""","=""18/0""","=""29/0""","=""35/0""","=""40/0""","=""48/0""","=""55/0""","=""55/1""","=""57/1""","=""66/1""","=""71/2""","=""72/2""","=""78/2""","=""78/2""","=""83/2""","=""90/2""","=""92/2""","=""95/2""","=""99/2""","=""101/2""","=""105/2""","=""108/2""","=""112/2""","=""117/3""","=""123/4""","=""129/4""","=""131/4""","=""136/4""","=""140/4""","=""144/5""","=""146/5""","=""149/5""","=""154/5""","=""165/5""","=""167/6""","=""171/6""","=""179/6""","=""181/7""","=""185/7""","=""191/7""","=""197/8""","=""198/8""","=""203/8""","=""210/9""","=""211/10""",N/A,N/A,N/A,N/A
Match 718,Pakistan,Sri Lanka,Rawalpindi Cricket Stadium,2,2025-11-16,"=""3/0""","=""4/0""","=""8/0""","=""8/1""","=""13/1""","=""23/1""","=""33/1""","=""39/1""","=""41/1""","=""46/1""","=""53/1""","=""63/1""","=""66/1""","=""74/1""","=""78/1""","=""84/2""","=""87/2""","=""90/2""","=""97/2""","=""100/2""","=""102/3""","=""103/3""","=""107/3""","=""114/3""","=""115/4""","=""124/4""","=""127/4""","=""132/4""","=""132/4""","=""134/4""","=""139/4""","=""141/4""","=""144/4""","=""151/4""","=""153/4""","=""158/4""","=""167/4""","=""175/4""","=""179/4""","=""185/4""","=""187/4""","=""194/4""","=""197/4""","=""209/4""","=""215/4""",N/A,N/A,N/A,N/A,N/A
Match 719,Bangladesh,West Indies,"Shere Bangla National Stadium, Mirpur",1,2025-10-18,"=""7/0""","=""8/1""","=""12/2""","=""13/2""","=""25/2""","=""26/2""","=""26/2""","=""26/2""","=""28/2""","=""33/2""","=""37/2""","=""38/2""","=""42/2""","=""43/2""","=""46/2""","=""49/2""","=""56/2""","=""61/2""","=""64/2""","=""66/2""","=""68/2""","=""79/2""","=""81/3""","=""83/3""","=""84/3""","=""87/3""","=""87/3""","=""91/3""","=""94/3""","=""100/3""","=""103/3""","=""106/3""","=""110/3""","=""113/3""","=""116/4""","=""123/4""","=""124/4""","=""128/4""","=""139/4""","=""140/4""","=""141/4""","=""152/4""","=""155/4""","=""159/5""","=""164/5""","=""168/6""","=""177/6""","=""190/7""","=""198/9""","=""207/10"""
Match 720,West Indies,Bangladesh,"Shere Bangla National Stadium, Mirpur",2,2025-10-18,"=""0/0""","=""0/0""","=""10/0""","=""28/0""","=""33/0""","=""37/0""","=""37/0""","=""40/0""","=""42/0""","=""45/0""","=""49/0""","=""51/1""","=""59/1""","=""66/1""","=""68/1""","=""74/1""","=""75/1""","=""76/1""","=""78/1""","=""79/2""","=""82/2""","=""85/4""","=""87/4""","=""92/5""","=""95/5""","=""98/5""","=""98/5""","=""100/5""","=""101/6""","=""108/6""","=""110/6""","=""115/6""","=""118/6""","=""121/7""","=""122/8""","=""122/8""","=""127/9""","=""129/9""","=""133/10""",N/A,N/A,N/A,N/A,N/A,N/A,N/A,N/A,N/A,N/A,N/A
Match 721,Bangladesh,West Indies,"Shere Bangla National Stadium, Mirpur",1,2025-10-21,"=""2/0""","=""11/0""","=""12/0""","=""16/0""","=""22/1""","=""22/1""","=""22/1""","=""31/1""","=""36/1""","=""40/1""","=""43/2""","=""49/2""","=""53/2""","=""53/2""","=""58/2""","=""60/2""","=""68/2""","=""68/3""","=""73/3""","=""74/3""","=""81/3""","=""81/3""","=""85/3""","=""86/3""","=""88/3""","=""89/3""","=""94/3""","=""96/4""","=""97/4""","=""103/4""","=""104/5""","=""104/5""","=""108/5""","=""109/5""","=""113/5""","=""115/5""","=""117/5""","=""120/5""","=""128/6""","=""131/6""","=""142/6""","=""146/6""","=""147/6""","=""154/6""","=""160/6""","=""163/7""","=""172/7""","=""179/7""","=""197/7""","=""213/7"""
Match 722,West Indies,Bangladesh,"Shere Bangla National Stadium, Mirpur",2,2025-10-21,"=""5/1""","=""7/1""","=""9/1""","=""10/1""","=""11/1""","=""22/1""","=""26/1""","=""27/1""","=""32/1""","=""34/1""","=""37/1""","=""41/1""","=""47/1""","=""53/2""","=""62/2""","=""67/2""","=""71/2""","=""72/2""","=""74/2""","=""78/2""","=""81/2""","=""88/3""","=""90/4""","=""94/4""","=""96/4""","=""103/4""","=""108/5""","=""114/5""","=""115/5""","=""115/5""","=""124/5""","=""128/5""","=""129/6""","=""133/7""","=""134/7""","=""136/7""","=""139/7""","=""144/7""","=""146/7""","=""150/7""","=""157/7""","=""165/7""","=""169/7""","=""175/7""","=""177/8""","=""180/8""","=""189/8""","=""200/8""","=""209/8""","=""213/9"""
Match 723,Bangladesh,West Indies,"Shere Bangla National Stadium, Mirpur",1,2025-10-23,"=""8/0""","=""8/0""","=""14/0""","=""21/0""","=""29/0""","=""38/0""","=""43/0""","=""60/0""","=""65/0""","=""74/0""","=""79/0""","=""89/0""","=""90/0""","=""94/0""","=""95/0""","=""109/0""","=""118/0""","=""123/0""","=""126/0""","=""139/0""","=""145/0""","=""156/0""","=""160/0""","=""163/0""","=""176/0""","=""177/1""","=""177/1""","=""181/1""","=""184/2""","=""194/2""","=""198/2""","=""201/2""","=""203/2""","=""207/2""","=""210/2""","=""211/2""","=""219/2""","=""222/2""","=""226/2""","=""231/3""","=""238/3""","=""247/3""","=""252/3""","=""254/4""","=""259/4""","=""261/7""","=""272/7""","=""275/7""","=""290/7""","=""296/8"""
Match 724,West Indies,Bangladesh,"Shere Bangla National Stadium, Mirpur",2,2025-10-23,"=""1/0""","=""4/0""","=""7/0""","=""15/0""","=""16/1""","=""27/1""","=""29/2""","=""31/2""","=""35/3""","=""39/3""","=""39/3""","=""41/3""","=""46/3""","=""47/4""","=""53/4""","=""54/4""","=""61/4""","=""63/4""","=""64/6""","=""65/6""","=""67/6""","=""68/7""","=""73/7""","=""77/7""","=""78/7""","=""84/8""","=""91/8""","=""94/8""","=""97/9""","=""117/9""","=""117/10""",N/A,N/A,N/A,N/A,N/A,N/A,N/A,N/A,N/A,N/A,N/A,N/A,N/A,N/A,N/A,N/A,N/A,N/A,N/A
Match 725,Sri Lanka,England,"R Premadasa Stadium, Colombo",1,2026-01-22,"=""7/0""","=""12/0""","=""20/0""","=""25/0""","=""26/0""","=""29/0""","=""37/0""","=""39/0""","=""43/0""","=""49/0""","=""50/1""","=""51/1""","=""53/1""","=""55/2""","=""65/2""","=""71/2""","=""82/2""","=""89/2""","=""90/2""","=""97/2""","=""97/2""","=""98/3""","=""102/3""","=""108/3""","=""111/3""","=""121/3""","=""129/4""","=""130/4""","=""140/4""","=""143/4""","=""145/4""","=""147/4""","=""153/4""","=""156/4""","=""158/4""","=""169/4""","=""175/4""","=""185/4""","=""190/4""","=""191/4""","=""197/4""","=""205/4""","=""213/5""","=""219/5""","=""223/5""","=""229/5""","=""239/5""","=""241/6""","=""248/6""","=""271/6"""
Match 726,England,Sri Lanka,"R Premadasa Stadium, Colombo",2,2026-01-22,"=""0/0""","=""7/0""","=""14/1""","=""15/1""","=""19/1""","=""25/1""","=""26/1""","=""28/1""","=""38/1""","=""41/1""","=""44/1""","=""50/1""","=""56/1""","=""59/1""","=""61/1""","=""71/1""","=""74/1""","=""80/1""","=""88/1""","=""90/1""","=""95/1""","=""97/1""","=""102/1""","=""103/1""","=""111/1""","=""120/1""","=""129/1""","=""130/2""","=""133/2""","=""135/2""","=""139/2""","=""144/2""","=""145/3""","=""146/3""","=""151/3""","=""154/3""","=""158/4""","=""160/5""","=""163/5""","=""168/6""","=""170/6""","=""182/6""","=""184/6""","=""200/6""","=""203/7""","=""213/9""","=""227/9""","=""238/9""","=""252/9""","=""252/10"""
Match 727,Sri Lanka,England,"R Premadasa Stadium, Colombo",1,2026-01-24,"=""5/0""","=""7/0""","=""7/0""","=""12/0""","=""17/1""","=""18/1""","=""18/1""","=""26/1""","=""29/1""","=""36/1""","=""40/1""","=""45/1""","=""49/1""","=""57/1""","=""60/2""","=""66/2""","=""68/2""","=""72/3""","=""76/3""","=""80/3""","=""84/3""","=""88/3""","=""91/3""","=""95/3""","=""99/3""","=""102/3""","=""105/3""","=""112/3""","=""118/3""","=""119/3""","=""121/3""","=""132/3""","=""138/4""","=""147/4""","=""150/4""","=""155/5""","=""157/5""","=""163/5""","=""169/5""","=""173/5""","=""178/5""","=""181/6""","=""182/6""","=""186/6""","=""193/7""","=""196/7""","=""205/7""","=""212/7""","=""218/8""","=""219/10"""
Match 728,England,Sri Lanka,"R Premadasa Stadium, Colombo",2,2026-01-24,"=""1/0""","=""3/0""","=""8/0""","=""13/0""","=""18/0""","=""25/1""","=""31/1""","=""39/1""","=""47/1""","=""52/1""","=""60/1""","=""63/1""","=""69/1""","=""73/1""","=""79/1""","=""83/1""","=""89/2""","=""90/2""","=""95/2""","=""101/3""","=""102/3""","=""104/3""","=""111/3""","=""112/3""","=""114/3""","=""121/3""","=""124/3""","=""131/3""","=""135/3""","=""140/3""","=""141/3""","=""146/3""","=""148/3""","=""150/3""","=""154/3""","=""159/3""","=""163/3""","=""164/3""","=""172/3""","=""178/3""","=""182/4""","=""186/4""","=""191/5""","=""200/5""","=""205/5""","=""217/5""","=""223/5""",N/A,N/A,N/A
Match 729,England,Sri Lanka,"R Premadasa Stadium, Colombo",1,2026-01-27,"=""4/0""","=""8/0""","=""11/0""","=""14/0""","=""17/0""","=""17/0""","=""20/1""","=""21/1""","=""37/1""","=""40/1""","=""45/2""","=""47/2""","=""52/2""","=""57/2""","=""62/2""","=""65/2""","=""67/2""","=""69/2""","=""73/2""","=""77/2""","=""83/2""","=""88/2""","=""92/2""","=""102/2""","=""111/2""","=""118/2""","=""125/2""","=""128/2""","=""138/2""","=""154/2""","=""166/2""","=""170/3""","=""173/3""","=""181/3""","=""186/3""","=""198/3""","=""204/3""","=""208/3""","=""218/3""","=""227/3""","=""231/3""","=""233/3""","=""246/3""","=""256/3""","=""269/3""","=""285/3""","=""299/3""","=""317/3""","=""339/3""","=""357/3"""
Match 730,Sri Lanka,England,"R Premadasa Stadium, Colombo",2,2026-01-27,"=""11/0""","=""12/0""","=""24/0""","=""38/0""","=""48/0""","=""58/1""","=""70/1""","=""85/2""","=""94/2""","=""104/3""","=""112/3""","=""117/3""","=""121/3""","=""124/3""","=""131/4""","=""133/4""","=""136/4""","=""140/4""","=""144/4""","=""148/4""","=""155/4""","=""156/4""","=""162/4""","=""168/4""","=""171/4""","=""174/5""","=""177/5""","=""185/5""","=""193/5""","=""198/5""","=""202/5""","=""205/6""","=""209/6""","=""216/6""","=""225/6""","=""230/6""","=""236/6""","=""246/6""","=""249/6""","=""252/7""","=""263/7""","=""271/8""","=""275/8""","=""283/8""","=""297/8""","=""298/9""","=""304/10""",N/A,N/A,N/A
Match 731,Pakistan,Bangladesh,"Shere Bangla National Stadium, Mirpur",1,2026-03-11,"=""1/0""","=""4/0""","=""13/0""","=""18/0""","=""19/0""","=""24/0""","=""25/0""","=""30/0""","=""35/0""","=""41/1""","=""46/1""","=""51/2""","=""52/2""","=""55/3""","=""60/3""","=""64/4""","=""65/4""","=""69/5""","=""70/6""","=""71/6""","=""72/6""","=""77/6""","=""81/8""","=""82/9""","=""91/9""","=""102/9""","=""103/9""","=""108/9""","=""109/9""","=""114/9""","=""114/10""",N/A,N/A,N/A,N/A,N/A,N/A,N/A,N/A,N/A,N/A,N/A,N/A,N/A,N/A,N/A,N/A,N/A,N/A,N/A
Match 732,Bangladesh,Pakistan,"Shere Bangla National Stadium, Mirpur",2,2026-03-11,"=""10/0""","=""25/0""","=""31/1""","=""37/1""","=""37/1""","=""47/1""","=""59/1""","=""71/1""","=""78/1""","=""81/1""","=""83/1""","=""92/1""","=""103/1""","=""110/2""","=""114/2""","=""115/2""",N/A,N/A,N/A,N/A,N/A,N/A,N/A,N/A,N/A,N/A,N/A,N/A,N/A,N/A,N/A,N/A,N/A,N/A,N/A,N/A,N/A,N/A,N/A,N/A,N/A,N/A,N/A,N/A,N/A,N/A,N/A,N/A,N/A,N/A
Match 733,Pakistan,Bangladesh,"Shere Bangla National Stadium, Mirpur",1,2026-03-13,"=""4/0""","=""14/0""","=""30/0""","=""35/0""","=""45/0""","=""49/0""","=""51/0""","=""58/0""","=""78/0""","=""85/0""","=""93/0""","=""99/0""","=""103/1""","=""107/1""","=""111/1""","=""116/1""","=""118/1""","=""121/2""","=""121/2""","=""123/3""","=""127/3""","=""131/3""","=""132/3""","=""139/3""","=""147/3""","=""149/3""","=""155/3""","=""163/3""","=""163/3""","=""169/3""","=""177/3""","=""182/3""","=""193/3""","=""202/3""","=""205/3""","=""211/3""","=""215/3""","=""230/3""","=""231/5""","=""235/5""","=""245/5""","=""252/5""","=""259/7""","=""260/7""","=""262/7""","=""266/8""","=""273/9""","=""274/10""",N/A,N/A
Match 734,Bangladesh,Pakistan,"Shere Bangla National Stadium, Mirpur",2,2026-03-13,"=""1/0""","=""8/0""","=""13/1""","=""14/2""","=""15/3""","=""25/3""","=""28/3""","=""35/3""","=""47/3""","=""60/3""","=""62/3""","=""67/3""","=""74/4""","=""78/4""","=""87/4""","=""94/4""","=""96/5""","=""98/6""","=""101/7""","=""104/8""","=""108/8""","=""111/9""","=""114/9""","=""114/10""",N/A,N/A,N/A,N/A,N/A,N/A,N/A,N/A,N/A,N/A,N/A,N/A,N/A,N/A,N/A,N/A,N/A,N/A,N/A,N/A,N/A,N/A,N/A,N/A,N/A,N/A
Match 735,Bangladesh,Pakistan,"Shere Bangla National Stadium, Mirpur",1,2026-03-15,"=""2/0""","=""12/0""","=""18/0""","=""22/0""","=""29/0""","=""38/0""","=""40/0""","=""41/0""","=""49/0""","=""50/0""","=""61/0""","=""76/0""","=""77/0""","=""81/0""","=""84/0""","=""87/0""","=""96/0""","=""105/0""","=""109/1""","=""119/1""","=""123/1""","=""129/1""","=""131/1""","=""133/1""","=""138/1""","=""141/1""","=""147/1""","=""153/1""","=""158/1""","=""160/2""","=""164/2""","=""168/2""","=""177/2""","=""179/2""","=""185/2""","=""194/2""","=""197/3""","=""205/3""","=""211/3""","=""213/3""","=""218/3""","=""227/3""","=""231/3""","=""243/3""","=""251/3""","=""260/3""","=""264/5""","=""277/5""","=""282/5""","=""290/5"""
Match 736,Pakistan,Bangladesh,"Shere Bangla National Stadium, Mirpur",2,2026-03-15,"=""6/1""","=""16/2""","=""17/3""","=""27/3""","=""35/3""","=""37/3""","=""37/3""","=""41/3""","=""42/3""","=""43/3""","=""46/3""","=""58/3""","=""63/3""","=""67/4""","=""68/4""","=""70/4""","=""78/4""","=""83/5""","=""92/5""","=""99/5""","=""103/5""","=""110/5""","=""112/5""","=""120/5""","=""123/5""","=""131/5""","=""132/5""","=""139/5""","=""142/5""","=""152/5""","=""160/5""","=""163/6""","=""166/6""","=""173/6""","=""174/6""","=""184/6""","=""189/6""","=""202/6""","=""206/6""","=""211/7""","=""221/7""","=""228/7""","=""231/7""","=""237/7""","=""246/7""","=""252/7""","=""258/7""","=""263/8""","=""277/9""","=""279/10"""
